id_lead,data_cadastro,interagiu_chatbot,ai_lead_score,status_assinatura
L-7389,2025-04-16,Sim,Frio,Trial
L-5166,2025-03-16,Nao,Frio,Ativo
L-2864,2025-04-24,,Frio,Cancelado
L-8583,2025-06-27,Nao,Morno,Ativo
L-8961,2025-06-17,Nao,Frio,Cancelado
L-2567,2025-06-14,Sim,Quente,Trial
L-2858,2025-01-19,Nao,Frio,Trial
L-6192,2025-02-08,Sim,Quente,Ativo
L-7930,2025-04-27,Nao,Frio,Cancelado
L-2874,2025-05-25,Nao,Morno,Cancelado
L-7363,2025-05-19,,Frio,Trial
L-9460,2025-02-10,Nao,Frio,Trial
L-2848,2025-07-16,,Quente,Ativo
L-6270,2025-01-05,,Quente,Ativo
L-8473,2025-08-17,Sim,Quente,Cancelado
L-3675,2025-12-27,Nao,Morno,Cancelado
L-8713,2025-05-13,Nao,Morno,Trial
L-8166,2025-07-03,,Frio,Trial
L-9689,2025-03-28,Nao,Morno,Ativo
L-9799,2025-12-03,Nao,Frio,Ativo
L-9304,2025-04-04,Sim,Morno,Cancelado
L-9373,2026-01-23,Sim,Frio,Trial
L-9423,2025-03-30,Sim,Quente,Trial
L-2763,2025-11-08,Nao,Morno,Trial
L-4670,2025-12-11,Nao,Frio,Trial
L-3002,2025-07-21,Sim,Quente,Inativo
L-4795,2025-10-18,Nao,Morno,Cancelado
L-9712,2025-04-19,Sim,Quente,Ativo
L-8038,2025-10-25,Sim,Quente,Trial
L-5363,2025-07-07,Nao,Frio,Ativo
L-1736,2025-02-16,Sim,Morno,Ativo
L-9482,2025-02-11,Nao,Morno,Trial
L-4423,2025-07-28,Nao,Morno,Ativo
L-7010,2025-06-01,Sim,Quente,Ativo
L-8638,2025-09-10,Sim,Quente,Ativo
L-2538,2025-12-27,Sim,Quente,Ativo
L-1867,2025-12-01,Nao,Morno,Trial
L-6368,2026-01-26,Nao,Frio,Cancelado
L-6811,2025-07-14,Sim,Quente,Ativo
L-6132,2025-02-24,,Frio,Trial
L-7721,2025-10-20,Sim,Quente,Ativo
L-2987,2025-06-20,Sim,Quente,Trial
L-3656,2025-01-19,Sim,Quente,Ativo
L-4528,2025-02-25,Nao,Frio,Ativo
L-8431,2025-11-18,Nao,Frio,Ativo
L-3425,2025-04-16,Nao,Morno,Trial
L-4930,2025-03-21,Sim,Quente,Trial
L-6468,2025-09-07,Sim,Quente,Cancelado
L-2151,2025-11-12,Nao,Quente,Ativo
L-1548,2026-01-08,Nao,Morno,Ativo
L-4793,2025-06-25,Sim,Quente,Trial
L-6519,2026-01-23,Nao,Frio,Ativo
L-2921,2025-08-06,Nao,Frio,Inativo
L-1778,1900-01-01,Nao,Morno,Ativo
L-6897,2026-01-15,Nao,Quente,Ativo
L-8948,2025-07-21,Sim,Quente,Trial
L-8983,2025-03-10,Nao,Morno,Cancelado
L-8059,2025-08-24,Nao,Frio,Inativo
L-2207,2025-10-06,Nao,Quente,Inativo
L-1330,2025-06-15,Sim,Quente,Ativo
L-9138,2025-02-25,,Frio,Trial
L-5458,2025-03-14,Nao,Frio,Ativo
L-6871,2025-04-12,,Frio,Cancelado
L-6218,2026-01-25,Sim,Quente,Ativo
L-9478,2025-02-25,Nao,Frio,Trial
L-9812,2026-01-08,Sim,Morno,Inativo
L-5317,2025-04-25,Nao,Morno,Inativo
L-4826,2025-05-07,Sim,Quente,Ativo
L-1206,2025-09-03,Sim,Quente,Trial
L-6683,2025-03-31,Sim,Quente,Ativo
L-6367,2025-11-20,Sim,Quente,Cancelado
L-8578,2025-06-24,Nao,Frio,Cancelado
L-5363,2026-02-01,Sim,Morno,Ativo
L-7571,2025-02-10,Sim,Morno,Cancelado
L-8803,2025-04-23,Sim,Frio,Trial
L-8249,2026-01-22,,Frio,Ativo
L-7477,2025-05-31,Nao,Morno,Inativo
L-8795,2025-07-22,Nao,Frio,Trial
L-7723,2025-03-03,Sim,Quente,Ativo
L-4927,2025-09-15,Nao,Frio,Cancelado
L-9001,2025-09-10,Sim,Quente,Ativo
L-2154,2025-09-22,Nao,Morno,Ativo
L-8081,2025-12-10,Nao,Quente,Inativo
L-2467,2025-01-06,Sim,Quente,Ativo
L-7781,2025-07-24,Nao,Frio,Ativo
L-1110,2025-12-02,Nao,Frio,Cancelado
L-9296,2025-03-12,Nao,Morno,Ativo
L-4823,2025-12-07,Nao,Frio,Cancelado
L-6989,2025-09-03,Sim,Quente,Ativo
L-9117,2025-06-02,Nao,Morno,Inativo
L-4969,2025-11-29,Sim,Morno,Trial
L-1113,2025-11-20,Sim,Quente,Cancelado
L-5339,2025-05-13,Nao,Frio,Ativo
L-4962,2025-06-25,Sim,Quente,Cancelado
L-8319,2025-01-20,Sim,Frio,Ativo
L-9988,2025-10-03,Sim,Quente,Ativo
L-2824,2025-06-03,Nao,Frio,Inativo
L-2878,2025-08-31,Nao,Frio,Cancelado
L-4518,2025-06-10,Sim,Quente,Cancelado
L-2522,2025-06-21,Sim,Quente,Trial
L-2938,2025-10-24,Nao,Morno,Trial
L-4679,2026-01-15,Sim,Quente,Ativo
L-8302,2025-08-01,Nao,Quente,Trial
L-4861,2025-01-30,Sim,Morno,Cancelado
L-1603,2025-12-13,Sim,Morno,Ativo
L-4493,2025-12-21,Sim,Quente,Trial
L-7266,2025-07-05,Nao,Morno,Inativo
L-5332,2025-05-10,Nao,Frio,Cancelado
L-4623,2025-09-18,Sim,Frio,Ativo
L-9103,2025-11-10,Nao,Morno,Cancelado
L-3499,2025-05-31,Sim,Quente,Trial
L-3935,2025-05-30,Sim,Morno,Trial
L-4336,2025-08-15,Nao,Frio,Trial
L-7124,2025-08-02,Nao,Morno,Trial
L-2098,2025-04-09,Sim,Frio,Ativo
L-4337,2025-05-24,Sim,Frio,Trial
L-4592,2025-05-14,Sim,Morno,Ativo
L-5715,2025-10-24,,Frio,Trial
L-9807,2025-07-19,Nao,Quente,Cancelado
L-7283,2025-03-10,Nao,Morno,Ativo
L-2714,2025-05-30,Sim,Quente,Trial
L-8356,2025-08-15,Nao,Quente,Trial
L-3881,2025-07-01,Nao,Morno,Cancelado
L-5681,2025-02-20,Nao,Quente,Ativo
L-6401,2025-02-19,Nao,Quente,Ativo
L-7216,2025-09-22,,Morno,Trial
L-4578,2025-05-07,Nao,Frio,Ativo
L-5338,2025-02-06,Nao,Frio,Inativo
L-4808,2025-12-04,Sim,Morno,Ativo
L-6505,2025-02-22,Nao,Morno,Inativo
L-4493,2025-08-17,Sim,Quente,Ativo
L-5864,2025-07-03,Nao,Frio,Cancelado
L-7812,2025-11-05,Sim,Quente,Ativo
L-3463,2025-08-23,,Morno,Trial
L-6682,2025-10-16,,Frio,Ativo
L-2493,2025-11-04,Nao,Morno,Ativo
L-8480,2025-01-20,Nao,Morno,Ativo
L-2892,2025-03-26,Nao,Morno,Cancelado
L-5073,2025-03-26,,Frio,Ativo
L-1215,2025-08-12,Sim,Quente,Cancelado
L-1003,2025-01-03,Nao,Frio,Ativo
L-9877,2025-05-19,Nao,Frio,Inativo
L-1284,2025-05-27,Sim,Quente,Ativo
L-3657,2025-07-12,Nao,Frio,Trial
L-5660,2025-08-31,Nao,Frio,Ativo
L-3050,2025-03-11,Sim,Quente,Ativo
L-6349,2025-05-21,,Morno,Ativo
L-5142,2025-04-19,Sim,Quente,Ativo
L-7147,2025-01-18,Nao,Frio,Ativo
L-2586,2025-10-01,Nao,Frio,Ativo
L-8852,2025-03-26,Nao,Morno,Ativo
L-1982,2025-01-17,,Morno,Trial
L-2654,2026-01-30,Sim,Morno,Trial
L-4406,2025-07-21,Nao,Frio,Ativo
L-6729,2025-01-19,Sim,Quente,Cancelado
L-1795,2025-12-03,Sim,Morno,Ativo
L-5130,2025-05-03,Sim,Quente,Ativo
L-5791,2025-10-22,Nao,Frio,Inativo
L-6631,2025-02-15,Nao,Frio,Ativo
L-8032,2025-10-02,Sim,Quente,Ativo
L-5512,2025-08-05,Sim,Frio,Cancelado
L-4793,2025-05-07,Sim,Morno,Ativo
L-5369,2025-12-15,Sim,Quente,Ativo
L-3345,2025-04-02,Nao,Frio,Inativo
L-6815,2025-07-08,Nao,Frio,Trial
L-9818,2025-11-04,Nao,Morno,Trial
L-8415,2025-01-10,Sim,Quente,Trial
L-6450,2025-11-14,Sim,Morno,Cancelado
L-3434,2025-04-23,Nao,Morno,Inativo
L-7926,2025-12-21,Nao,Morno,Inativo
L-8811,2025-06-10,Nao,Frio,Ativo
L-7389,2025-01-17,,Frio,Trial
L-2510,2025-03-23,Nao,Morno,Trial
L-2484,2026-01-26,Sim,Quente,Ativo
L-8048,2025-07-28,Nao,Morno,Ativo
L-4293,2025-09-24,Nao,Morno,Trial
L-3080,2025-09-02,Sim,Quente,Ativo
L-4115,2025-02-16,,Frio,Ativo
L-4628,2025-07-22,Nao,Frio,Inativo
L-6647,2025-09-03,,Frio,Ativo
L-7111,2025-06-15,,Frio,Trial
L-5870,2025-09-07,Nao,Frio,Ativo
L-9885,2025-07-31,Nao,Frio,Trial
L-9358,2026-02-01,Nao,Morno,Inativo
L-3620,2025-04-14,Sim,Morno,Trial
L-8257,2025-11-25,Sim,Quente,Ativo
L-8573,2025-06-29,Sim,Morno,Ativo
L-7177,2025-08-08,Nao,Morno,Cancelado
L-8904,2025-03-09,Nao,Morno,Ativo
L-4734,2025-09-06,Sim,Morno,Ativo
L-3958,2025-08-16,Nao,Frio,Ativo
L-6294,2025-09-09,Sim,Morno,Ativo
L-8486,2025-09-22,Nao,Morno,Trial
L-6494,2025-06-26,Nao,Frio,Ativo
L-7794,2025-10-22,Nao,Morno,Cancelado
L-4362,2025-01-08,Sim,Quente,Trial
L-6353,2025-08-10,Sim,Morno,Cancelado
L-8976,2025-12-08,Nao,Morno,Cancelado
L-6496,2025-05-01,Sim,Morno,Inativo
L-7488,2025-05-14,Nao,Morno,Cancelado
L-2020,2026-01-26,Nao,Frio,Trial
L-3622,2025-01-06,Nao,Morno,Ativo
L-8486,2026-01-15,Nao,Quente,Ativo
L-2602,2025-12-21,Nao,Morno,Cancelado
L-6294,2025-02-02,,Morno,Ativo
L-7960,2025-07-10,Sim,Quente,Inativo
L-4755,2025-06-04,,Frio,Cancelado
L-1289,2025-01-17,Sim,Morno,Trial
L-2888,2025-09-13,Nao,Morno,Ativo
L-6274,2025-07-12,Nao,Frio,Trial
L-5805,2025-11-04,Nao,Morno,Ativo
L-4234,2025-08-26,Nao,Morno,Ativo
L-9584,2025-08-25,Sim,Quente,Ativo
L-2294,2025-03-27,Sim,Morno,Trial
L-1317,2025-02-14,Sim,Quente,Cancelado
L-2688,2026-01-28,Nao,Morno,Ativo
L-9484,2025-05-17,Sim,Quente,Trial
L-3172,2025-01-07,Nao,Frio,Ativo
L-2174,2025-04-07,Sim,Quente,Ativo
L-5296,2025-10-16,Nao,Frio,Ativo
L-3984,2025-06-23,Nao,Frio,Ativo
L-2956,2025-02-12,Sim,Quente,Ativo
L-7647,2025-04-18,Sim,Quente,Ativo
L-5159,2025-05-17,Sim,Quente,Cancelado
L-5709,2025-05-18,Nao,Morno,Trial
L-6637,2025-12-31,Nao,Morno,Trial
L-7415,2025-11-04,Nao,Morno,Cancelado
L-3709,2025-05-12,Nao,Frio,Ativo
L-7033,2026-01-04,Sim,Morno,Trial
L-8744,2025-09-02,Nao,Frio,Trial
L-7388,2025-08-15,Sim,Quente,Ativo
L-6984,2025-12-23,Sim,Morno,Trial
L-7609,2025-05-16,,Frio,Ativo
L-4836,2025-08-21,Sim,Quente,Ativo
L-2384,2025-01-17,Nao,Frio,Ativo
L-4161,2025-10-28,Sim,Quente,Inativo
L-4902,2025-05-19,Sim,Morno,Cancelado
L-1930,2025-01-28,Sim,Quente,Cancelado
L-7402,2025-08-31,Nao,Quente,Trial
L-6965,2025-11-09,,Morno,Ativo
L-3139,2025-03-03,Nao,Quente,Trial
L-5899,2025-03-20,Nao,Frio,Inativo
L-3305,2025-11-15,Sim,Quente,Ativo
L-7517,2025-09-24,Nao,Morno,Cancelado
L-5582,2025-06-27,Sim,Quente,Ativo
L-4457,2025-12-25,Nao,Morno,Ativo
L-6917,2025-04-13,Nao,Quente,Inativo
L-7677,2025-08-14,,Frio,Cancelado
L-7833,2025-01-16,Sim,Frio,Ativo
L-1328,2025-02-18,Nao,Frio,Ativo
L-2403,2025-04-09,Sim,Morno,Ativo
L-4823,2025-10-27,Nao,Morno,Cancelado
L-5557,2025-07-09,Nao,Morno,Ativo
L-9619,2025-03-29,Sim,Morno,Cancelado
L-6773,2025-10-14,Nao,Frio,Cancelado
L-7803,2025-03-24,Nao,Frio,Ativo
L-4314,2025-08-09,Nao,Frio,Ativo
L-7097,2025-09-19,Sim,Quente,Trial
L-8415,2025-03-03,Nao,Morno,Trial
L-8690,2025-10-14,Nao,Morno,Ativo
L-4584,2025-01-08,Sim,Morno,Trial
L-2582,2025-10-22,Nao,Frio,Ativo
L-5859,2025-01-03,Sim,Frio,Inativo
L-9639,2025-04-06,Sim,Quente,Ativo
L-8706,2025-07-11,Sim,Quente,Trial
L-9934,2025-07-11,,Morno,Trial
L-6111,2025-05-15,,Quente,Ativo
L-9888,2025-06-04,Sim,Morno,Cancelado
L-8085,2025-06-09,Sim,Morno,Ativo
L-2453,2025-12-06,Nao,Morno,Cancelado
L-5338,2025-10-06,Nao,Morno,Trial
L-9261,2025-06-06,Nao,Morno,Inativo
L-1332,2025-11-30,Sim,Quente,Ativo
L-2884,2025-07-27,Nao,Morno,Inativo
L-2389,2025-04-09,,Frio,Ativo
L-9077,2025-01-07,Sim,Morno,Cancelado
L-6704,2025-05-24,Nao,Frio,Inativo
L-4425,2025-09-18,Sim,Quente,Cancelado
L-6227,2025-09-29,Sim,Quente,Trial
L-2464,2025-11-29,Nao,Frio,Ativo
L-8442,2025-09-20,Nao,Morno,Inativo
L-6769,2025-08-26,Nao,Frio,Cancelado
L-8388,2025-02-21,Nao,Morno,Ativo
L-4768,2025-03-24,Sim,Quente,Trial
L-6903,2025-02-05,Sim,Frio,Ativo
L-7658,2025-05-13,Sim,Quente,Ativo
L-1537,2025-05-12,Sim,Quente,Ativo
L-2939,2025-10-06,,Frio,Inativo
L-7554,2025-02-20,Sim,Morno,Ativo
L-5966,2025-10-04,Sim,Morno,Trial
L-4258,2025-06-15,,Morno,Ativo
L-3952,2025-12-17,Sim,Quente,Trial
L-1297,2025-09-28,Nao,Morno,Ativo
L-1359,2025-03-28,Nao,Morno,Inativo
L-2069,2025-01-13,Nao,Morno,Ativo
L-7352,2025-11-29,,Morno,Ativo
L-1547,2025-08-04,Sim,Quente,Ativo
L-5437,2025-02-10,Sim,Frio,Cancelado
L-6820,2025-09-21,Sim,Quente,Trial
L-9095,2025-11-27,Nao,Morno,Ativo
L-4604,2025-11-28,Nao,Frio,Trial
L-3282,2025-04-01,Nao,Frio,Ativo
L-8785,2025-04-02,Nao,Morno,Trial
L-2188,2025-12-18,,Morno,Ativo
L-8369,2025-10-14,Nao,Morno,Inativo
L-7538,2025-06-21,Nao,Frio,Ativo
L-1202,2025-03-27,Nao,Morno,Trial
L-3034,2025-06-30,Sim,Quente,Ativo
L-5561,2025-10-13,Sim,Quente,Ativo
L-7918,2025-12-10,Nao,Morno,Trial
L-2438,2025-03-18,Sim,Quente,Trial
L-5795,2025-09-09,,Morno,Ativo
L-3148,2025-05-09,Nao,Morno,Trial
L-5713,2025-12-24,Sim,Morno,Trial
L-5142,2025-03-04,Sim,Quente,Cancelado
L-1058,2025-12-15,Sim,Quente,Ativo
L-4631,2025-09-14,Nao,Morno,Inativo
L-4122,2026-01-20,Nao,Morno,Ativo
L-6500,2025-06-23,,Morno,Trial
L-4850,2025-03-19,Nao,Frio,Cancelado
L-8494,2025-05-05,Sim,Morno,Ativo
L-2686,2025-08-24,Nao,Frio,Cancelado
L-3310,2025-11-15,Nao,Quente,Cancelado
L-3506,2025-08-17,Nao,Frio,Cancelado
L-7388,2025-04-04,Nao,Quente,Ativo
L-2212,2025-07-12,Nao,Frio,Ativo
L-5406,2025-11-02,Nao,Morno,Cancelado
L-5020,2025-07-26,Sim,Quente,Inativo
L-9226,2025-08-09,,Frio,Ativo
L-2627,2025-05-04,Sim,Quente,Cancelado
L-4195,2025-08-12,Sim,Quente,Ativo
L-6040,2025-05-19,Sim,Morno,Trial
L-1720,2025-10-09,Sim,Frio,Ativo
L-5478,2025-08-11,Nao,Frio,Trial
L-7825,2025-08-27,Sim,Quente,Trial
L-5709,2025-07-04,Sim,Quente,Ativo
L-2079,2025-12-13,,Quente,Ativo
L-3008,1900-01-01,Sim,Morno,Ativo
L-2857,2025-02-07,Sim,Morno,Ativo
L-2527,2025-09-20,Nao,Frio,Inativo
L-8153,2025-07-27,Nao,Frio,Ativo
L-7959,2025-04-21,Nao,Frio,Inativo
L-7321,2025-06-13,Sim,Morno,Inativo
L-3106,2025-09-28,Sim,Frio,Cancelado
L-5859,2025-05-12,Nao,Quente,Trial
L-1594,2025-03-23,Nao,Morno,Trial
L-1010,2025-07-19,Nao,Frio,Inativo
L-6737,2025-01-17,Sim,Quente,Trial
L-8154,2025-12-31,Sim,Quente,Trial
L-4524,2025-04-08,Sim,Quente,Ativo
L-2095,2025-03-07,Nao,Frio,Trial
L-2822,2025-08-06,,Quente,Ativo
L-6945,2025-11-10,Nao,Frio,Ativo
L-7513,2025-03-15,Sim,Quente,Ativo
L-2916,2025-12-27,Sim,Morno,Trial
L-1030,2025-04-06,Sim,Morno,Ativo
L-1556,2025-07-29,Nao,Frio,Ativo
L-4913,2026-01-30,Nao,Morno,Cancelado
L-7032,2025-12-17,Nao,Frio,Cancelado
L-6850,2025-05-20,Nao,Morno,Cancelado
L-4060,2025-10-26,Nao,Frio,Ativo
L-3956,2025-03-22,Nao,Quente,Inativo
L-2456,2025-12-12,Sim,Quente,Ativo
L-8571,2025-01-26,Sim,Quente,Trial
L-1802,2025-11-11,Nao,Frio,Ativo
L-9686,2025-12-14,Nao,Morno,Trial
L-3455,2025-10-29,Sim,Morno,Cancelado
L-6534,2025-04-30,Nao,Frio,Trial
L-1354,2025-07-02,Nao,Morno,Trial
L-4356,2025-12-23,,Quente,Trial
L-1907,2025-12-18,Nao,Morno,Trial
L-7811,2025-04-21,Nao,Frio,Ativo
L-1220,2025-03-06,,Morno,Ativo
L-7572,2025-09-22,Nao,Frio,Cancelado
L-4250,2025-10-04,Nao,Morno,Trial
L-5865,2025-11-05,Sim,Quente,Trial
L-2954,2025-10-28,Nao,Morno,Ativo
L-2283,2025-07-05,Sim,Morno,Ativo
L-6985,2025-04-30,Nao,Morno,Trial
L-7957,2025-02-23,Nao,Quente,Inativo
L-3215,2025-05-25,Sim,Quente,Trial
L-4893,2026-01-19,Nao,Quente,Inativo
L-2154,2025-05-20,Nao,Frio,Trial
L-9754,2025-09-26,Nao,Morno,Cancelado
L-4992,2025-05-21,,Morno,Trial
L-8839,2025-02-15,Sim,Morno,Trial
L-2019,2025-06-20,Nao,Frio,Trial
L-7027,2025-08-09,Nao,Frio,Trial
L-2139,2025-07-27,Nao,Morno,Trial
L-5528,2025-04-30,Nao,Frio,Cancelado
L-3746,2025-04-29,Sim,Frio,Ativo
L-1605,2025-09-03,,Frio,Trial
L-5432,2025-12-06,Sim,Morno,Trial
L-1148,2025-04-28,Nao,Morno,Cancelado
L-1542,2025-03-16,Sim,Quente,Cancelado
L-8027,2025-09-17,Nao,Frio,Trial
L-1023,2025-09-24,Nao,Frio,Cancelado
L-2066,2025-06-16,Sim,Morno,Cancelado
L-8000,2025-08-11,Nao,Frio,Trial
L-7958,2025-09-04,Nao,Morno,Trial
L-9578,2026-01-23,Nao,Frio,Ativo
L-6405,2025-01-26,Nao,Morno,Ativo
L-3938,2025-05-20,Sim,Quente,Trial
L-6424,2025-03-17,Sim,Quente,Trial
L-5464,2025-01-05,,Frio,Ativo
L-7188,2025-06-12,Nao,Quente,Ativo
L-4270,2025-11-21,,Frio,Ativo
L-4967,2025-09-07,Sim,Morno,Trial
L-4985,2025-12-06,Sim,Quente,Ativo
L-1238,2025-02-27,Nao,Morno,Ativo
L-7215,2025-09-01,Nao,Morno,Trial
L-9605,2025-08-23,,Frio,Trial
L-7014,2025-12-14,Nao,Morno,Cancelado
L-9043,2025-06-09,Sim,Quente,Ativo
L-9933,2025-09-23,Nao,Quente,Ativo
L-7453,2025-09-03,Nao,Frio,Trial
L-5657,2025-10-26,Nao,Morno,Cancelado
L-9548,2025-09-03,,Morno,Ativo
L-1515,2025-08-03,Nao,Quente,Ativo
L-3469,2025-11-01,Nao,Morno,Trial
L-5846,2025-07-10,,Morno,Cancelado
L-5185,2025-08-02,Nao,Morno,Ativo
L-1665,2025-01-15,Nao,Morno,Ativo
L-3591,2025-10-18,Nao,Frio,Trial
L-8702,2025-04-02,,Frio,Ativo
L-9479,2025-05-17,,Quente,Trial
L-3979,2025-09-14,Nao,Frio,Ativo
L-9691,2025-07-06,Sim,Quente,Trial
L-9360,2025-07-08,Nao,Quente,Trial
L-5733,2025-11-04,Nao,Frio,Cancelado
L-1796,2025-06-06,Nao,Frio,Inativo
L-3807,2025-08-09,Nao,Quente,Ativo
L-1176,2025-09-21,Sim,Morno,Trial
L-5474,2025-01-03,Nao,Frio,Trial
L-5258,2025-10-03,Nao,Morno,Trial
L-4277,2025-06-16,Nao,Frio,Inativo
L-5339,2025-07-17,Nao,Frio,Cancelado
L-1968,2025-03-19,Nao,Quente,Ativo
L-8660,2025-02-18,Sim,Quente,Inativo
L-4717,2025-06-06,Sim,Morno,Trial
L-9444,2025-07-12,Sim,Morno,Inativo
L-7639,2025-07-14,Nao,Quente,Ativo
L-1532,2025-02-01,Nao,Morno,Ativo
L-7776,2025-02-20,Sim,Quente,Trial
L-7085,2025-03-02,Nao,Quente,Inativo
L-7394,2025-02-08,Nao,Morno,Ativo
L-7334,2025-04-21,Sim,Quente,Ativo
L-6775,2025-07-21,Sim,Quente,Trial
L-9480,2025-07-04,Sim,Frio,Ativo
L-5272,2025-11-21,Nao,Morno,Ativo
L-6207,2025-07-27,Nao,Frio,Trial
L-4277,2025-06-27,Nao,Frio,Cancelado
L-7794,2025-11-15,Nao,Quente,Ativo
L-1945,2025-10-07,Nao,Morno,Ativo
L-6599,2025-03-09,,Frio,Inativo
L-5613,2026-01-26,Sim,Quente,Trial
L-5201,2025-07-28,Sim,Quente,Cancelado
L-9427,2025-01-16,Sim,Quente,Ativo
L-6085,2025-10-01,Sim,Quente,Ativo
L-8650,2025-07-19,Nao,Frio,Cancelado
L-1094,2026-01-13,Nao,Frio,Trial
L-2833,2025-02-02,Sim,Quente,Inativo
L-6481,2025-11-18,Sim,Quente,Cancelado
L-9552,2025-01-28,Nao,Frio,Trial
L-9463,2025-08-20,Nao,Frio,Ativo
L-5249,2025-04-27,Sim,Morno,Ativo
L-8954,2025-06-14,Sim,Morno,Trial
L-3337,2025-04-27,Sim,Quente,Trial
L-9445,2025-08-29,Nao,Quente,Trial
L-8268,2025-02-26,Nao,Quente,Ativo
L-4931,2025-01-13,,Frio,Trial
L-3190,2025-11-03,,Morno,Inativo
L-4186,2025-09-30,Sim,Quente,Cancelado
L-1316,2025-01-09,Nao,Morno,Ativo
L-9109,2026-01-26,,Frio,Ativo
L-9540,2026-01-16,Sim,Quente,Ativo
L-2994,2025-08-26,Sim,Quente,Trial
L-1726,2025-11-22,,Morno,Ativo
L-5774,2025-04-06,Sim,Morno,Cancelado
L-2981,2026-01-17,Nao,Frio,Cancelado
L-1099,2025-11-29,Nao,Morno,Ativo
L-3737,2025-08-18,Nao,Frio,Trial
L-7662,2025-03-13,Sim,Quente,Ativo
L-9376,2025-04-24,Sim,Quente,Inativo
L-1919,2025-10-16,Nao,Frio,Trial
L-6047,2025-12-28,Nao,Morno,Ativo
L-9381,2025-05-23,Nao,Frio,Trial
L-8386,2025-02-11,Sim,Morno,Ativo
L-6986,2025-04-23,Nao,Quente,Cancelado
L-6162,2025-04-16,Nao,Morno,Ativo
L-9964,2026-01-20,Sim,Morno,Ativo
L-2129,2025-06-26,Nao,Frio,Cancelado
L-4722,2025-11-04,Sim,Morno,Ativo
L-6630,2026-01-18,Nao,Morno,Ativo
L-4291,2025-06-30,Nao,Morno,Trial
L-1587,2025-06-21,Sim,Morno,Inativo
L-6063,2025-05-15,Sim,Morno,Inativo
L-1741,2025-04-28,Nao,Frio,Trial
L-1473,2025-04-28,Nao,Morno,Ativo
L-1964,2025-07-16,Nao,Morno,Trial
L-8027,2025-01-07,Sim,Quente,Ativo
L-2786,2025-10-16,Nao,Morno,Ativo
L-1639,2025-01-09,,Frio,Ativo
L-9698,2025-11-28,Nao,Morno,Inativo
L-6109,2025-07-15,Nao,Frio,Ativo
L-6322,2025-08-31,Nao,Quente,Ativo
L-2759,2026-01-10,Sim,Morno,Trial
L-6240,2025-05-09,Sim,Quente,Inativo
L-1188,2025-10-21,Nao,Frio,Inativo
L-9688,2025-09-08,Sim,Morno,Ativo
L-5305,2025-01-16,Nao,Frio,Cancelado
L-2362,2025-01-18,Nao,Morno,Trial
L-9181,2025-03-11,Nao,Morno,Cancelado
L-9731,2025-02-17,Sim,Quente,Ativo
L-9791,2025-06-30,,Quente,Ativo
L-5609,2025-06-18,Sim,Quente,Trial
L-8511,2025-01-23,Nao,Morno,Ativo
L-1397,2026-01-11,Nao,Frio,Cancelado
L-9673,2025-11-02,Sim,Morno,Trial
L-7339,1900-01-01,Sim,Quente,Trial
L-3994,2025-06-26,Nao,Morno,Ativo
L-7236,2025-05-18,Nao,Frio,Ativo
L-6179,2025-09-03,Sim,Morno,Ativo
L-3303,2025-10-31,Nao,Quente,Ativo
L-2658,2025-06-07,Nao,Morno,Inativo
L-8600,2025-01-12,Sim,Morno,Ativo
L-4955,2025-07-25,Sim,Morno,Trial
L-8633,2025-03-09,Sim,Morno,Trial
L-2301,2025-01-02,Nao,Frio,Ativo
L-1758,2026-01-11,Nao,Quente,Inativo
L-2179,2025-02-20,Nao,Morno,Ativo
L-2152,2025-09-07,Nao,Morno,Trial
L-5414,2025-08-07,Sim,Frio,Ativo
L-9181,2026-01-21,Sim,Frio,Trial
L-1605,2025-03-04,Sim,Morno,Ativo
L-9095,2025-01-08,Nao,Frio,Trial
L-8794,2025-07-27,Sim,Frio,Ativo
L-4532,2025-11-14,Sim,Quente,Ativo
L-3820,2025-04-20,Nao,Morno,Ativo
L-8171,2025-07-04,Sim,Quente,Cancelado
L-3597,2025-12-31,Sim,Morno,Ativo
L-8963,2025-03-23,Sim,Quente,Cancelado
L-9587,2025-08-13,,Morno,Ativo
L-4075,2025-11-26,Nao,Quente,Ativo
L-2584,2025-01-13,Nao,Frio,Cancelado
L-8532,2025-07-29,Nao,Quente,Ativo
L-6907,2025-05-22,,Frio,Cancelado
L-6828,2025-08-23,Nao,Frio,Inativo
L-6885,2025-01-01,Nao,Morno,Ativo
L-2814,2025-02-05,Sim,Quente,Trial
L-1468,2025-12-05,Nao,Frio,Trial
L-7301,2025-11-05,Nao,Frio,Trial
L-8078,2025-06-14,Nao,Frio,Ativo
L-5049,2025-05-19,Sim,Quente,Cancelado
L-5716,2025-11-16,Sim,Morno,Ativo
L-3064,2025-04-17,Nao,Morno,Trial
L-6683,2025-12-04,Nao,Frio,Cancelado
L-2186,2025-06-01,Nao,Frio,Cancelado
L-6516,2026-01-26,Nao,Frio,Ativo
L-3628,2025-04-10,Sim,Morno,Trial
L-7457,2025-05-27,Sim,Morno,Inativo
L-2206,2025-01-29,Nao,Frio,Ativo
L-9811,2025-04-24,Nao,Frio,Ativo
L-8713,2025-02-16,Nao,Morno,Trial
L-9188,2025-08-15,Sim,Quente,Inativo
L-7728,2026-01-11,Sim,Quente,Ativo
L-4077,2025-02-23,Sim,Quente,Ativo
L-6388,2025-07-03,Nao,Frio,Ativo
L-3384,2025-03-17,Nao,Morno,Cancelado
L-9949,2026-01-31,Nao,Frio,Ativo
L-3313,2025-12-13,Sim,Quente,Ativo
L-2287,2025-10-14,Nao,Morno,Ativo
L-7715,2025-11-01,Sim,Morno,Ativo
L-6624,2025-08-02,Nao,Frio,Trial
L-1550,2025-06-14,Sim,Quente,Ativo
L-3744,2025-06-06,Nao,Frio,Cancelado
L-2202,2025-01-16,Nao,Morno,Trial
L-1479,2026-02-01,Sim,Quente,Inativo
L-3581,2026-01-10,Nao,Morno,Inativo
L-5593,2025-06-17,Nao,Morno,Cancelado
L-3164,2025-03-08,Nao,Frio,Trial
L-3605,2025-05-09,Nao,Frio,Trial
L-7188,2025-11-30,,Morno,Ativo
L-2336,2025-06-09,Nao,Frio,Cancelado
L-6625,2025-12-27,Nao,Morno,Trial
L-2497,2025-09-29,Sim,Quente,Ativo
L-9693,2025-02-14,Nao,Frio,Ativo
L-9616,2025-07-14,,Morno,Trial
L-5076,2025-04-14,Nao,Morno,Ativo
L-6501,2025-03-31,,Frio,Trial
L-6846,2025-10-02,,Morno,Cancelado
L-6704,2025-11-22,Sim,Quente,Trial
L-8790,2025-10-04,Sim,Quente,Ativo
L-9874,2025-04-15,Sim,Quente,Ativo
L-7566,2026-01-01,Nao,Morno,Ativo
L-2807,2025-01-15,Sim,Quente,Inativo
L-5010,2025-01-26,Sim,Morno,Trial
L-2027,2025-07-23,Nao,Morno,Ativo
L-7146,2025-09-24,Sim,Quente,Ativo
L-4095,1900-01-01,Nao,Morno,Trial
L-2228,2025-02-06,Sim,Quente,Ativo
L-3358,2025-07-09,Nao,Morno,Cancelado
L-2870,1900-01-01,Nao,Morno,Trial
L-4784,2025-03-21,Sim,Frio,Inativo
L-3127,2025-08-03,,Morno,Inativo
L-8003,2025-03-18,Sim,Quente,Trial
L-8008,2025-07-22,,Morno,Ativo
L-8820,2025-10-21,Nao,Frio,Trial
L-9041,2026-01-12,Nao,Morno,Ativo
L-3947,2025-03-29,Sim,Quente,Ativo
L-9712,2025-11-22,,Morno,Ativo
L-1534,2026-01-27,Nao,Morno,Ativo
L-4038,2025-08-20,Sim,Quente,Ativo
L-3667,2025-04-29,Sim,Quente,Cancelado
L-2846,2025-02-18,Nao,Morno,Ativo
L-4525,2025-07-23,Nao,Morno,Ativo
L-9463,2025-01-03,Sim,Quente,Trial
L-3681,2025-10-24,Sim,Quente,Trial
L-8740,2025-05-18,,Frio,Ativo
L-2468,2025-11-07,Nao,Frio,Trial
L-2175,2025-10-05,Nao,Frio,Trial
L-9653,2025-09-12,Sim,Quente,Trial
L-5530,2026-01-19,,Morno,Ativo
L-7931,2025-07-16,Sim,Frio,Cancelado
L-1576,2025-08-29,Nao,Frio,Trial
L-6171,2025-04-14,Sim,Quente,Trial
L-7712,2025-07-20,Nao,Morno,Ativo
L-4245,2025-02-25,Sim,Frio,Inativo
L-4975,2025-06-29,Sim,Frio,Ativo
L-2295,2025-12-16,Nao,Quente,Trial
L-2576,2026-01-11,Nao,Morno,Cancelado
L-9602,2026-01-14,Nao,Frio,Trial
L-1616,2026-01-14,Sim,Morno,Trial
L-7807,2025-09-25,Nao,Frio,Trial
L-1642,2025-01-16,Nao,Morno,Ativo
L-8002,2025-12-28,Nao,Morno,Cancelado
L-4989,2025-12-11,Sim,Morno,Trial
L-6103,2025-10-12,Sim,Morno,Inativo
L-3474,2026-01-01,Nao,Morno,Cancelado
L-1174,2025-10-14,Sim,Quente,Ativo
L-7269,2025-12-08,,Quente,Inativo
L-2644,2026-02-01,Sim,Quente,Trial
L-3992,2025-02-22,Nao,Morno,Cancelado
L-5293,2025-04-25,Nao,Quente,Inativo
L-1986,2025-01-02,Sim,Quente,Trial
L-9621,2025-08-31,Nao,Frio,Cancelado
L-8991,2025-10-17,Nao,Quente,Cancelado
L-6405,2025-10-03,Nao,Morno,Ativo
L-3090,2025-09-24,Sim,Quente,Cancelado
L-5513,2025-11-04,Nao,Morno,Ativo
L-6402,2026-01-21,Sim,Morno,Trial
L-1825,2025-06-09,Sim,Quente,Ativo
L-3642,2025-02-17,Nao,Frio,Ativo
L-5953,2025-12-25,Nao,Frio,Trial
L-3328,2025-08-17,Nao,Morno,Trial
L-1901,2025-05-28,Nao,Quente,Trial
L-4112,2025-12-21,Nao,Frio,Trial
L-4963,2026-01-28,Nao,Morno,Cancelado
L-5487,2026-01-15,Nao,Morno,Trial
L-4301,2025-01-18,Sim,Quente,Ativo
L-3691,2025-04-26,Nao,Morno,Inativo
L-9932,1900-01-01,Sim,Morno,Cancelado
L-5528,2025-05-30,Nao,Morno,Trial
L-5555,2025-09-19,Nao,Frio,Ativo
L-7556,1900-01-01,Nao,Frio,Trial
L-8666,2025-04-11,Sim,Morno,Ativo
L-3609,2026-01-18,Sim,Frio,Ativo
L-3208,2025-07-03,Nao,Frio,Ativo
L-4681,2026-01-18,Sim,Quente,Cancelado
L-4722,2025-12-14,Nao,Morno,Inativo
L-2717,2025-09-21,Nao,Morno,Ativo
L-8706,2025-11-07,Nao,Frio,Trial
L-2262,2025-08-11,Nao,Frio,Ativo
L-9778,2025-05-03,Nao,Frio,Trial
L-6836,2025-11-06,Nao,Morno,Trial
L-7930,2025-09-03,Nao,Quente,Ativo
L-8528,2025-03-15,Nao,Frio,Trial
L-8036,2025-05-11,Sim,Quente,Cancelado
L-2479,2025-07-19,Nao,Frio,Inativo
L-5777,2025-11-10,Nao,Morno,Trial
L-4392,2025-10-02,Sim,Frio,Trial
L-3956,2025-01-09,,Morno,Ativo
L-7612,2025-11-12,Nao,Frio,Inativo
L-6389,2025-06-09,Nao,Frio,Trial
L-6429,2025-11-07,Nao,Frio,Cancelado
L-9331,2025-02-02,,Morno,Ativo
L-1267,2025-02-18,Sim,Frio,Trial
L-4382,2025-04-10,Nao,Quente,Ativo
L-9557,2025-04-21,Sim,Quente,Trial
L-8988,2025-06-30,Nao,Morno,Inativo
L-2308,2026-01-30,Sim,Quente,Cancelado
L-4704,2025-05-16,Sim,Morno,Ativo
L-4545,2025-06-02,Sim,Quente,Trial
L-9176,2025-05-25,Sim,Quente,Ativo
L-9780,2025-07-18,Nao,Morno,Ativo
L-7699,2025-08-02,Sim,Quente,Ativo
L-9800,2025-11-15,Nao,Frio,Trial
L-5921,2025-08-17,Sim,Quente,Trial
L-9766,2025-07-03,Nao,Morno,Trial
L-4678,2025-01-29,,Quente,Trial
L-6575,2025-08-14,Sim,Morno,Trial
L-1747,2025-03-29,Nao,Morno,Cancelado
L-7845,2025-03-15,Nao,Frio,Ativo
L-6804,2025-11-15,Sim,Morno,Ativo
L-8278,2025-08-07,Nao,Frio,Cancelado
L-7457,2025-08-11,Nao,Morno,Ativo
L-9002,2025-03-09,Nao,Frio,Trial
L-4278,2025-03-02,Nao,Frio,Trial
L-1540,2025-10-24,,Frio,Trial
L-7922,2025-01-28,Nao,Morno,Ativo
L-7184,2025-03-16,Sim,Quente,Trial
L-6490,2025-08-11,Nao,Frio,Trial
L-1504,2025-02-26,Sim,Quente,Ativo
L-2925,2025-12-11,Sim,Quente,Trial
L-4768,2025-09-21,Nao,Frio,Cancelado
L-2910,2025-10-23,Nao,Quente,Ativo
L-8350,2025-06-14,Nao,Morno,Trial
L-4289,2025-12-20,Nao,Frio,Ativo
L-3108,2025-05-14,Nao,Morno,Trial
L-5806,2025-04-09,Nao,Morno,Trial
L-7314,2025-01-23,Nao,Frio,Ativo
L-4228,2025-09-09,Nao,Morno,Trial
L-5657,2025-11-17,Sim,Quente,Ativo
L-3259,2025-03-10,Nao,Frio,Cancelado
L-1623,2025-12-09,Nao,Frio,Trial
L-1478,2025-04-08,,Frio,Trial
L-7096,2025-11-15,Sim,Morno,Ativo
L-3022,2025-04-12,Nao,Frio,Trial
L-7422,2025-03-30,Nao,Morno,Ativo
L-9629,2025-03-25,Nao,Frio,Cancelado
L-8860,2025-10-24,Nao,Morno,Trial
L-2567,2025-10-10,Nao,Quente,Ativo
L-4365,2025-06-18,Nao,Frio,Trial
L-9487,2025-03-09,Sim,Quente,Trial
L-4815,2025-10-15,Sim,Quente,Cancelado
L-1826,2025-09-26,Sim,Frio,Ativo
L-6444,2025-12-13,Nao,Quente,Trial
L-1829,2025-08-06,Nao,Morno,Ativo
L-2572,2025-07-11,Nao,Morno,Ativo
L-4612,2025-01-19,Nao,Morno,Trial
L-5963,2025-06-07,Sim,Quente,Trial
L-7429,2025-05-08,Nao,Morno,Inativo
L-8722,2025-03-26,Sim,Quente,Trial
L-1520,2025-12-09,Nao,Morno,Inativo
L-1810,2025-05-11,Sim,Quente,Cancelado
L-7065,2025-02-26,,Quente,Cancelado
L-6677,2025-11-11,Nao,Frio,Ativo
L-9912,2025-09-20,Nao,Morno,Ativo
L-6592,2025-12-06,Sim,Quente,Cancelado
L-8030,2026-01-30,Sim,Quente,Trial
L-9182,2025-09-04,Nao,Morno,Trial
L-3347,2025-07-08,Nao,Morno,Inativo
L-5548,2025-02-24,Nao,Morno,Inativo
L-8851,2025-12-11,Sim,Quente,Cancelado
L-7359,2025-02-23,,Frio,Ativo
L-9348,2025-10-06,Sim,Quente,Inativo
L-2290,2025-02-14,Nao,Frio,Trial
L-3539,2025-11-01,Nao,Frio,Ativo
L-7979,2025-01-14,Nao,Morno,Trial
L-4227,2025-09-26,Sim,Quente,Cancelado
L-9401,2025-04-25,Nao,Frio,Ativo
L-8598,2025-06-24,Nao,Morno,Cancelado
L-9432,2025-12-18,Nao,Frio,Cancelado
L-3514,2025-07-17,Nao,Morno,Ativo
L-3841,2025-12-14,Nao,Morno,Ativo
L-6056,2026-02-01,Nao,Morno,Cancelado
L-8499,2025-12-24,Nao,Morno,Trial
L-4853,2025-09-12,Nao,Morno,Trial
L-2138,2025-01-08,Sim,Quente,Ativo
L-3310,2025-11-27,Sim,Quente,Cancelado
L-9168,2025-03-17,Nao,Frio,Ativo
L-9348,2025-07-22,Nao,Morno,Ativo
L-9739,2025-04-25,Nao,Morno,Ativo
L-6368,2025-10-03,Sim,Quente,Ativo
L-5416,2025-03-12,Sim,Morno,Trial
L-6062,2025-07-15,Nao,Frio,Inativo
L-8971,2025-12-06,Nao,Quente,Trial
L-4468,2025-09-30,Nao,Morno,Trial
L-1877,2025-05-20,Sim,Quente,Ativo
L-1036,2025-06-09,Nao,Morno,Trial
L-1756,2025-02-12,Sim,Quente,Ativo
L-1804,2025-09-30,Sim,Frio,Inativo
L-6764,2025-08-17,Nao,Frio,Trial
L-2232,2025-08-09,Nao,Frio,Cancelado
L-2017,2025-09-01,Nao,Frio,Trial
L-2126,2025-08-18,Nao,Frio,Inativo
L-3458,2025-11-26,Sim,Quente,Cancelado
L-6244,2026-01-10,Sim,Quente,Trial
L-4766,2025-08-03,Nao,Morno,Ativo
L-7101,2025-04-19,Nao,Morno,Ativo
L-8353,2026-01-01,Sim,Quente,Cancelado
L-1675,2025-01-07,Nao,Frio,Cancelado
L-5862,2026-02-01,Sim,Morno,Ativo
L-6507,2025-08-08,Sim,Quente,Trial
L-3595,2025-12-14,Sim,Quente,Trial
L-1815,2025-06-27,Nao,Frio,Ativo
L-6676,2025-06-21,Sim,Quente,Cancelado
L-9975,2025-11-24,,Frio,Cancelado
L-7246,2025-06-01,Nao,Morno,Ativo
L-6963,2025-12-24,Nao,Frio,Trial
L-9336,2025-06-23,Sim,Morno,Trial
L-3000,2025-04-15,Sim,Quente,Inativo
L-9092,2026-01-03,Sim,Morno,Ativo
L-9970,2025-10-29,,Frio,Cancelado
L-7474,2025-11-16,Sim,Frio,Trial
L-8294,2025-04-29,Nao,Frio,Ativo
L-3015,2025-09-05,Nao,Morno,Ativo
L-1981,2025-10-15,Nao,Frio,Ativo
L-1235,2025-02-03,Sim,Frio,Cancelado
L-5214,2025-09-17,Sim,Quente,Inativo
L-7822,2025-03-29,Sim,Frio,Ativo
L-8425,2025-09-22,Sim,Quente,Trial
L-8617,2025-01-26,Sim,Quente,Cancelado
L-8690,2025-10-11,Nao,Frio,Trial
L-6760,2025-03-10,,Morno,Ativo
L-5926,2025-02-20,Nao,Frio,Cancelado
L-1585,2026-01-22,Nao,Quente,Cancelado
L-5087,2025-11-16,Sim,Quente,Trial
L-8690,2025-05-31,Nao,Morno,Trial
L-2124,2025-01-01,Nao,Quente,Ativo
L-5960,2025-05-25,Nao,Frio,Ativo
L-5548,2026-01-25,,Morno,Cancelado
L-4749,2025-04-13,Nao,Morno,Trial
L-7265,2025-03-22,Sim,Quente,Ativo
L-2434,2025-11-25,Nao,Frio,Inativo
L-6669,2025-11-25,Sim,Morno,Cancelado
L-4889,2025-10-26,Sim,Morno,Inativo
L-2717,2025-11-18,Nao,Frio,Cancelado
L-8302,2025-06-21,Nao,Morno,Ativo
L-4617,2025-03-02,Nao,Frio,Cancelado
L-3878,2025-10-02,Nao,Frio,Ativo
L-3333,2025-10-03,,Frio,Ativo
L-2594,2025-03-20,Nao,Frio,Inativo
L-2593,2025-09-19,Nao,Morno,Trial
L-7458,2025-11-12,Sim,Morno,Cancelado
L-6247,2025-09-04,Nao,Morno,Inativo
L-6257,2025-10-25,Sim,Frio,Trial
L-6845,2025-11-05,Nao,Morno,Ativo
L-4383,2025-03-09,Nao,Morno,Ativo
L-8596,2025-07-10,Nao,Morno,Trial
L-9413,2025-04-02,Nao,Frio,Ativo
L-7550,2025-03-17,Sim,Morno,Ativo
L-8720,2025-03-18,Nao,Frio,Inativo
L-7169,2025-09-29,Nao,Frio,Ativo
L-5603,2025-04-11,Sim,Morno,Ativo
L-6656,2026-01-21,Nao,Quente,Ativo
L-9610,2025-01-27,Nao,Frio,Cancelado
L-6432,2025-10-26,Nao,Morno,Cancelado
L-6355,2025-03-17,Nao,Frio,Trial
L-5306,2025-04-22,Nao,Frio,Ativo
L-7839,2025-11-06,Nao,Morno,Ativo
L-4437,2025-07-18,Sim,Morno,Trial
L-2799,2025-11-04,Nao,Frio,Ativo
L-3623,2025-11-16,Nao,Frio,Cancelado
L-5921,2025-01-24,,Morno,Ativo
L-2545,2025-10-27,Nao,Frio,Cancelado
L-8571,2025-09-23,Nao,Frio,Trial
L-6819,2025-09-19,Sim,Quente,Inativo
L-2281,2025-03-27,Nao,Frio,Ativo
L-4646,2025-03-26,Sim,Quente,Trial
L-3004,2025-06-13,Nao,Morno,Inativo
L-2426,2025-12-24,Nao,Frio,Cancelado
L-8089,2025-02-27,Nao,Frio,Inativo
L-6246,2025-09-02,Nao,Morno,Inativo
L-4087,2025-10-18,Sim,Quente,Ativo
L-2436,2025-11-04,Nao,Morno,Ativo
L-2032,2025-03-11,Nao,Frio,Ativo
L-6915,2025-01-21,Nao,Frio,Ativo
L-6776,2025-05-04,Nao,Frio,Cancelado
L-2440,2025-09-10,Sim,Morno,Cancelado
L-5218,2026-01-03,Sim,Quente,Trial
L-3544,2025-01-24,Nao,Frio,Ativo
L-7311,2026-01-16,,Morno,Cancelado
L-8777,2025-02-26,,Frio,Trial
L-9790,2025-03-18,Nao,Morno,Ativo
L-3713,2025-10-20,Sim,Quente,Ativo
L-9604,2025-04-15,Nao,Morno,Ativo
L-8745,2025-05-01,Sim,Quente,Trial
L-8269,2025-09-03,Nao,Morno,Inativo
L-1595,2025-10-07,Sim,Quente,Ativo
L-7565,2025-06-12,Sim,Quente,Ativo
L-9485,2025-07-25,Nao,Morno,Ativo
L-6728,2025-09-20,Sim,Quente,Ativo
L-2247,2025-01-05,Sim,Quente,Ativo
L-1368,2025-06-27,Nao,Frio,Ativo
L-9498,2025-05-21,Nao,Morno,Inativo
L-2099,2025-01-24,Sim,Quente,Inativo
L-2329,2025-07-01,Nao,Frio,Ativo
L-6426,2025-08-09,Sim,Morno,Ativo
L-1638,2025-07-19,Sim,Quente,Trial
L-2099,2025-07-23,Nao,Frio,Cancelado
L-6534,2025-01-25,Sim,Quente,Ativo
L-8838,2025-07-23,Nao,Frio,Trial
L-3559,2025-06-23,Nao,Quente,Inativo
L-6600,2025-07-21,Nao,Frio,Cancelado
L-8507,2025-08-18,Sim,Frio,Ativo
L-2256,2025-10-22,,Morno,Trial
L-9815,2025-12-25,Sim,Quente,Ativo
L-5946,2025-12-18,,Morno,Ativo
L-5711,2025-05-17,Sim,Quente,Trial
L-2910,2025-12-04,Sim,Frio,Trial
L-6728,2025-05-17,Nao,Frio,Trial
L-5761,2025-12-20,Sim,Quente,Trial
L-1463,2025-05-14,Nao,Morno,Ativo
L-5129,1900-01-01,Sim,Quente,Cancelado
L-1808,2025-09-11,Sim,Quente,Ativo
L-3410,2026-01-26,Nao,Morno,Trial
L-4050,2025-10-29,Sim,Frio,Ativo
L-4279,2025-12-04,Nao,Frio,Trial
L-8712,2025-08-10,,Quente,Trial
L-6675,2025-02-26,,Quente,Trial
L-4626,2025-04-20,Sim,Quente,Cancelado
L-6008,2025-09-28,,Frio,Cancelado
L-6831,2025-03-19,,Quente,Ativo
L-2418,2025-09-07,Nao,Morno,Inativo
L-3670,2025-05-12,Sim,Quente,Ativo
L-6772,2025-11-10,Sim,Morno,Cancelado
L-2850,2025-08-16,Nao,Frio,Cancelado
L-8560,2025-04-19,Nao,Morno,Trial
L-7834,2025-08-23,Sim,Quente,Ativo
L-6398,2025-02-28,Sim,Quente,Ativo
L-2660,2025-11-17,,Frio,Ativo
L-7414,2025-03-26,Nao,Morno,Ativo
L-9958,2025-10-15,Nao,Quente,Inativo
L-6118,2025-09-20,Nao,Frio,Ativo
L-7022,2025-10-26,Sim,Quente,Ativo
L-1226,2025-02-06,Sim,Morno,Cancelado
L-7446,2025-02-02,Sim,Quente,Trial
L-2835,2025-06-05,Nao,Morno,Inativo
L-5517,2026-01-05,Nao,Quente,Ativo
L-4840,2025-09-03,,Morno,Cancelado
L-4305,2025-11-25,,Frio,Inativo
L-1105,2025-06-11,,Frio,Ativo
L-2847,2025-06-28,Sim,Quente,Cancelado
L-9112,2025-08-03,Nao,Quente,Cancelado
L-7290,2025-07-16,Sim,Quente,Cancelado
L-1470,2025-06-28,Nao,Frio,Ativo
L-7667,2025-11-12,Nao,Frio,Trial
L-2927,2025-11-27,Nao,Morno,Cancelado
L-2291,2025-10-28,Nao,Frio,Cancelado
L-8373,2026-01-11,Nao,Frio,Trial
L-5230,2025-10-06,Sim,Quente,Ativo
L-9876,2025-11-29,Nao,Frio,Cancelado
L-9466,2025-12-18,,Frio,Cancelado
L-7364,2025-06-02,Nao,Morno,Ativo
L-5154,2025-05-17,,Morno,Cancelado
L-8361,1900-01-01,,Morno,Ativo
L-1703,2025-11-19,Nao,Frio,Ativo
L-4586,2025-04-03,Nao,Quente,Ativo
L-2599,2025-02-26,Sim,Quente,Ativo
L-1184,2025-03-13,Sim,Quente,Trial
L-2986,2025-04-10,,Frio,Cancelado
L-8859,2025-06-03,Nao,Frio,Cancelado
L-5166,2025-09-28,Nao,Frio,Ativo
L-3326,2025-10-07,Sim,Morno,Ativo
L-7694,2025-04-29,Nao,Morno,Cancelado
L-8417,2025-07-20,Nao,Morno,Ativo
L-6011,2025-08-09,,Quente,Trial
L-2772,2025-03-22,Nao,Morno,Trial
L-4422,2025-06-27,Nao,Morno,Ativo
L-7830,2025-10-15,Nao,Frio,Ativo
L-9123,2025-12-15,Sim,Morno,Ativo
L-9989,2025-06-26,Nao,Morno,Cancelado
L-6606,2025-08-07,Sim,Quente,Cancelado
L-7694,2025-02-01,Nao,Morno,Cancelado
L-2609,2025-02-08,Nao,Morno,Cancelado
L-2914,2025-03-28,Nao,Frio,Trial
L-7999,2025-09-04,Nao,Frio,Ativo
L-4153,2025-10-16,,Frio,Trial
L-6498,2025-11-27,Nao,Morno,Ativo
L-3256,2025-09-17,Sim,Morno,Trial
L-5919,2025-06-16,Nao,Morno,Ativo
L-9580,2025-12-20,Nao,Frio,Trial
L-2048,2025-03-15,Sim,Quente,Trial
L-4376,2025-12-23,Nao,Morno,Inativo
L-8206,2025-06-08,Nao,Frio,Inativo
L-3394,2025-08-08,Nao,Morno,Cancelado
L-7586,2025-12-12,Nao,Frio,Trial
L-9137,2025-01-16,Sim,Frio,Ativo
L-9610,2025-08-17,Nao,Morno,Inativo
L-6700,2025-12-14,Nao,Frio,Ativo
L-7942,2025-12-05,,Morno,Ativo
L-7491,2025-11-30,,Morno,Trial
L-5094,2025-03-01,Sim,Quente,Ativo
L-5130,2025-04-02,,Frio,Ativo
L-6117,2025-11-24,Nao,Morno,Trial
L-4543,2025-01-25,Nao,Frio,Ativo
L-2842,2025-05-01,Nao,Frio,Inativo
L-2978,2025-06-13,Nao,Frio,Trial
L-7917,2025-11-26,Nao,Frio,Trial
L-7347,2025-03-05,Sim,Quente,Cancelado
L-5708,2025-01-15,Sim,Quente,Trial
L-9474,2025-04-20,Nao,Quente,Inativo
L-8151,2025-11-17,Sim,Quente,Ativo
L-3706,2025-05-27,,Frio,Ativo
L-4424,2025-05-05,Sim,Quente,Ativo
L-1337,2025-05-13,Sim,Quente,Trial
L-6146,2025-02-10,Sim,Quente,Ativo
L-4463,2025-05-14,Nao,Frio,Trial
L-1218,2025-05-06,Nao,Morno,Ativo
L-1416,2025-07-03,,Frio,Cancelado
L-7753,1900-01-01,Nao,Morno,Cancelado
L-3571,2025-11-10,Sim,Quente,Trial
L-6138,2025-09-04,Nao,Frio,Ativo
L-4495,2025-08-29,Nao,Morno,Trial
L-6811,2025-03-03,Nao,Frio,Trial
L-9597,2026-01-29,Sim,Quente,Trial
L-2148,2025-02-18,Nao,Frio,Inativo
L-9516,2025-02-17,Sim,Morno,Ativo
L-8834,2025-03-01,Sim,Morno,Ativo
L-7085,2025-01-04,Nao,Frio,Ativo
L-5869,2025-04-07,Nao,Quente,Ativo
L-7088,2025-08-17,Sim,Quente,Ativo
L-9609,2025-05-03,Sim,Quente,Inativo
L-4648,2025-02-06,Nao,Frio,Ativo
L-6955,2025-09-09,Sim,Quente,Trial
L-9661,2025-11-25,,Frio,Trial
L-2266,2025-03-27,,Morno,Trial
L-2575,2025-05-02,Nao,Frio,Cancelado
L-7514,2025-03-06,Nao,Morno,Ativo
L-8473,2026-01-10,Nao,Frio,Ativo
L-5332,2025-08-04,Sim,Quente,Ativo
L-5591,2025-08-26,Nao,Frio,Cancelado
L-2391,2025-07-11,Sim,Morno,Cancelado
L-9399,2025-08-05,Nao,Frio,Inativo
L-7517,2025-05-22,Nao,Morno,Ativo
L-2400,2025-09-22,,Frio,Ativo
L-9777,2025-02-02,Nao,Quente,Ativo
L-3613,2025-01-03,Nao,Frio,Inativo
L-1708,2025-04-10,Sim,Quente,Inativo
L-8963,2025-09-16,Nao,Morno,Trial
L-7290,2025-05-31,Sim,Quente,Cancelado
L-9058,2025-04-11,,Frio,Trial
L-8182,2025-01-16,Nao,Morno,Cancelado
L-3148,2025-07-22,Nao,Frio,Cancelado
L-5233,2025-11-29,Nao,Morno,Cancelado
L-9824,2025-11-10,Sim,Morno,Ativo
L-2991,2025-12-18,Nao,Frio,Ativo
L-8322,2025-09-08,Nao,Morno,Ativo
L-3134,2025-10-27,Nao,Morno,Ativo
L-4887,1900-01-01,Nao,Morno,Ativo
L-8613,2025-12-10,Sim,Quente,Ativo
L-3362,2025-12-17,Sim,Quente,Trial
L-3130,2025-06-03,Sim,Quente,Ativo
L-1005,2025-09-03,,Frio,Ativo
L-2667,2025-04-23,Sim,Quente,Cancelado
L-1385,2025-04-14,Sim,Quente,Ativo
L-7139,2025-05-14,Nao,Morno,Ativo
L-5416,2025-03-19,Sim,Quente,Trial
L-9394,2025-07-04,Nao,Morno,Ativo
L-1462,2025-06-11,Sim,Quente,Trial
L-3740,2025-03-28,Sim,Quente,Ativo
L-2783,1900-01-01,Sim,Quente,Ativo
L-7643,2025-04-15,Sim,Quente,Cancelado
L-6249,2025-10-27,Nao,Frio,Inativo
L-7186,2025-08-15,Nao,Morno,Trial
L-9074,2025-02-24,,Frio,Inativo
L-3764,2025-03-07,Nao,Frio,Ativo
L-1958,2025-09-24,Nao,Frio,Cancelado
L-4524,2025-03-31,Nao,Quente,Cancelado
L-6728,2025-07-17,Sim,Morno,Ativo
L-4046,2025-05-19,Nao,Frio,Trial
L-9605,2025-12-27,Nao,Frio,Cancelado
L-4277,2025-02-07,Sim,Morno,Inativo
L-7804,2026-01-06,Sim,Quente,Cancelado
L-8459,2025-04-15,Sim,Morno,Trial
L-7410,2025-11-09,Sim,Frio,Trial
L-1764,2025-09-05,Sim,Quente,Trial
L-4558,2025-09-28,Sim,Quente,Ativo
L-2209,2026-01-30,Nao,Morno,Trial
L-2690,1900-01-01,Nao,Morno,Trial
L-9237,2025-10-27,Nao,Quente,Cancelado
L-1090,2025-01-23,Nao,Frio,Trial
L-5754,2026-01-25,Sim,Quente,Ativo
L-9986,2025-09-21,Nao,Morno,Ativo
L-7765,2025-12-09,,Frio,Ativo
L-2085,2025-04-26,Nao,Frio,Cancelado
L-4460,2026-01-25,Nao,Frio,Trial
L-3711,2025-09-25,,Quente,Cancelado
L-1652,2025-10-13,Sim,Quente,Ativo
L-9182,2025-09-17,Sim,Morno,Cancelado
L-3221,2025-06-18,Sim,Quente,Trial
L-9092,2025-09-28,Nao,Quente,Trial
L-7264,2025-01-06,Sim,Quente,Trial
L-4973,2026-01-02,Sim,Quente,Inativo
L-9567,2025-05-17,Nao,Morno,Ativo
L-6052,2025-05-16,Sim,Morno,Ativo
L-4989,2026-01-07,Nao,Morno,Ativo
L-8331,2025-01-03,Nao,Morno,Trial
L-8527,2025-11-25,Nao,Frio,Ativo
L-8128,2025-06-24,Sim,Quente,Trial
L-3490,2025-03-07,Nao,Frio,Cancelado
L-3071,2025-10-01,Sim,Frio,Ativo
L-3050,2025-06-12,Sim,Morno,Inativo
L-9161,2025-11-22,Sim,Quente,Trial
L-3063,2025-11-18,Sim,Morno,Ativo
L-5552,2025-01-22,,Frio,Trial
L-4674,2025-01-25,Sim,Morno,Trial
L-1007,2025-03-14,Sim,Quente,Ativo
L-5042,2026-01-30,Nao,Morno,Trial
L-8054,2025-10-01,Sim,Quente,Cancelado
L-6061,2025-03-23,Sim,Morno,Trial
L-7461,2026-01-29,Sim,Quente,Ativo
L-6737,2025-02-10,Nao,Frio,Ativo
L-9417,2025-04-16,Nao,Frio,Ativo
L-8811,2025-11-09,Nao,Frio,Cancelado
L-7312,2025-10-28,Sim,Quente,Inativo
L-4287,1900-01-01,Nao,Morno,Ativo
L-1070,2025-05-30,Nao,Frio,Trial
L-3377,2025-10-05,Sim,Quente,Trial
L-4028,2025-05-25,Sim,Quente,Ativo
L-2505,2025-10-09,Sim,Quente,Ativo
L-5958,2025-08-03,Sim,Quente,Inativo
L-9493,2025-08-18,Nao,Morno,Trial
L-8405,2025-03-26,Nao,Frio,Trial
L-7394,2025-08-15,Nao,Morno,Cancelado
L-6014,2025-10-08,Nao,Morno,Ativo
L-7888,2025-06-29,Nao,Morno,Cancelado
L-6381,2025-04-18,Nao,Morno,Ativo
L-8835,2025-02-15,Sim,Morno,Inativo
L-3767,2025-09-13,Nao,Quente,Trial
L-7291,2025-09-07,Nao,Morno,Ativo
L-9563,2025-01-29,Nao,Frio,Cancelado
L-3826,2025-09-13,Nao,Frio,Cancelado
L-2574,2025-04-28,Sim,Morno,Inativo
L-2530,2026-01-26,Sim,Morno,Ativo
L-8978,2025-03-26,Nao,Frio,Trial
L-2527,2025-03-04,Sim,Quente,Trial
L-7861,2025-05-27,Nao,Frio,Ativo
L-3227,2025-07-22,Nao,Frio,Ativo
L-6924,2025-01-26,Nao,Frio,Ativo
L-5228,2026-02-01,Nao,Frio,Trial
L-1300,2025-03-03,Nao,Frio,Ativo
L-3125,2025-10-31,,Frio,Ativo
L-1454,2025-06-16,Sim,Morno,Trial
L-9935,2025-12-05,Nao,Frio,Ativo
L-3482,2025-05-27,Sim,Quente,Trial
L-9296,2025-09-10,Nao,Quente,Trial
L-4793,2025-05-17,Nao,Frio,Ativo
L-5939,2025-06-26,,Morno,Inativo
L-8366,2025-10-04,Sim,Morno,Trial
L-9719,2025-02-25,Sim,Quente,Trial
L-9547,2025-09-03,,Morno,Trial
L-7932,2025-12-11,Nao,Morno,Ativo
L-3260,2025-11-02,Sim,Quente,Ativo
L-4734,2025-08-25,Sim,Frio,Ativo
L-2743,2025-04-09,,Morno,Trial
L-3498,2025-08-11,Nao,Quente,Trial
L-3826,2025-07-10,Nao,Frio,Ativo
L-6748,2026-02-01,Nao,Morno,Cancelado
L-1966,2025-06-24,Nao,Frio,Ativo
L-2714,2025-05-22,Sim,Quente,Trial
L-8832,2025-09-18,,Morno,Ativo
L-6848,2025-04-16,Nao,Morno,Cancelado
L-6149,2025-10-20,Nao,Frio,Trial
L-5195,2025-11-01,Sim,Frio,Trial
L-3618,2025-12-25,Nao,Morno,Trial
L-4834,2026-01-15,Sim,Morno,Trial
L-7322,2025-01-10,Nao,Frio,Ativo
L-2332,2025-03-14,Sim,Quente,Cancelado
L-8919,2025-01-15,Sim,Quente,Trial
L-4934,2025-01-22,Nao,Morno,Ativo
L-6188,2025-02-03,,Morno,Trial
L-1660,2025-03-23,Sim,Quente,Ativo
L-6245,2025-11-06,Sim,Quente,Trial
L-9603,2026-01-16,Nao,Morno,Cancelado
L-8735,2025-10-17,Sim,Quente,Ativo
L-6070,2025-03-28,Nao,Morno,Ativo
L-6351,2025-11-06,Nao,Quente,Trial
L-4659,2025-04-29,Nao,Frio,Trial
L-8198,2025-12-28,Nao,Morno,Trial
L-7303,2025-01-31,Nao,Morno,Trial
L-6819,2025-01-21,Sim,Quente,Cancelado
L-7300,2026-01-03,,Frio,Inativo
L-9635,2025-12-07,Nao,Frio,Ativo
L-5677,2026-01-14,Sim,Quente,Trial
L-7761,2025-02-19,Nao,Frio,Cancelado
L-2985,2025-09-21,Sim,Morno,Ativo
L-9776,2025-09-30,,Morno,Cancelado
L-7963,2026-01-31,Sim,Quente,Ativo
L-4638,2025-01-26,Nao,Frio,Trial
L-7057,2025-02-19,Sim,Quente,Ativo
L-2650,2025-02-09,Nao,Morno,Cancelado
L-7372,2025-02-02,Nao,Frio,Cancelado
L-4883,2025-03-29,Sim,Quente,Ativo
L-8413,2025-05-06,Sim,Quente,Ativo
L-2101,2025-05-05,Nao,Frio,Trial
L-5950,2026-01-29,Nao,Frio,Inativo
L-3696,2025-04-03,Sim,Quente,Inativo
L-2524,1900-01-01,Sim,Morno,Cancelado
L-4617,2025-12-05,Nao,Morno,Trial
L-1655,2025-12-03,Nao,Morno,Ativo
L-8119,2025-10-24,Nao,Morno,Ativo
L-9098,2025-05-18,Sim,Quente,Ativo
L-7956,2025-09-27,Sim,Quente,Trial
L-6679,2025-08-18,Sim,Frio,Ativo
L-5938,2025-03-23,Sim,Quente,Trial
L-5565,2025-07-27,Nao,Morno,Ativo
L-8945,2025-05-26,Nao,Frio,Trial
L-8009,2025-01-08,Nao,Morno,Inativo
L-9967,2025-08-21,Nao,Morno,Cancelado
L-2699,2025-06-15,Nao,Morno,Ativo
L-6464,2025-07-01,Nao,Frio,Inativo
L-9953,2025-06-28,Nao,Frio,Ativo
L-1302,2026-01-05,Nao,Frio,Inativo
L-7643,2025-02-14,Nao,Frio,Ativo
L-1900,2025-03-08,Sim,Quente,Trial
L-5578,2025-06-24,Sim,Morno,Cancelado
L-4242,2026-01-25,Sim,Morno,Cancelado
L-3195,2025-01-23,Nao,Frio,Ativo
L-7570,2025-03-20,Sim,Morno,Trial
L-4550,2025-03-02,Sim,Morno,Ativo
L-8851,2025-06-10,Nao,Frio,Ativo
L-3290,2025-02-14,,Frio,Ativo
L-4367,2025-01-19,Nao,Quente,Inativo
L-2957,2025-01-07,Sim,Quente,Cancelado
L-4890,2025-11-01,Nao,Frio,Cancelado
L-4554,2026-01-18,Sim,Quente,Trial
L-6081,2025-08-24,Sim,Morno,Trial
L-2501,2025-09-28,Sim,Quente,Cancelado
L-4816,2025-01-13,Nao,Morno,Ativo
L-9273,2026-01-18,Nao,Frio,Cancelado
L-4273,2025-02-12,Nao,Frio,Cancelado
L-6664,2025-05-20,Nao,Frio,Ativo
L-5647,2025-01-09,Nao,Quente,Cancelado
L-3892,2025-03-06,Nao,Morno,Trial
L-6662,2025-08-22,Sim,Quente,Cancelado
L-9286,2025-06-22,Nao,Morno,Trial
L-6150,2025-10-01,Nao,Frio,Trial
L-5099,2025-06-09,Sim,Quente,Ativo
L-9386,2025-08-19,Sim,Morno,Ativo
L-5391,2026-01-09,Sim,Quente,Cancelado
L-8126,2025-04-21,Nao,Morno,Trial
L-4269,2026-01-18,Sim,Morno,Trial
L-3952,2025-12-02,Nao,Morno,Ativo
L-8607,2025-09-13,Nao,Quente,Ativo
L-9637,2025-06-28,Sim,Morno,Trial
L-3897,2025-01-15,Sim,Frio,Ativo
L-1772,2025-01-19,Nao,Quente,Inativo
L-2324,2025-08-28,Nao,Morno,Trial
L-9270,2026-01-05,Nao,Frio,Cancelado
L-5488,2026-01-23,Nao,Frio,Trial
L-6905,2025-11-18,Nao,Morno,Cancelado
L-9488,2025-05-13,Nao,Frio,Trial
L-9423,2025-05-01,Sim,Quente,Inativo
L-7541,2025-11-28,Nao,Morno,Trial
L-2390,2025-05-29,Sim,Quente,Inativo
L-2908,2025-05-02,Sim,Quente,Cancelado
L-7242,2025-10-24,Sim,Quente,Cancelado
L-3399,2025-02-10,Nao,Frio,Inativo
L-9397,2025-11-19,Sim,Quente,Trial
L-2180,2025-06-20,Nao,Frio,Trial
L-9848,2025-08-15,Nao,Frio,Ativo
L-1855,2026-02-05,Nao,Frio,Trial
L-8769,2025-06-17,Nao,Morno,Ativo
L-2122,2025-09-20,Nao,Frio,Ativo
L-8980,2026-02-02,Nao,Frio,Inativo
L-4157,2025-09-24,,Frio,Inativo
L-6558,2025-07-25,Nao,Morno,Cancelado
L-8455,2026-01-21,Sim,Quente,Ativo
L-4227,2025-05-17,Sim,Quente,Cancelado
L-6908,2025-08-07,Nao,Quente,Ativo
L-3039,2025-05-05,Nao,Frio,Ativo
L-6536,2025-11-03,Nao,Frio,Trial
L-1957,2025-04-09,Sim,Quente,Trial
L-3396,2025-12-31,Nao,Quente,Ativo
L-8655,2025-02-04,Nao,Morno,Ativo
L-9864,2026-01-18,,Morno,Ativo
L-2412,2025-03-12,Sim,Quente,Ativo
L-6966,2025-07-11,Nao,Quente,Ativo
L-4827,2025-02-12,Sim,Morno,Ativo
L-6551,2025-07-01,Sim,Quente,Ativo
L-4042,2025-03-13,Sim,Quente,Ativo
L-6103,2025-11-28,Nao,Frio,Trial
L-6395,2026-01-02,Sim,Quente,Trial
L-1159,2025-01-20,Nao,Morno,Trial
L-1530,2025-10-28,Sim,Quente,Inativo
L-8088,2025-10-21,Sim,Quente,Ativo
L-8102,2025-12-02,Nao,Morno,Ativo
L-2107,2025-05-02,Nao,Frio,Trial
L-5274,2025-07-04,Sim,Quente,Ativo
L-9997,2025-05-07,Nao,Quente,Ativo
L-8349,2025-04-02,Nao,Morno,Ativo
L-4208,2025-08-07,Sim,Morno,Ativo
L-3354,2025-01-01,Sim,Quente,Trial
L-1942,2025-04-02,Sim,Morno,Cancelado
L-6043,2026-01-24,Nao,Morno,Ativo
L-8787,2025-11-07,Nao,Morno,Cancelado
L-8146,2026-01-20,Nao,Quente,Ativo
L-4961,2025-04-26,Nao,Quente,Trial
L-7755,2025-01-08,Sim,Quente,Ativo
L-8900,2025-10-12,Nao,Frio,Ativo
L-9832,2025-05-07,Sim,Quente,Trial
L-3300,2025-12-21,Sim,Quente,Trial
L-1920,2025-12-30,,Quente,Inativo
L-9750,2025-03-15,Nao,Frio,Cancelado
L-1581,2026-01-06,Nao,Frio,Ativo
L-2165,2025-11-26,Nao,Morno,Trial
L-5176,2025-10-06,Nao,Quente,Trial
L-5002,1900-01-01,Sim,Quente,Ativo
L-3086,2025-07-02,Nao,Quente,Ativo
L-9578,2025-12-29,Sim,Quente,Cancelado
L-3761,2025-10-12,Nao,Frio,Ativo
L-7082,2025-02-13,Nao,Frio,Ativo
L-1500,2025-12-20,Nao,Frio,Ativo
L-1659,2025-09-26,Sim,Morno,Trial
L-1599,2025-02-20,,Morno,Ativo
L-7647,2025-03-17,Nao,Morno,Cancelado
L-9847,2025-07-21,Sim,Quente,Ativo
L-8818,2025-07-24,Sim,Quente,Cancelado
L-1249,2025-10-28,Sim,Quente,Ativo
L-2461,2025-03-25,Nao,Quente,Inativo
L-1360,2025-12-17,Nao,Quente,Inativo
L-8939,2025-05-20,Sim,Morno,Ativo
L-3862,2025-02-08,,Frio,Ativo
L-3575,2025-03-28,Nao,Frio,Ativo
L-2088,2025-05-23,Nao,Frio,Trial
L-3248,2026-01-11,Nao,Frio,Ativo
L-5364,2025-06-14,Sim,Frio,Ativo
L-3406,2025-02-12,Nao,Morno,Trial
L-2565,2025-06-12,Nao,Quente,Trial
L-5484,2025-03-31,Nao,Frio,Ativo
L-5569,2025-11-23,,Frio,Ativo
L-1080,2025-10-01,Nao,Frio,Cancelado
L-3249,2025-03-24,Sim,Quente,Ativo
L-4565,2025-05-30,Nao,Frio,Trial
L-4621,2025-01-02,Sim,Quente,Ativo
L-2178,2025-08-02,Nao,Morno,Cancelado
L-7466,1900-01-01,Nao,Morno,Ativo
L-2479,2025-10-30,Nao,Morno,Ativo
L-6114,2025-08-20,Sim,Quente,Cancelado
L-4054,2025-04-06,Sim,Morno,Ativo
L-4165,2025-04-16,Sim,Quente,Cancelado
L-2611,2025-11-16,,Frio,Trial
L-2333,2026-01-25,Sim,Morno,Cancelado
L-8398,2025-02-06,Sim,Morno,Ativo
L-9264,2025-10-28,Nao,Frio,Ativo
L-9996,2025-10-21,Sim,Morno,Ativo
L-9228,2025-05-17,Sim,Quente,Cancelado
L-7348,2025-03-08,Nao,Morno,Ativo
L-1312,2025-12-28,Sim,Quente,Trial
L-5983,2025-11-04,Sim,Quente,Cancelado
L-8855,2025-06-28,Nao,Morno,Ativo
L-8670,2025-07-14,Nao,Frio,Ativo
L-4517,2025-09-30,Nao,Frio,Inativo
L-6677,2025-09-22,Sim,Morno,Trial
L-7857,2025-12-02,Nao,Quente,Cancelado
L-8081,2025-09-06,Nao,Morno,Trial
L-5152,2025-01-12,Nao,Frio,Inativo
L-1580,2025-11-04,Nao,Frio,Trial
L-5323,2025-11-27,,Frio,Inativo
L-3252,2026-01-30,Nao,Morno,Ativo
L-5396,2025-04-15,Sim,Frio,Trial
L-6144,2025-01-27,Nao,Morno,Trial
L-2474,2025-06-19,Sim,Quente,Cancelado
L-7703,2025-05-14,Nao,Morno,Cancelado
L-4392,2025-10-06,Sim,Morno,Cancelado
L-2458,2025-09-26,Nao,Frio,Trial
L-6044,2025-04-29,Nao,Frio,Cancelado
L-5847,2025-09-07,Sim,Morno,Ativo
L-8249,2025-12-12,Nao,Frio,Ativo
L-7523,2026-01-15,Sim,Morno,Cancelado
L-9633,2025-08-18,Nao,Morno,Inativo
L-4778,2025-02-14,Sim,Quente,Cancelado
L-8097,2025-07-04,Nao,Frio,Trial
L-5253,2025-06-29,Nao,Frio,Trial
L-4178,2025-04-09,Sim,Quente,Inativo
L-9905,2025-01-06,Nao,Morno,Ativo
L-1716,2025-11-05,Sim,Quente,Ativo
L-2461,2025-08-01,Sim,Quente,Inativo
L-9125,2025-07-09,Sim,Quente,Trial
L-8521,2026-01-08,Nao,Frio,Ativo
L-6339,2025-01-12,Sim,Quente,Trial
L-1980,2025-11-13,Nao,Frio,Cancelado
L-5177,2025-06-11,Sim,Morno,Trial
L-3324,2025-08-17,Sim,Quente,Ativo
L-1941,2025-08-06,Nao,Frio,Inativo
L-7606,2025-04-11,Nao,Morno,Trial
L-8271,2025-01-31,Nao,Morno,Cancelado
L-3639,2025-03-23,Sim,Frio,Ativo
L-2776,2025-10-20,Sim,Frio,Ativo
L-7255,2025-09-16,Sim,Quente,Ativo
L-5446,1900-01-01,Sim,Quente,Ativo
L-8654,2025-06-24,Sim,Frio,Trial
L-3038,2025-09-26,Sim,Quente,Ativo
L-8958,2025-07-31,Sim,Quente,Ativo
L-9200,2025-09-30,Sim,Quente,Trial
L-3454,2025-08-09,,Morno,Trial
L-5446,2025-09-26,Nao,Morno,Ativo
L-8399,2025-09-02,Nao,Morno,Cancelado
L-9453,2025-10-27,Nao,Frio,Ativo
L-6079,2025-02-12,Sim,Quente,Trial
L-8745,2025-09-22,Sim,Morno,Ativo
L-9579,2025-03-19,Nao,Morno,Trial
L-5529,2025-05-10,Nao,Frio,Ativo
L-7145,2025-04-30,,Morno,Trial
L-8630,2025-09-03,Nao,Morno,Trial
L-8515,2026-01-30,Nao,Frio,Inativo
L-7504,2025-06-13,,Frio,Trial
L-5699,2025-07-19,Nao,Frio,Ativo
L-6196,2025-12-21,Nao,Morno,Trial
L-6167,2025-12-29,Sim,Morno,Inativo
L-2765,2025-03-27,Nao,Frio,Ativo
L-4151,2025-09-13,,Morno,Inativo
L-8697,2025-07-04,Sim,Quente,Ativo
L-2721,2025-09-12,Sim,Quente,Trial
L-2634,2025-12-28,Nao,Frio,Ativo
L-1430,2025-04-10,Sim,Morno,Trial
L-2495,2025-07-21,Nao,Morno,Ativo
L-5219,2025-02-19,Nao,Morno,Trial
L-4168,2025-11-15,Nao,Frio,Trial
L-1759,2026-01-05,Sim,Morno,Ativo
L-5287,2025-01-20,Nao,Frio,Ativo
L-3926,2025-12-12,Sim,Quente,Ativo
L-7771,2025-05-21,Nao,Quente,Ativo
L-4186,2025-10-26,Sim,Morno,Trial
L-3087,2025-09-14,,Frio,Cancelado
L-3470,2025-04-25,Nao,Morno,Trial
L-3184,2025-11-13,Nao,Quente,Ativo
L-1987,2025-10-12,Nao,Morno,Ativo
L-8908,2025-06-04,Nao,Morno,Ativo
L-5942,2025-03-03,Nao,Frio,Trial
L-4735,2025-11-15,Sim,Quente,Cancelado
L-2409,2025-12-03,Nao,Frio,Ativo
L-2503,2026-01-02,Sim,Quente,Ativo
L-4280,2025-05-15,Sim,Morno,Trial
L-1431,2025-07-06,Nao,Frio,Ativo
L-6945,2025-01-15,Nao,Morno,Cancelado
L-4041,2025-12-21,Sim,Morno,Ativo
L-6972,2025-01-12,Sim,Quente,Ativo
L-6531,2025-02-23,,Morno,Trial
L-1428,2025-10-02,Nao,Morno,Inativo
L-3512,2025-06-11,Sim,Morno,Ativo
L-1670,2025-10-10,Sim,Morno,Trial
L-8874,2025-03-19,Nao,Frio,Ativo
L-9134,2025-07-08,Nao,Morno,Cancelado
L-9253,2026-01-29,Sim,Quente,Ativo
L-2966,2025-02-26,Sim,Quente,Cancelado
L-2425,2025-08-08,Sim,Quente,Inativo
L-9696,2025-10-25,Nao,Frio,Inativo
L-3607,2025-05-02,Nao,Morno,Trial
L-2287,2025-06-27,Nao,Morno,Trial
L-6350,2025-10-23,,Morno,Cancelado
L-2137,2025-11-04,,Frio,Ativo
L-6719,2025-08-09,Sim,Quente,Cancelado
L-1688,2025-12-02,Sim,Morno,Cancelado
L-6587,2025-05-11,Nao,Frio,Ativo
L-6086,2025-06-25,Nao,Morno,Trial
L-8420,2025-08-09,Nao,Frio,Trial
L-3105,2025-02-12,Sim,Morno,Ativo
L-4012,2025-05-20,Sim,Frio,Ativo
L-2219,2025-05-23,Sim,Quente,Ativo
L-8472,2025-04-08,Sim,Quente,Trial
L-3736,2025-04-26,Sim,Morno,Ativo
L-1309,2025-01-02,Sim,Quente,Trial
L-8737,2025-09-01,Sim,Quente,Inativo
L-1882,2025-05-24,Sim,Quente,Cancelado
L-6793,2025-02-24,Nao,Frio,Cancelado
L-8020,2025-10-18,Nao,Morno,Inativo
L-1284,2025-05-02,Nao,Frio,Inativo
L-1654,2025-10-08,,Frio,Trial
L-1474,2025-11-11,Sim,Quente,Trial
L-2123,2025-01-13,Sim,Quente,Ativo
L-3474,2025-11-02,Nao,Morno,Inativo
L-3083,2025-02-21,Sim,Quente,Trial
L-9441,2025-02-26,Nao,Frio,Ativo
L-4522,2025-06-16,Sim,Quente,Trial
L-7243,2025-09-25,Nao,Morno,Ativo
L-6868,2025-03-31,Sim,Morno,Trial
L-2131,2025-06-19,Sim,Frio,Cancelado
L-1970,2025-11-18,Sim,Morno,Trial
L-2607,2025-02-28,Nao,Frio,Cancelado
L-6070,2025-03-15,Sim,Quente,Ativo
L-3322,2025-01-09,Sim,Morno,Trial
L-9807,2026-02-02,Nao,Frio,Ativo
L-3452,2025-07-13,Sim,Morno,Cancelado
L-4182,2025-05-15,,Morno,Cancelado
L-6389,2025-05-19,Nao,Frio,Cancelado
L-8009,2025-05-28,Sim,Quente,Trial
L-9567,2025-02-16,Nao,Morno,Trial
L-3430,2025-06-20,Nao,Morno,Cancelado
L-5849,2025-03-14,,Frio,Cancelado
L-7876,2025-08-02,Sim,Quente,Ativo
L-9716,2025-06-02,Nao,Frio,Cancelado
L-5679,2025-04-27,Nao,Morno,Trial
L-9287,2025-02-28,Nao,Morno,Ativo
L-5344,2025-04-14,Nao,Frio,Ativo
L-7824,2025-06-07,Nao,Morno,Ativo
L-2609,2025-10-03,Sim,Morno,Cancelado
L-5474,2025-04-24,Sim,Morno,Ativo
L-7997,2025-05-17,Nao,Frio,Inativo
L-1235,2025-07-02,Sim,Frio,Trial
L-3725,2025-04-05,Sim,Frio,Trial
L-9900,2025-01-14,Nao,Quente,Trial
L-7428,2025-02-17,Nao,Frio,Trial
L-1724,2025-08-03,Nao,Frio,Trial
L-9644,2025-08-04,Nao,Frio,Ativo
L-6441,2025-03-04,Sim,Morno,Cancelado
L-4732,1900-01-01,Sim,Frio,Ativo
L-4657,2025-10-20,Sim,Morno,Inativo
L-2920,2025-12-10,Nao,Frio,Inativo
L-2812,2025-05-24,Nao,Quente,Trial
L-2694,2026-02-01,Sim,Quente,Ativo
L-9004,2025-01-27,Sim,Quente,Trial
L-7713,2025-01-07,Sim,Quente,Ativo
L-4102,2025-02-10,Nao,Frio,Ativo
L-2021,2025-05-18,Sim,Quente,Ativo
L-5839,2025-08-11,Nao,Morno,Ativo
L-5625,2025-10-22,Nao,Morno,Ativo
L-6502,2025-02-07,Nao,Frio,Ativo
L-7798,2025-10-07,Sim,Quente,Cancelado
L-2686,2025-09-18,Sim,Frio,Trial
L-3410,2025-02-14,Nao,Morno,Trial
L-5624,2025-04-10,Sim,Quente,Cancelado
L-5466,2025-02-03,Nao,Frio,Ativo
L-6621,2025-07-11,,Frio,Ativo
L-1693,2025-06-07,Sim,Quente,Cancelado
L-1106,2025-06-23,Nao,Frio,Trial
L-1772,2025-07-13,Nao,Frio,Cancelado
L-9787,2025-04-16,Nao,Frio,Trial
L-6876,2025-04-16,Nao,Frio,Inativo
L-9153,2025-08-10,Sim,Morno,Cancelado
L-1716,2025-10-02,,Frio,Ativo
L-7108,2025-01-09,Nao,Frio,Ativo
L-1124,2025-04-13,Sim,Morno,Ativo
L-4663,2025-05-07,Nao,Frio,Ativo
L-5752,2025-12-20,Sim,Frio,Cancelado
L-5601,2025-01-27,Nao,Morno,Ativo
L-9256,2025-02-12,Nao,Quente,Trial
L-7194,2025-04-12,Nao,Morno,Cancelado
L-3295,2025-11-17,Nao,Quente,Ativo
L-3675,2025-06-12,Nao,Frio,Trial
L-9999,1900-01-01,Nao,Morno,Cancelado
L-6585,2025-07-19,Nao,Morno,Trial
L-5085,2025-09-16,Nao,Frio,Trial
L-3911,2025-11-20,Nao,Morno,Trial
L-7433,2025-01-25,Sim,Quente,Ativo
L-5910,2025-12-10,Sim,Quente,Cancelado
L-2897,2025-04-28,Nao,Quente,Ativo
L-5036,2025-04-08,Sim,Quente,Cancelado
L-7633,2025-02-12,Nao,Morno,Trial
L-3717,2025-08-17,Nao,Frio,Trial
L-9266,2026-01-03,Nao,Frio,Ativo
L-7893,2025-06-13,Sim,Morno,Trial
L-3844,2025-04-17,Sim,Quente,Ativo
L-8692,2025-03-29,Sim,Frio,Trial
L-6741,2025-06-19,Sim,Quente,Trial
L-2737,2025-02-01,Sim,Morno,Ativo
L-8392,2026-02-01,Sim,Quente,Trial
L-4365,2025-10-31,Nao,Quente,Ativo
L-7023,2025-10-18,Sim,Quente,Cancelado
L-3312,2025-01-02,,Frio,Ativo
L-2361,2025-03-24,Nao,Frio,Ativo
L-4905,2025-01-15,Nao,Frio,Ativo
L-5128,2025-05-09,Sim,Morno,Inativo
L-2960,2025-07-04,Nao,Morno,Ativo
L-5862,2025-10-22,,Frio,Trial
L-3256,2026-01-07,Nao,Morno,Cancelado
L-9931,2025-01-14,Nao,Frio,Trial
L-5567,2025-04-21,Nao,Frio,Inativo
L-1565,2025-05-17,Nao,Morno,Ativo
L-6363,1900-01-01,Nao,Frio,Trial
L-6050,2025-12-13,Nao,Morno,Trial
L-8586,2025-12-05,Nao,Frio,Ativo
L-2644,2025-06-28,Nao,Frio,Ativo
L-1178,2025-05-23,Sim,Quente,Ativo
L-2396,2025-03-31,Nao,Morno,Trial
L-6263,2025-01-04,Nao,Frio,Cancelado
L-9564,2026-01-12,Nao,Frio,Trial
L-5644,2025-06-03,Nao,Morno,Trial
L-3268,2025-01-10,,Morno,Trial
L-9940,2025-11-28,Sim,Quente,Trial
L-9767,2025-02-10,Sim,Morno,Cancelado
L-2679,2025-04-30,Sim,Morno,Trial
L-1326,2025-08-23,Sim,Frio,Ativo
L-2454,2025-02-14,Nao,Morno,Ativo
L-7318,2025-11-17,Sim,Morno,Ativo
L-1401,2025-01-09,Sim,Quente,Ativo
L-7060,2025-06-09,Sim,Quente,Ativo
L-2708,1900-01-01,Sim,Quente,Ativo
L-6654,2025-06-19,Nao,Frio,Ativo
L-5631,2025-03-08,Nao,Morno,Cancelado
L-4190,2025-04-27,Nao,Frio,Ativo
L-9742,2025-10-16,Sim,Quente,Trial
L-7571,2025-10-06,Nao,Frio,Inativo
L-8347,2025-02-18,Nao,Frio,Cancelado
L-9412,2025-02-10,Nao,Quente,Ativo
L-4198,2025-10-17,Nao,Morno,Trial
L-9914,2026-02-03,Sim,Quente,Cancelado
L-9970,2026-02-01,,Quente,Inativo
L-5004,2025-06-25,Sim,Morno,Trial
L-3177,2025-05-10,,Frio,Trial
L-5366,2025-03-12,Nao,Frio,Trial
L-5154,2025-03-31,Nao,Frio,Cancelado
L-3464,2025-05-25,Sim,Morno,Inativo
L-7676,2025-08-04,Sim,Quente,Ativo
L-2147,2025-04-30,Nao,Frio,Trial
L-7735,2025-08-24,Sim,Quente,Trial
L-4349,1900-01-01,Sim,Quente,Cancelado
L-4969,2025-04-14,Nao,Frio,Ativo
L-6885,2025-03-22,Nao,Frio,Cancelado
L-6914,2025-02-22,Sim,Quente,Trial
L-8745,2025-05-31,Sim,Morno,Ativo
L-6764,2025-01-20,Sim,Morno,Inativo
L-3124,2025-07-20,,Morno,Inativo
L-3345,2026-02-03,Sim,Frio,Trial
L-1426,2025-05-16,Nao,Frio,Ativo
L-6054,2025-09-28,Nao,Morno,Ativo
L-5229,2025-10-16,Sim,Morno,Cancelado
L-7685,2025-01-07,,Frio,Inativo
L-7560,2025-04-24,Nao,Frio,Ativo
L-7201,2025-03-07,Nao,Morno,Cancelado
L-4827,2025-03-27,Nao,Frio,Cancelado
L-1096,2025-12-12,Nao,Morno,Inativo
L-3235,2025-07-06,Nao,Morno,Cancelado
L-2543,2025-10-13,Sim,Quente,Ativo
L-7006,2025-12-11,Nao,Quente,Cancelado
L-4081,2025-11-17,Sim,Frio,Ativo
L-6689,2025-11-06,Sim,Quente,Trial
L-7278,2025-05-13,,Quente,Inativo
L-1397,2025-05-09,,Quente,Cancelado
L-1486,1900-01-01,Nao,Frio,Trial
L-9059,2025-08-11,Nao,Frio,Ativo
L-6880,2025-04-10,Sim,Frio,Cancelado
L-3270,2026-02-05,Nao,Frio,Trial
L-7728,2025-03-29,Nao,Morno,Cancelado
L-7779,2025-06-14,Sim,Quente,Cancelado
L-8681,2025-04-18,Nao,Frio,Cancelado
L-7871,2025-11-05,Nao,Frio,Trial
L-1637,2025-01-07,Sim,Quente,Trial
L-7633,2025-03-13,Nao,Frio,Cancelado
L-9743,2025-08-04,Nao,Morno,Ativo
L-7729,2025-03-19,Sim,Quente,Ativo
L-1038,2025-07-18,Nao,Morno,Cancelado
L-9746,2025-06-18,Nao,Morno,Inativo
L-9340,2025-08-14,,Frio,Trial
L-3144,2025-02-07,Nao,Frio,Trial
L-6376,2025-03-12,Sim,Quente,Cancelado
L-7762,2026-01-03,Sim,Morno,Ativo
L-4936,2025-04-20,Nao,Morno,Trial
L-7162,2025-12-08,Nao,Frio,Ativo
L-9070,2025-05-18,Sim,Quente,Ativo
L-4682,2026-02-05,Sim,Quente,Cancelado
L-8903,2026-01-05,Nao,Morno,Trial
L-2983,2025-08-02,Nao,Frio,Trial
L-5172,1900-01-01,,Frio,Cancelado
L-9258,2025-08-07,Sim,Quente,Ativo
L-9493,2025-11-05,Sim,Quente,Ativo
L-3031,2025-10-31,Nao,Morno,Inativo
L-8838,2025-03-07,Nao,Morno,Trial
L-5917,2025-02-02,Nao,Frio,Ativo
L-6626,2025-11-25,Nao,Frio,Ativo
L-7883,2025-01-26,,Quente,Trial
L-2207,2025-07-28,Nao,Frio,Cancelado
L-4706,2025-05-16,Nao,Frio,Cancelado
L-5128,2025-09-08,Sim,Quente,Cancelado
L-5741,2025-05-22,Sim,Quente,Ativo
L-9759,2025-04-29,Nao,Morno,Inativo
L-2969,2025-06-27,Sim,Quente,Inativo
L-5753,2025-09-21,Sim,Quente,Ativo
L-8816,2026-01-04,Nao,Frio,Trial
L-5412,2025-06-01,Nao,Morno,Cancelado
L-3877,2025-12-14,,Morno,Ativo
L-6723,2025-10-08,Nao,Frio,Trial
L-9026,2025-03-02,Nao,Frio,Inativo
L-8648,2025-05-22,Sim,Quente,Cancelado
L-3862,2025-12-01,Nao,Frio,Inativo
L-6701,2025-09-02,Nao,Frio,Trial
L-9421,2025-03-17,Nao,Frio,Inativo
L-3146,2025-10-29,Sim,Frio,Ativo
L-4103,2025-09-30,Sim,Quente,Trial
L-7591,2025-07-16,Nao,Frio,Ativo
L-2121,2025-11-05,Nao,Frio,Ativo
L-1714,2026-02-04,Sim,Frio,Ativo
L-4449,2025-01-02,Sim,Morno,Trial
L-8391,2025-01-23,Nao,Frio,Ativo
L-4829,2025-10-29,Sim,Quente,Cancelado
L-2441,2025-10-30,,Morno,Cancelado
L-2599,2025-01-03,Nao,Frio,Trial
L-7435,2025-03-02,Sim,Quente,Inativo
L-2869,2025-06-19,Nao,Frio,Ativo
L-2134,2025-11-28,Sim,Frio,Cancelado
L-2525,2025-11-29,Nao,Quente,Ativo
L-4928,2025-10-26,Sim,Morno,Cancelado
L-8149,2025-09-27,Nao,Frio,Cancelado
L-5746,2026-01-28,Nao,Morno,Inativo
L-2373,2025-09-17,Nao,Morno,Inativo
L-4463,2025-12-10,Nao,Quente,Ativo
L-4020,2025-12-30,Nao,Frio,Cancelado
L-2562,2025-05-07,Nao,Frio,Trial
L-5700,2025-09-21,Nao,Quente,Trial
L-3497,2025-06-19,Nao,Frio,Cancelado
L-9475,2025-06-19,,Morno,Cancelado
L-7100,2025-06-27,Nao,Frio,Trial
L-3846,2025-07-01,Nao,Morno,Cancelado
L-8943,2025-12-25,Nao,Morno,Trial
L-3861,2025-12-29,Sim,Morno,Cancelado
L-1218,2025-06-27,Nao,Frio,Ativo
L-4489,2025-07-21,Sim,Quente,Ativo
L-5557,2025-03-29,Nao,Frio,Ativo
L-4480,2025-11-05,Sim,Morno,Ativo
L-5624,2025-03-08,Sim,Morno,Ativo
L-4544,2025-10-13,Nao,Frio,Trial
L-3603,2026-01-04,Nao,Quente,Ativo
L-7894,2025-02-06,Nao,Frio,Ativo
L-2865,2025-01-09,Sim,Morno,Ativo
L-1751,2025-10-13,Sim,Morno,Trial
L-6558,2025-01-17,Sim,Quente,Cancelado
L-1172,2025-01-26,Sim,Quente,Trial
L-6421,2025-07-29,Nao,Morno,Ativo
L-2688,2025-06-20,Nao,Frio,Trial
L-9765,1900-01-01,Sim,Quente,Trial
L-5110,2025-05-14,Nao,Frio,Cancelado
L-3904,2025-12-14,Sim,Quente,Ativo
L-6040,2025-12-02,Nao,Morno,Trial
L-1924,2025-04-29,Nao,Frio,Trial
L-5632,2025-07-13,Nao,Morno,Ativo
L-1230,2025-02-08,Sim,Morno,Inativo
L-1901,2025-04-29,Nao,Morno,Trial
L-5579,2025-06-02,Nao,Frio,Cancelado
L-1397,2025-06-02,Nao,Morno,Cancelado
L-7649,2025-07-17,Sim,Frio,Inativo
L-8483,2025-12-17,Sim,Morno,Ativo
L-7544,2025-05-18,Nao,Morno,Trial
L-7166,2025-02-17,Nao,Quente,Cancelado
L-7622,2025-11-15,Nao,Morno,Trial
L-3359,2025-07-16,Sim,Quente,Ativo
L-3744,2025-08-17,,Morno,Cancelado
L-3032,2025-03-14,Sim,Quente,Ativo
L-5137,2025-04-14,Nao,Frio,Trial
L-3788,2025-06-15,Sim,Frio,Cancelado
L-7296,2025-11-13,Nao,Morno,Trial
L-8734,2025-02-07,Nao,Quente,Trial
L-4600,2025-06-29,Sim,Quente,Ativo
L-7840,2025-06-10,Sim,Morno,Inativo
L-9793,2025-04-13,Nao,Frio,Inativo
L-1630,2026-01-21,Nao,Frio,Ativo
L-9547,2025-06-09,Nao,Frio,Cancelado
L-3775,2025-03-22,Nao,Frio,Trial
L-9264,2025-06-15,Sim,Quente,Trial
L-6162,2025-10-16,Sim,Morno,Trial
L-8860,2025-01-12,Nao,Frio,Ativo
L-3238,2025-10-07,Sim,Morno,Ativo
L-8333,2025-02-21,Nao,Morno,Ativo
L-9562,2025-04-02,Nao,Frio,Cancelado
L-1148,2025-04-08,Nao,Frio,Inativo
L-2289,2025-01-14,Sim,Morno,Inativo
L-6201,2025-02-25,Nao,Morno,Ativo
L-2183,2025-06-14,Nao,Morno,Ativo
L-5104,2025-11-07,Nao,Morno,Trial
L-4636,2025-12-20,Nao,Morno,Trial
L-9785,2025-09-19,Sim,Frio,Inativo
L-5737,2025-10-07,Sim,Quente,Ativo
L-7040,2025-06-01,Nao,Morno,Inativo
L-5951,2025-04-28,Nao,Morno,Trial
L-3969,2025-07-31,Sim,Quente,Ativo
L-8157,2026-01-17,,Morno,Inativo
L-1451,2025-02-26,Sim,Morno,Trial
L-3916,2025-02-28,Sim,Quente,Trial
L-5679,2025-09-29,Sim,Quente,Cancelado
L-3284,2026-01-12,Nao,Morno,Trial
L-3318,2025-04-16,Sim,Quente,Ativo
L-7085,2025-01-18,Sim,Morno,Trial
L-8017,2025-02-23,Nao,Morno,Trial
L-2678,2025-06-25,Sim,Quente,Trial
L-5740,2025-01-09,Nao,Frio,Trial
L-1752,2026-01-14,Sim,Quente,Cancelado
L-2459,2025-02-17,Nao,Quente,Ativo
L-6087,2025-01-06,,Morno,Ativo
L-5537,2026-01-13,Sim,Quente,Ativo
L-4331,2025-04-18,Nao,Morno,Ativo
L-9687,2025-03-13,Nao,Frio,Ativo
L-6328,2025-04-28,Nao,Frio,Ativo
L-7182,2026-01-24,Nao,Morno,Ativo
L-9204,2025-06-06,Sim,Frio,Cancelado
L-5392,2025-08-21,Sim,Frio,Cancelado
L-3566,2025-10-20,Sim,Quente,Ativo
L-1465,2026-01-29,Sim,Quente,Trial
L-9311,2025-01-01,Sim,Quente,Cancelado
L-9419,2025-03-07,Sim,Quente,Cancelado
L-9931,2025-09-17,,Quente,Ativo
L-1501,2025-07-29,Sim,Quente,Trial
L-7869,2025-04-10,,Frio,Ativo
L-5616,2025-04-18,,Morno,Cancelado
L-8697,2025-03-19,Nao,Morno,Ativo
L-5696,2025-08-24,Nao,Morno,Ativo
L-3357,2025-10-23,Sim,Quente,Ativo
L-4735,2026-02-05,Sim,Morno,Ativo
L-9659,2025-02-27,Nao,Frio,Trial
L-3408,2025-10-14,Nao,Morno,Ativo
L-8292,2025-11-24,Sim,Frio,Cancelado
L-7373,2025-10-13,Nao,Frio,Trial
L-4979,2025-10-15,Sim,Quente,Trial
L-8082,2025-01-08,Sim,Quente,Ativo
L-2113,2025-05-21,Sim,Morno,Cancelado
L-8672,2025-02-05,Nao,Frio,Trial
L-7205,2025-07-16,Sim,Morno,Ativo
L-3041,2025-01-14,Sim,Quente,Inativo
L-4075,2025-01-02,,Morno,Trial
L-2273,2025-07-16,Sim,Morno,Cancelado
L-2384,2025-02-18,Nao,Morno,Ativo
L-5688,2025-10-27,Nao,Frio,Trial
L-1827,2025-12-07,,Morno,Trial
L-8144,2025-09-10,,Frio,Trial
L-5375,2025-01-12,Nao,Morno,Cancelado
L-1579,2025-10-11,Nao,Frio,Cancelado
L-1074,2025-07-26,Sim,Morno,Ativo
L-6776,2025-09-09,Sim,Morno,Ativo
L-6146,2025-02-18,Sim,Quente,Trial
L-2961,2025-11-27,Nao,Quente,Ativo
L-5458,2026-01-06,Nao,Morno,Ativo
L-3827,2025-08-20,Sim,Morno,Inativo
L-2934,2025-08-14,,Frio,Ativo
L-3427,2026-01-22,,Frio,Trial
L-5133,2026-01-07,,Frio,Inativo
L-8655,2026-01-19,Sim,Quente,Trial
L-8492,2025-10-05,Nao,Frio,Trial
L-3984,2025-08-29,Sim,Quente,Cancelado
L-3695,2026-01-27,Nao,Morno,Trial
L-3296,2025-12-21,Sim,Quente,Cancelado
L-4183,2025-07-26,Sim,Quente,Inativo
L-2770,2025-05-15,Nao,Morno,Ativo
L-9539,1900-01-01,Sim,Frio,Ativo
L-3982,2025-03-08,Sim,Quente,Ativo
L-1714,2025-12-08,Sim,Frio,Trial
L-1855,2025-04-08,Nao,Frio,Trial
L-9916,2025-09-15,Sim,Quente,Cancelado
L-5507,2025-07-21,Nao,Morno,Ativo
L-8159,2025-04-04,Nao,Morno,Trial
L-4374,2025-03-15,Nao,Frio,Ativo
L-9701,2025-07-13,Nao,Morno,Ativo
L-4677,2025-11-28,Nao,Frio,Ativo
L-4368,2026-02-05,Sim,Quente,Trial
L-5311,2025-01-24,Sim,Quente,Trial
L-1851,2025-12-17,Sim,Morno,Trial
L-8745,2025-10-01,Sim,Quente,Ativo
L-8760,2025-06-04,Nao,Morno,Cancelado
L-8933,2026-01-05,Nao,Morno,Ativo
L-5547,2025-05-02,Nao,Frio,Trial
L-3935,2025-06-15,Sim,Morno,Trial
L-1173,2025-11-11,Nao,Frio,Trial
L-2544,2025-10-19,Sim,Morno,Ativo
L-3696,2025-02-25,Nao,Morno,Trial
L-4877,2025-02-15,Sim,Quente,Ativo
L-6378,2025-07-07,Sim,Frio,Ativo
L-8225,2025-03-10,Sim,Quente,Ativo
L-8240,2025-07-21,Sim,Morno,Inativo
L-1419,2025-03-12,Nao,Frio,Ativo
L-9070,2025-08-03,Nao,Morno,Ativo
L-5093,2025-01-08,Sim,Morno,Trial
L-6955,2025-05-19,Sim,Morno,Ativo
L-7472,2025-12-05,Sim,Morno,Ativo
L-3253,1900-01-01,Nao,Frio,Inativo
L-9353,2025-11-22,Nao,Frio,Inativo
L-3081,2025-12-26,Sim,Quente,Cancelado
L-4193,2025-12-13,Nao,Morno,Ativo
L-2134,2025-05-09,Nao,Frio,Cancelado
L-4372,2025-09-17,Nao,Morno,Trial
L-1252,2025-10-30,Sim,Morno,Trial
L-8599,2025-12-04,Nao,Frio,Ativo
L-8141,2026-01-20,Sim,Quente,Inativo
L-5238,2025-10-31,Nao,Frio,Ativo
L-3256,2025-08-21,Nao,Frio,Ativo
L-3983,2025-09-26,Sim,Morno,Cancelado
L-6083,2025-11-26,Nao,Morno,Cancelado
L-2414,2025-06-29,Sim,Morno,Ativo
L-6517,2025-11-10,Nao,Morno,Trial
L-3455,2025-10-22,Nao,Morno,Ativo
L-6488,2025-07-05,Nao,Frio,Trial
L-4062,2025-09-20,Sim,Quente,Trial
L-4652,2025-06-02,Nao,Morno,Ativo
L-5480,2025-01-05,Nao,Frio,Cancelado
L-5646,2025-07-21,Nao,Frio,Inativo
L-6121,2025-05-06,Nao,Morno,Trial
L-8761,2025-03-31,Sim,Morno,Cancelado
L-8563,2026-01-24,Sim,Quente,Ativo
L-2865,2025-06-29,Nao,Morno,Trial
L-8030,2025-11-02,Nao,Morno,Ativo
L-5415,2025-01-14,Nao,Quente,Ativo
L-9495,2026-01-21,,Morno,Cancelado
L-5393,2025-02-26,Nao,Morno,Ativo
L-7657,2025-10-12,Nao,Frio,Cancelado
L-5652,2025-02-26,Sim,Quente,Ativo
L-7420,2025-08-18,Nao,Morno,Ativo
L-3786,2025-10-05,Nao,Morno,Trial
L-6052,2025-09-20,Nao,Morno,Ativo
L-6001,2025-10-04,,Frio,Trial
L-2993,2025-04-14,Nao,Morno,Trial
L-2727,2025-06-21,,Morno,Trial
L-4708,2025-12-24,Sim,Quente,Inativo
L-4037,2026-01-03,Sim,Quente,Inativo
L-8694,2025-09-07,Nao,Morno,Cancelado
L-1125,2025-03-04,,Morno,Trial
L-6596,2025-04-02,Sim,Quente,Trial
L-6182,2025-05-04,Sim,Morno,Ativo
L-8546,2025-03-19,Sim,Quente,Cancelado
L-1755,2026-02-04,Sim,Frio,Cancelado
L-6382,2026-01-01,Nao,Morno,Cancelado
L-4351,2025-05-06,Sim,Quente,Inativo
L-8024,2025-01-29,Sim,Quente,Trial
L-9971,2026-01-09,Sim,Frio,Trial
L-3858,2025-04-16,Sim,Quente,Inativo
L-5732,2025-01-08,Sim,Quente,Ativo
L-7099,2025-02-19,Sim,Quente,Ativo
L-1198,2025-02-08,Sim,Quente,Ativo
L-2695,2025-01-13,Sim,Quente,Ativo
L-6817,2025-08-31,Nao,Frio,Trial
L-8738,2025-11-02,Sim,Quente,Trial
L-5613,2025-11-21,Sim,Morno,Cancelado
L-5339,2025-12-19,Nao,Morno,Ativo
L-4604,2025-04-19,Sim,Morno,Inativo
L-3272,2025-11-21,Nao,Morno,Ativo
L-4759,2025-04-11,Nao,Frio,Ativo
L-9882,2025-09-27,Nao,Morno,Cancelado
L-9943,2025-12-05,Sim,Quente,Cancelado
L-4695,2026-01-16,Sim,Quente,Cancelado
L-6047,2025-07-01,Nao,Quente,Ativo
L-7378,2025-09-30,Sim,Quente,Ativo
L-8464,2025-11-24,Sim,Morno,Inativo
L-2906,2025-03-29,Sim,Morno,Ativo
L-6235,2026-01-09,Nao,Frio,Trial
L-7788,2025-10-18,Nao,Frio,Ativo
L-7000,2026-01-30,Sim,Quente,Cancelado
L-6529,2025-10-18,Sim,Morno,Ativo
L-8856,2026-01-08,Nao,Morno,Inativo
L-9055,2025-12-18,Nao,Morno,Cancelado
L-1593,2026-01-24,Nao,Morno,Inativo
L-5168,2025-05-27,Nao,Quente,Cancelado
L-1279,2025-03-07,Sim,Quente,Trial
L-7523,2025-01-14,Sim,Morno,Inativo
L-1088,2025-01-27,Nao,Frio,Trial
L-1583,2026-01-09,,Morno,Cancelado
L-8710,2025-01-19,,Frio,Ativo
L-9593,2025-08-06,Nao,Morno,Ativo
L-4863,2025-12-20,Nao,Morno,Trial
L-1227,2025-07-04,Nao,Frio,Cancelado
L-4191,2025-05-16,Sim,Quente,Ativo
L-9782,2025-03-17,Sim,Quente,Cancelado
L-6987,2025-06-12,Sim,Morno,Ativo
L-6290,2025-10-19,Nao,Frio,Trial
L-4635,2025-10-29,Nao,Frio,Trial
L-5167,2025-10-07,Nao,Frio,Trial
L-1038,2025-11-19,Nao,Morno,Trial
L-9613,2025-08-13,,Frio,Ativo
L-8165,2026-01-03,Nao,Frio,Trial
L-4857,2025-02-07,Nao,Frio,Ativo
L-9056,2025-04-13,Nao,Morno,Cancelado
L-2652,2025-07-27,Sim,Frio,Inativo
L-4184,2025-07-19,Sim,Quente,Ativo
L-7096,2026-01-20,Sim,Morno,Cancelado
L-1893,2025-05-18,Nao,Frio,Cancelado
L-9797,2025-12-23,Sim,Morno,Ativo
L-9305,2025-01-30,Nao,Morno,Trial
L-8963,2025-04-20,Nao,Morno,Trial
L-7771,2025-09-14,Nao,Frio,Inativo
L-3439,2025-11-13,Nao,Morno,Ativo
L-2513,2025-03-12,Sim,Quente,Trial
L-8505,2025-09-20,Sim,Quente,Trial
L-4677,2025-03-29,Sim,Quente,Inativo
L-9029,2025-12-19,,Quente,Trial
L-5821,2025-01-31,,Quente,Ativo
L-3781,2025-11-26,Nao,Frio,Cancelado
L-7997,2025-07-08,Sim,Quente,Cancelado
L-8101,2025-12-31,Nao,Morno,Ativo
L-1649,1900-01-01,,Morno,Cancelado
L-4187,2025-10-22,Sim,Quente,Inativo
L-9766,2025-05-29,,Frio,Trial
L-5403,2026-01-25,Sim,Quente,Ativo
L-4233,2025-03-31,Sim,Quente,Trial
L-9570,2025-07-22,Sim,Quente,Trial
L-1130,2025-01-20,Nao,Morno,Ativo
L-9666,2025-04-17,,Morno,Ativo
L-5530,2025-01-19,Nao,Morno,Cancelado
L-4650,2025-05-30,Sim,Frio,Trial
L-1878,2025-02-05,Sim,Quente,Ativo
L-8527,2026-01-19,Sim,Morno,Ativo
L-9771,2025-11-04,Sim,Quente,Cancelado
L-7833,2025-06-21,Sim,Morno,Ativo
L-2379,2025-02-07,Nao,Morno,Inativo
L-9102,2025-05-11,Nao,Morno,Ativo
L-9683,2025-01-27,Nao,Frio,Trial
L-7284,2026-01-23,,Frio,Ativo
L-7486,2025-12-14,Sim,Frio,Ativo
L-6579,2025-10-14,Sim,Quente,Trial
L-3288,2025-04-19,Nao,Frio,Trial
L-5696,2025-06-12,Nao,Frio,Cancelado
L-4778,2025-11-24,Sim,Frio,Cancelado
L-8768,2025-07-07,Nao,Frio,Cancelado
L-5001,2025-04-06,Nao,Frio,Ativo
L-4446,2025-05-21,Sim,Quente,Ativo
L-4780,2025-10-25,Sim,Quente,Cancelado
L-7372,2025-05-19,Sim,Morno,Ativo
L-4269,2025-03-06,Nao,Frio,Trial
L-7200,2025-12-23,Sim,Quente,Trial
L-7069,2025-10-04,Nao,Morno,Cancelado
L-7503,2025-05-01,,Morno,Inativo
L-8896,2025-10-30,Nao,Frio,Cancelado
L-8109,2025-06-06,Nao,Morno,Ativo
L-1223,2025-04-07,Nao,Morno,Cancelado
L-5802,2025-03-29,Nao,Morno,Ativo
L-3511,2025-10-14,Nao,Frio,Trial
L-5937,2025-05-27,Sim,Quente,Ativo
L-5576,2025-01-11,Sim,Morno,Inativo
L-3223,2025-12-12,,Frio,Ativo
L-2487,2025-01-06,Nao,Morno,Ativo
L-9424,2025-09-27,Nao,Frio,Trial
L-1347,2025-06-27,Nao,Frio,Ativo
L-2199,2025-09-10,Nao,Morno,Ativo
L-4862,2025-02-17,Nao,Quente,Ativo
L-8281,2025-05-13,Nao,Morno,Cancelado
L-7353,2025-05-02,Sim,Quente,Cancelado
L-1709,2025-10-18,Nao,Morno,Trial
L-3233,2025-11-21,Sim,Frio,Trial
L-5416,2025-01-21,Nao,Morno,Ativo
L-7133,2025-11-12,Nao,Morno,Trial
L-5245,2025-07-06,Nao,Quente,Trial
L-9846,2025-10-10,Nao,Frio,Ativo
L-7098,2025-09-23,Nao,Frio,Trial
L-2959,2025-04-25,,Quente,Ativo
L-3627,2026-01-24,Sim,Quente,Trial
L-7552,2025-05-02,Nao,Morno,Cancelado
L-7107,2025-01-22,Sim,Quente,Cancelado
L-4433,2025-02-22,Nao,Morno,Ativo
L-3175,2025-03-16,,Morno,Cancelado
L-7871,2025-08-16,Nao,Frio,Inativo
L-3627,2025-12-03,Sim,Morno,Inativo
L-3812,2025-05-08,Sim,Quente,Inativo
L-6014,2025-09-23,Nao,Frio,Inativo
L-4160,2025-11-09,Sim,Quente,Trial
L-2068,2025-05-31,Sim,Quente,Ativo
L-7086,2025-12-17,Sim,Quente,Ativo
L-2744,2025-12-17,Nao,Frio,Trial
L-4579,2025-03-26,Sim,Quente,Ativo
L-8582,2026-01-11,Nao,Quente,Cancelado
L-9224,2025-03-07,Nao,Frio,Trial
L-8352,2025-04-06,Sim,Morno,Cancelado
L-9609,2025-01-08,Nao,Morno,Ativo
L-8374,2025-10-24,Nao,Morno,Trial
L-9997,2025-10-03,Sim,Quente,Ativo
L-9733,2025-01-31,Nao,Frio,Cancelado
L-9852,2026-01-05,Nao,Frio,Trial
L-6089,2025-11-05,,Morno,Ativo
L-5180,2026-01-04,Nao,Morno,Ativo
L-1067,2025-10-02,Sim,Quente,Cancelado
L-2193,2025-06-24,Sim,Quente,Ativo
L-5372,2025-08-21,Sim,Quente,Ativo
L-6203,2025-02-21,Nao,Morno,Inativo
L-1096,2025-09-05,Sim,Frio,Ativo
L-1857,2025-08-21,Nao,Morno,Trial
L-5133,2025-01-15,Nao,Morno,Cancelado
L-8987,2025-10-24,Nao,Morno,Ativo
L-4092,2025-06-08,Nao,Frio,Cancelado
L-6820,2026-01-15,Sim,Quente,Trial
L-8343,2025-06-13,,Frio,Trial
L-5750,2025-02-06,,Frio,Trial
L-3805,2025-05-11,Sim,Quente,Ativo
L-9871,2026-01-08,,Morno,Cancelado
L-4302,2025-08-10,Sim,Frio,Cancelado
L-7268,2025-02-18,,Quente,Ativo
L-6545,2025-04-05,Sim,Quente,Cancelado
L-3453,2025-02-20,Nao,Frio,Ativo
L-8497,2025-02-01,Sim,Morno,Cancelado
L-9501,2025-08-21,Sim,Quente,Ativo
L-2321,1900-01-01,Nao,Quente,Trial
L-2296,2025-07-07,Sim,Quente,Inativo
L-2023,2025-04-20,Sim,Quente,Trial
L-2470,2025-01-23,,Morno,Trial
L-8216,1900-01-01,Sim,Quente,Trial
L-9973,2025-06-02,Sim,Frio,Ativo
L-5899,2025-08-22,Nao,Morno,Trial
L-6514,2025-01-07,Sim,Quente,Ativo
L-5903,2025-12-25,Nao,Frio,Ativo
L-7131,2025-05-06,Sim,Frio,Inativo
L-5630,2025-05-29,Sim,Morno,Ativo
L-4187,2025-10-19,Sim,Morno,Ativo
L-6758,2025-05-23,Sim,Morno,Cancelado
L-4610,2025-09-23,Sim,Morno,Ativo
L-5356,2025-03-08,Nao,Frio,Cancelado
L-1132,2025-06-23,Nao,Quente,Ativo
L-1297,2025-12-13,Nao,Morno,Ativo
L-5845,2025-07-29,,Morno,Trial
L-9687,2025-08-02,Nao,Frio,Ativo
L-6872,2025-12-28,Sim,Frio,Ativo
L-7678,2025-06-21,Nao,Frio,Trial
L-3558,2025-12-29,Nao,Morno,Cancelado
L-5985,2025-08-27,,Morno,Cancelado
L-1329,2026-01-01,Sim,Morno,Cancelado
L-7627,2025-08-27,Nao,Morno,Trial
L-8972,2025-07-11,Sim,Quente,Cancelado
L-4768,2025-07-30,Nao,Frio,Cancelado
L-5120,2025-06-23,,Morno,Ativo
L-4968,2025-07-06,Nao,Morno,Ativo
L-9510,2025-01-09,Sim,Morno,Cancelado
L-4851,2025-07-12,Nao,Morno,Ativo
L-2262,2025-02-27,Sim,Morno,Ativo
L-6188,2026-02-05,Sim,Frio,Trial
L-8504,2025-09-25,Nao,Morno,Ativo
L-3128,2025-02-21,Sim,Frio,Ativo
L-4206,2025-11-16,Nao,Morno,Ativo
L-8971,2025-08-08,Sim,Morno,Ativo
L-5717,2025-04-10,Sim,Frio,Ativo
L-9910,2025-06-20,Nao,Frio,Ativo
L-5808,2025-05-29,Sim,Quente,Trial
L-3931,2025-08-31,Sim,Frio,Cancelado
L-5292,2025-02-28,Nao,Frio,Ativo
L-1060,2025-03-02,Nao,Frio,Ativo
L-8954,2025-06-19,Nao,Morno,Ativo
L-1301,2025-10-07,,Frio,Trial
L-9756,2025-11-03,Nao,Morno,Cancelado
L-1710,2025-03-05,Sim,Quente,Ativo
L-3842,1900-01-01,Nao,Frio,Ativo
L-7285,2025-09-02,Nao,Morno,Trial
L-3631,2025-01-27,Nao,Morno,Cancelado
L-9207,2025-04-28,Nao,Frio,Cancelado
L-3385,2025-02-26,Nao,Morno,Cancelado
L-5642,2025-05-24,Sim,Morno,Ativo
L-6879,2025-03-29,,Frio,Ativo
L-8112,2025-08-28,Sim,Frio,Trial
L-5366,2025-03-22,Nao,Morno,Ativo
L-7026,2025-09-06,,Frio,Cancelado
L-6105,2025-10-11,Nao,Morno,Inativo
L-9647,2025-04-28,Nao,Frio,Ativo
L-8661,2025-03-26,,Frio,Ativo
L-1729,2025-10-08,Sim,Morno,Cancelado
L-1475,2025-03-13,Nao,Frio,Trial
L-9564,2026-01-18,Sim,Quente,Trial
L-1599,2025-02-16,Nao,Morno,Trial
L-8839,2025-03-17,Nao,Frio,Trial
L-4002,2025-12-27,Sim,Morno,Inativo
L-7704,2025-02-15,Sim,Morno,Trial
L-3752,2025-03-11,Sim,Morno,Ativo
L-8935,2025-05-26,Nao,Frio,Trial
L-8602,2025-09-11,Sim,Quente,Ativo
L-7133,2025-05-12,,Morno,Ativo
L-5074,2025-08-12,Nao,Morno,Ativo
L-7893,2025-10-02,Nao,Frio,Inativo
L-4908,2025-05-01,Nao,Morno,Trial
L-1050,2025-03-08,Sim,Quente,Cancelado
L-6578,2025-01-28,Nao,Frio,Trial
L-7811,2025-06-10,Sim,Quente,Ativo
L-9528,2026-01-14,Nao,Morno,Trial
L-6271,2025-07-18,Nao,Frio,Trial
L-9376,2025-06-04,Nao,Frio,Ativo
L-4696,2026-02-04,Nao,Frio,Cancelado
L-9478,2025-10-09,Nao,Morno,Cancelado
L-5843,2025-04-08,Nao,Frio,Ativo
L-3224,2025-03-08,Nao,Morno,Cancelado
L-5482,2025-09-26,Sim,Quente,Ativo
L-9787,2025-12-13,Sim,Quente,Ativo
L-8907,2025-10-05,Sim,Quente,Trial
L-1721,2026-01-28,,Frio,Cancelado
L-9381,2026-01-14,Nao,Morno,Inativo
L-5169,2026-01-17,Sim,Morno,Ativo
L-5985,2025-09-21,Sim,Morno,Ativo
L-8477,2025-04-09,,Morno,Trial
L-9419,2025-10-25,Sim,Quente,Cancelado
L-6402,2025-10-07,Sim,Morno,Ativo
L-5453,2025-06-22,Sim,Morno,Cancelado
L-2871,2025-04-21,Nao,Frio,Ativo
L-5894,2025-05-11,Sim,Quente,Ativo
L-1555,2025-01-09,Sim,Morno,Inativo
L-8840,2026-01-04,Nao,Morno,Ativo
L-5527,2025-09-06,Nao,Morno,Inativo
L-6840,1900-01-01,,Quente,Trial
L-9642,2025-10-02,Sim,Morno,Ativo
L-7351,2025-09-04,Nao,Frio,Trial
L-1455,2026-01-22,Nao,Morno,Ativo
L-3725,2026-01-09,Sim,Frio,Trial
L-6605,2025-08-09,Nao,Morno,Ativo
L-4911,2025-02-21,Nao,Frio,Trial
L-2152,2025-03-25,Nao,Morno,Ativo
L-8544,2025-01-28,Nao,Morno,Cancelado
L-7054,2025-11-04,Nao,Morno,Trial
L-4056,2025-06-08,Nao,Morno,Ativo
L-4507,2025-04-26,,Frio,Ativo
L-1562,2025-01-06,Sim,Quente,Ativo
L-6500,2025-12-05,,Frio,Ativo
L-8208,2025-12-11,Nao,Morno,Ativo
L-3659,2025-10-04,Sim,Morno,Ativo
L-9444,2025-03-11,,Frio,Trial
L-8570,2025-03-26,Sim,Quente,Cancelado
L-7963,2025-07-03,Nao,Morno,Trial
L-8949,2025-05-20,,Quente,Cancelado
L-6834,2025-06-27,Sim,Morno,Ativo
L-2007,2025-04-26,Nao,Frio,Ativo
L-8051,2025-08-10,Sim,Quente,Cancelado
L-2582,2025-10-21,Nao,Frio,Ativo
L-1302,2025-10-23,Sim,Quente,Cancelado
L-7745,2025-04-25,Nao,Frio,Cancelado
L-8348,2025-03-24,,Frio,Cancelado
L-3485,2025-06-26,Sim,Quente,Trial
L-2534,2025-09-12,Sim,Quente,Ativo
L-4909,2025-11-20,Nao,Morno,Cancelado
L-1689,2025-03-11,Sim,Quente,Cancelado
L-6314,2025-02-16,Sim,Morno,Trial
L-6961,2025-10-08,,Morno,Trial
L-7909,2025-06-20,Nao,Morno,Ativo
L-4419,2026-01-18,Sim,Quente,Ativo
L-5701,2025-07-30,Sim,Quente,Trial
L-2544,2025-02-23,Nao,Frio,Ativo
L-8192,2025-07-09,Sim,Quente,Cancelado
L-1187,2025-08-18,Sim,Quente,Ativo
L-6604,2025-12-27,Nao,Morno,Ativo
L-3593,2025-11-07,Sim,Frio,Trial
L-6824,2025-09-18,Nao,Frio,Ativo
L-2005,2025-12-04,Sim,Quente,Cancelado
L-6722,2026-02-04,Sim,Quente,Cancelado
L-3720,2025-04-11,Sim,Morno,Inativo
L-7928,2025-02-04,Nao,Frio,Cancelado
L-4445,2025-09-27,Nao,Frio,Ativo
L-1261,2025-04-15,Sim,Morno,Ativo
L-6147,2025-01-07,Nao,Morno,Trial
L-4504,2025-02-28,Sim,Quente,Cancelado
L-9058,2025-06-29,Sim,Morno,Ativo
L-6970,2025-04-30,,Frio,Trial
L-9355,2025-06-22,Sim,Morno,Ativo
L-1945,2025-10-20,Sim,Quente,Cancelado
L-8246,2025-02-16,Sim,Quente,Ativo
L-9796,2025-06-29,Nao,Morno,Cancelado
L-1027,2025-11-27,Nao,Frio,Ativo
L-1480,2025-11-04,Nao,Frio,Trial
L-9523,2025-04-01,Nao,Morno,Trial
L-5408,2025-01-29,Nao,Morno,Ativo
L-3073,2025-11-24,Nao,Frio,Cancelado
L-3924,2025-06-11,Sim,Quente,Cancelado
L-3057,2025-06-12,,Frio,Ativo
L-1742,2025-02-18,Sim,Morno,Ativo
L-2659,2025-06-17,Nao,Morno,Ativo
L-1463,2025-03-17,,Frio,Trial
L-4946,2025-08-16,Sim,Quente,Trial
L-5952,2025-11-26,Nao,Frio,Trial
L-1282,2025-04-28,Nao,Quente,Ativo
L-6734,2025-10-05,Sim,Quente,Inativo
L-4277,2025-11-18,Sim,Quente,Trial
L-2817,2025-12-28,Nao,Frio,Trial
L-1704,2025-06-10,Nao,Quente,Ativo
L-4890,2025-07-30,Nao,Morno,Inativo
L-6878,2025-05-06,Nao,Morno,Trial
L-7699,2025-06-26,Nao,Frio,Ativo
L-3150,2025-03-01,Sim,Morno,Ativo
L-5824,2025-10-27,Nao,Frio,Trial
L-6638,2025-03-01,,Morno,Ativo
L-8302,2026-01-13,Nao,Frio,Trial
L-3538,2025-09-24,Nao,Morno,Inativo
L-2497,2025-03-10,Sim,Quente,Trial
L-2030,2025-05-12,Sim,Frio,Ativo
L-4953,2025-09-03,Nao,Morno,Trial
L-5680,2025-04-21,Nao,Frio,Inativo
L-1871,2025-05-28,Nao,Frio,Ativo
L-2188,2026-01-11,Nao,Frio,Trial
L-3038,2025-02-16,Sim,Frio,Ativo
L-7924,2025-10-08,Sim,Morno,Inativo
L-4653,2025-06-29,Sim,Quente,Ativo
L-5384,2026-01-19,Nao,Frio,Ativo
L-9556,2025-10-13,Sim,Quente,Trial
L-9718,2025-06-02,Nao,Frio,Ativo
L-8654,2026-01-02,Nao,Morno,Ativo
L-2906,2025-10-25,,Morno,Ativo
L-9178,2025-08-13,Sim,Quente,Trial
L-2694,1900-01-01,Sim,Quente,Trial
L-6314,2025-06-07,Sim,Morno,Cancelado
L-4375,2025-05-08,Nao,Frio,Trial
L-4465,2026-01-30,Sim,Morno,Trial
L-7547,2025-04-01,Nao,Morno,Ativo
L-3519,2025-05-12,Nao,Morno,Cancelado
L-3975,2025-01-29,Nao,Frio,Ativo
L-6351,2025-11-13,Nao,Frio,Cancelado
L-2707,1900-01-01,Nao,Quente,Ativo
L-9668,2026-01-21,Sim,Quente,Ativo
L-1597,2025-04-21,Nao,Frio,Inativo
L-3139,2025-09-21,Nao,Quente,Cancelado
L-3520,2025-12-07,Nao,Quente,Ativo
L-3367,2025-05-07,Nao,Morno,Cancelado
L-2596,2025-10-11,Nao,Morno,Ativo
L-5635,2025-12-03,Sim,Morno,Trial
L-5693,2025-06-19,Nao,Morno,Trial
L-2850,2025-07-04,Sim,Morno,Trial
L-7553,2025-07-15,Nao,Frio,Trial
L-6653,2025-09-05,Sim,Quente,Ativo
L-9993,2026-01-25,Nao,Frio,Trial
L-5148,2025-12-28,Nao,Frio,Inativo
L-4683,2025-12-07,Nao,Quente,Inativo
L-3510,2025-03-06,Nao,Morno,Ativo
L-1415,2025-06-11,Nao,Frio,Ativo
L-7451,2025-01-12,Nao,Morno,Ativo
L-2244,2025-06-02,Nao,Frio,Trial
L-3903,2025-01-17,Sim,Quente,Ativo
L-9139,2025-05-29,Sim,Quente,Inativo
L-2665,2025-11-15,Nao,Morno,Trial
L-3659,2025-02-22,Nao,Morno,Cancelado
L-2684,2025-05-12,Nao,Frio,Trial
L-5201,2025-08-21,Nao,Frio,Ativo
L-9067,2025-03-20,Nao,Morno,Trial
L-4206,2025-02-14,Sim,Quente,Trial
L-6240,2025-04-02,Sim,Morno,Trial
L-7736,2025-12-10,Nao,Frio,Cancelado
L-6574,2025-12-01,Sim,Quente,Trial
L-3087,2025-10-25,Nao,Morno,Cancelado
L-5985,2025-08-22,Nao,Morno,Ativo
L-8412,2026-01-29,Nao,Frio,Ativo
L-2419,2025-08-03,Nao,Frio,Ativo
L-5414,2025-04-20,Sim,Quente,Ativo
L-3547,2025-07-24,Nao,Frio,Inativo
L-8577,2025-02-24,Sim,Morno,Trial
L-3110,2025-01-11,,Morno,Ativo
L-2141,2025-12-04,Nao,Frio,Trial
L-1734,2025-06-23,Sim,Quente,Inativo
L-8465,2025-06-09,,Frio,Trial
L-6189,2025-12-08,Nao,Frio,Cancelado
L-2016,2025-03-26,Nao,Morno,Ativo
L-6040,2025-10-22,Nao,Morno,Cancelado
L-8817,2025-11-02,Nao,Morno,Ativo
L-6199,2025-12-21,Sim,Quente,Trial
L-4620,2026-01-15,Nao,Morno,Ativo
L-8878,2025-01-05,Sim,Quente,Cancelado
L-2020,1900-01-01,Nao,Frio,Cancelado
L-7868,2025-07-05,Nao,Quente,Ativo
L-2395,2025-12-18,Nao,Morno,Trial
L-9333,2025-09-17,Sim,Quente,Ativo
L-7884,1900-01-01,Nao,Frio,Trial
L-3375,2025-01-10,Nao,Frio,Trial
L-8846,2025-01-07,Nao,Morno,Ativo
L-9696,2025-05-31,Nao,Morno,Trial
L-8541,2025-05-05,Nao,Frio,Ativo
L-5882,2025-10-09,Nao,Morno,Trial
L-8309,2025-11-15,Sim,Frio,Ativo
L-6950,2025-03-23,Sim,Morno,Cancelado
L-5395,2025-04-11,Nao,Morno,Trial
L-8380,2025-11-24,Nao,Morno,Cancelado
L-2883,2026-01-27,,Frio,Ativo
L-9294,2025-01-04,Nao,Frio,Trial
L-7964,2025-04-24,Nao,Morno,Ativo
L-5681,2025-07-16,Sim,Quente,Ativo
L-4216,2025-12-25,Nao,Frio,Inativo
L-4415,2025-12-29,Sim,Quente,Trial
L-8651,2025-07-24,Nao,Frio,Cancelado
L-8370,2025-07-29,Nao,Morno,Cancelado
L-8604,2025-08-24,Sim,Quente,Cancelado
L-6869,2025-05-22,Nao,Morno,Inativo
L-6466,2025-07-29,Nao,Morno,Ativo
L-1531,2025-07-20,Nao,Quente,Ativo
L-8645,2025-01-07,Sim,Quente,Ativo
L-3415,2025-02-15,Nao,Morno,Trial
L-3574,2025-02-05,Sim,Quente,Inativo
L-2329,2025-07-24,,Quente,Inativo
L-5112,2025-05-21,Nao,Morno,Ativo
L-5168,2025-03-16,Sim,Quente,Trial
L-6459,2025-12-12,Nao,Quente,Trial
L-6739,2025-06-10,,Frio,Trial
L-2031,2025-02-18,Nao,Frio,Inativo
L-5502,2025-04-15,Nao,Morno,Trial
L-6569,2025-04-30,Nao,Frio,Inativo
L-1480,2025-02-27,Nao,Morno,Ativo
L-8617,2025-11-02,Sim,Quente,Ativo
L-2500,2025-12-26,Nao,Morno,Cancelado
L-3856,2025-11-09,Nao,Morno,Ativo
L-6263,2026-01-05,,Frio,Trial
L-5034,2025-06-22,Nao,Morno,Ativo
L-4156,2025-01-30,Nao,Morno,Ativo
L-6740,2025-08-18,Sim,Quente,Cancelado
L-5380,2025-06-15,Sim,Quente,Trial
L-9829,2025-02-23,Sim,Quente,Cancelado
L-2136,2025-03-02,Nao,Frio,Ativo
L-9636,2025-02-16,Sim,Morno,Ativo
L-8883,2025-10-11,Sim,Quente,Ativo
L-3426,2025-07-14,Sim,Morno,Trial
L-8633,2025-04-03,Nao,Morno,Inativo
L-1608,2025-05-03,Nao,Morno,Cancelado
L-7390,2025-07-18,Nao,Frio,Ativo
L-9719,2025-09-18,Nao,Frio,Inativo
L-2849,2025-11-06,Nao,Frio,Trial
L-5081,2025-09-09,Nao,Morno,Cancelado
L-9790,2025-06-29,Sim,Quente,Trial
L-2893,2026-01-30,,Frio,Ativo
L-8003,2025-11-25,Nao,Frio,Inativo
L-9164,2025-09-18,Nao,Morno,Trial
L-2482,2025-08-05,Nao,Morno,Ativo
L-9915,1900-01-01,Nao,Frio,Inativo
L-5021,2025-07-18,,Frio,Ativo
L-8595,2026-01-16,Sim,Quente,Cancelado
L-4686,2025-06-01,Nao,Quente,Trial
L-4061,2025-11-03,Sim,Frio,Ativo
L-8836,2026-01-14,Nao,Quente,Ativo
L-8296,2025-08-28,Nao,Morno,Cancelado
L-6309,2025-12-08,Sim,Morno,Cancelado
L-1807,2025-08-12,Sim,Morno,Trial
L-9356,2025-05-08,Nao,Quente,Trial
L-2875,2025-12-02,Nao,Frio,Ativo
L-5411,2025-06-22,Sim,Quente,Ativo
L-8834,2025-02-11,Nao,Frio,Ativo
L-1273,2026-01-10,Nao,Morno,Ativo
L-2966,2025-04-28,Sim,Morno,Cancelado
L-5342,2025-09-04,Nao,Quente,Cancelado
L-6365,2025-06-13,Sim,Quente,Cancelado
L-9520,2025-08-21,Sim,Morno,Ativo
L-7834,2025-12-03,Sim,Quente,Ativo
L-5888,2025-09-20,Sim,Quente,Trial
L-9588,2025-04-27,Sim,Quente,Ativo
L-9940,2025-05-12,Sim,Quente,Cancelado
L-7951,2025-07-30,Sim,Quente,Ativo
L-7532,2025-07-21,Nao,Morno,Ativo
L-1514,2026-01-18,Nao,Morno,Ativo
L-5823,2025-09-06,Sim,Quente,Cancelado
L-3273,2025-02-23,Sim,Quente,Ativo
L-4751,2025-12-15,,Frio,Cancelado
L-9017,1900-01-01,Sim,Quente,Inativo
L-5482,2026-01-04,,Morno,Cancelado
L-1943,2025-11-03,Nao,Morno,Ativo
L-8605,2026-02-04,Nao,Morno,Trial
L-5621,2025-07-07,Sim,Quente,Trial
L-6354,2025-08-28,Sim,Quente,Trial
L-7728,2025-09-27,Nao,Morno,Trial
L-3032,2025-10-15,Sim,Frio,Inativo
L-7506,2025-02-26,Nao,Quente,Ativo
L-1333,2026-01-05,Nao,Frio,Trial
L-7131,2025-12-25,Nao,Frio,Ativo
L-9109,2025-01-29,Sim,Quente,Ativo
L-6136,2025-05-26,,Morno,Trial
L-2663,2025-07-11,Nao,Frio,Cancelado
L-4452,2025-03-10,Nao,Morno,Inativo
L-7335,2025-08-31,Sim,Quente,Cancelado
L-1133,2026-01-20,Nao,Frio,Cancelado
L-3313,2025-01-23,Sim,Quente,Ativo
L-6222,2025-04-27,,Frio,Ativo
L-7150,2025-03-08,Sim,Quente,Cancelado
L-2558,2025-04-01,Nao,Morno,Trial
L-2745,2026-01-22,,Frio,Ativo
L-7859,2025-12-04,Sim,Morno,Ativo
L-7671,2025-10-27,,Quente,Cancelado
L-1090,2025-11-19,,Morno,Cancelado
L-1712,2025-12-14,Sim,Quente,Inativo
L-1375,2025-08-14,Nao,Frio,Trial
L-5673,2025-09-11,Sim,Morno,Ativo
L-3037,2025-09-16,,Morno,Trial
L-2273,2025-10-20,Nao,Frio,Cancelado
L-1645,2026-01-01,Nao,Frio,Trial
L-8540,2025-04-02,Sim,Quente,Ativo
L-7709,2025-06-01,Sim,Quente,Ativo
L-6260,2025-04-22,Sim,Quente,Trial
L-5622,2025-05-14,Nao,Frio,Ativo
L-1664,2025-01-21,Sim,Quente,Inativo
L-6777,2025-10-30,Sim,Morno,Ativo
L-3943,2025-10-08,,Frio,Trial
L-3195,2025-05-25,Nao,Quente,Ativo
L-9142,2025-06-29,Nao,Frio,Ativo
L-4340,2025-11-10,Nao,Morno,Cancelado
L-3867,2025-02-02,Nao,Morno,Trial
L-2468,2025-10-13,Sim,Quente,Cancelado
L-8058,2025-11-11,Nao,Morno,Trial
L-8821,2025-02-10,Nao,Frio,Ativo
L-4015,2025-01-18,Sim,Quente,Ativo
L-1677,2025-11-25,Nao,Morno,Trial
L-1621,2025-02-27,Nao,Frio,Ativo
L-1659,2025-09-04,Nao,Frio,Ativo
L-7930,2026-02-03,Nao,Frio,Ativo
L-4663,2025-08-15,Nao,Frio,Ativo
L-3819,2026-01-17,Nao,Frio,Inativo
L-9615,2025-07-11,Sim,Quente,Cancelado
L-7999,2025-09-15,Sim,Quente,Cancelado
L-9954,2025-03-30,Nao,Morno,Cancelado
L-6783,2025-08-18,Nao,Morno,Ativo
L-1749,2025-09-28,Nao,Morno,Trial
L-1092,2025-03-12,Nao,Morno,Ativo
L-1745,2025-07-22,Nao,Frio,Trial
L-1096,2025-04-27,Nao,Quente,Trial
L-4262,2025-02-14,Sim,Quente,Ativo
L-9985,2025-02-07,Nao,Frio,Ativo
L-1098,2025-09-14,Sim,Morno,Ativo
L-7456,2025-11-21,Sim,Quente,Cancelado
L-1615,2025-10-10,Sim,Morno,Ativo
L-9991,2025-10-24,Sim,Quente,Trial
L-5521,2025-07-02,Nao,Morno,Cancelado
L-6160,2025-06-16,,Frio,Ativo
L-4883,2025-11-21,Sim,Frio,Ativo
L-4908,2025-03-25,Nao,Frio,Ativo
L-2700,2025-07-10,Sim,Morno,Cancelado
L-5807,2026-01-05,Nao,Frio,Ativo
L-5475,2025-08-25,Nao,Morno,Ativo
L-4802,2025-01-09,Sim,Morno,Ativo
L-9811,2025-11-19,Nao,Frio,Ativo
L-2520,2025-05-09,Sim,Quente,Cancelado
L-4384,2025-09-02,Sim,Quente,Cancelado
L-6629,2025-04-21,Nao,Frio,Ativo
L-3751,2026-01-29,Nao,Morno,Trial
L-4116,2025-01-03,Sim,Quente,Ativo
L-9620,2025-02-01,Sim,Quente,Cancelado
L-4566,2025-09-12,Nao,Frio,Ativo
L-9058,2025-02-25,Nao,Morno,Trial
L-2226,2025-03-04,Sim,Quente,Trial
L-4188,2025-06-29,Sim,Quente,Ativo
L-4234,2025-02-18,Nao,Frio,Trial
L-4872,2025-07-31,Sim,Quente,Trial
L-7506,2025-12-28,Nao,Frio,Ativo
L-5105,2025-04-18,Sim,Quente,Ativo
L-4177,2025-05-04,Nao,Frio,Cancelado
L-4776,2025-02-17,Nao,Frio,Cancelado
L-4145,2025-03-02,Nao,Morno,Inativo
L-6791,2025-09-08,Nao,Frio,Cancelado
L-7711,2025-05-20,Sim,Quente,Ativo
L-5245,2025-04-03,,Morno,Trial
L-7005,2025-08-24,Sim,Quente,Ativo
L-3175,2025-06-22,Sim,Quente,Ativo
L-9285,2025-05-27,Nao,Frio,Ativo
L-9171,2025-04-07,Sim,Morno,Trial
L-3003,2025-05-11,,Quente,Ativo
L-4810,2025-02-06,Sim,Morno,Ativo
L-7308,2025-03-10,Nao,Frio,Ativo
L-4921,2025-04-24,,Morno,Cancelado
L-9484,2025-06-24,Nao,Morno,Inativo
L-7983,2025-03-08,Sim,Quente,Ativo
L-9597,2025-02-03,Nao,Frio,Inativo
L-7363,2025-04-06,,Morno,Ativo
L-2395,2025-03-05,Nao,Frio,Trial
L-7531,2025-09-03,Nao,Frio,Trial
L-9766,2025-05-28,Nao,Morno,Cancelado
L-9855,2025-09-13,Nao,Frio,Ativo
L-9766,2026-01-30,Sim,Morno,Ativo
L-2102,2025-09-18,Sim,Morno,Ativo
L-3964,2025-12-19,Sim,Frio,Trial
L-4660,2025-08-06,Nao,Morno,Trial
L-3466,2025-04-10,Nao,Morno,Inativo
L-5421,2025-05-29,Sim,Quente,Inativo
L-9618,2025-01-01,Nao,Frio,Cancelado
L-3119,2025-09-11,Nao,Morno,Ativo
L-6347,2025-08-26,Sim,Morno,Trial
L-8290,2025-03-24,Nao,Frio,Trial
L-9076,2025-05-26,Sim,Quente,Cancelado
L-6967,2025-10-01,Nao,Frio,Ativo
L-3969,2025-03-01,,Frio,Ativo
L-7432,2025-11-06,Nao,Frio,Trial
L-6950,2025-12-17,Sim,Morno,Ativo
L-6258,2025-08-04,Nao,Frio,Trial
L-7262,2025-12-13,Sim,Quente,Cancelado
L-4483,2025-01-09,Nao,Morno,Cancelado
L-6526,2025-01-30,Sim,Quente,Trial
L-3331,2025-09-25,Nao,Frio,Trial
L-9057,2025-08-30,Nao,Morno,Ativo
L-5030,2025-03-10,Nao,Morno,Ativo
L-5534,2025-07-07,Nao,Morno,Cancelado
L-6065,2025-01-04,Sim,Quente,Cancelado
L-8240,2025-09-29,,Morno,Trial
L-4530,2025-01-18,Nao,Morno,Trial
L-8856,2025-05-21,Nao,Frio,Cancelado
L-9366,2026-01-15,Nao,Frio,Ativo
L-2736,2025-02-21,Nao,Morno,Ativo
L-4827,2025-11-28,Nao,Quente,Ativo
L-2737,2026-01-11,Sim,Morno,Ativo
L-7672,2025-04-24,Sim,Quente,Cancelado
L-1806,2025-12-06,Nao,Morno,Inativo
L-5518,1900-01-01,Nao,Morno,Ativo
L-9848,2025-03-19,,Morno,Inativo
L-4646,2025-10-10,,Frio,Inativo
L-7557,2025-05-08,Nao,Frio,Cancelado
L-6363,2025-02-18,Sim,Quente,Trial
L-8857,2025-07-18,Sim,Morno,Cancelado
L-3228,2025-02-15,Nao,Frio,Trial
L-3494,2025-07-13,Sim,Frio,Ativo
L-6212,2025-12-21,Sim,Quente,Trial
L-2249,2025-06-23,Sim,Quente,Ativo
L-8592,2025-04-24,Sim,Frio,Ativo
L-6610,2025-02-17,Sim,Quente,Inativo
L-7362,2025-04-12,Nao,Morno,Cancelado
L-7570,2025-08-02,Nao,Morno,Ativo
L-9418,2025-05-10,Nao,Morno,Ativo
L-6281,2025-05-11,,Frio,Ativo
L-2750,2025-02-15,Nao,Quente,Ativo
L-6285,2025-10-12,Nao,Frio,Inativo
L-1225,2025-10-03,Nao,Morno,Inativo
L-9265,2025-02-05,,Frio,Ativo
L-8293,2025-05-12,Nao,Frio,Trial
L-8315,2025-05-25,Sim,Frio,Trial
L-2676,2025-06-28,Sim,Morno,Trial
L-6939,2025-03-12,Nao,Morno,Trial
L-7113,2025-02-11,Nao,Frio,Ativo
L-3930,2026-01-15,Sim,Quente,Trial
L-8265,2025-11-19,Nao,Morno,Cancelado
L-1900,2025-02-20,Sim,Morno,Ativo
L-5736,2025-12-29,Nao,Morno,Inativo
L-6387,2025-06-13,Sim,Quente,Ativo
L-7853,2025-04-19,,Morno,Trial
L-3695,2025-04-11,,Frio,Cancelado
L-9523,1900-01-01,Sim,Quente,Inativo
L-9271,2025-06-18,Nao,Morno,Ativo
L-1738,2025-06-13,Sim,Morno,Ativo
L-8310,2025-09-08,Sim,Quente,Ativo
L-4026,2025-08-24,Nao,Frio,Ativo
L-7629,2025-03-26,Sim,Morno,Cancelado
L-9510,2025-11-07,Nao,Frio,Trial
L-5068,2026-01-14,,Morno,Ativo
L-6156,2025-02-02,Nao,Quente,Ativo
L-7757,2025-12-28,Nao,Frio,Inativo
L-8607,2025-03-22,Nao,Morno,Ativo
L-1984,2025-09-29,Nao,Frio,Cancelado
L-7461,2025-08-27,Nao,Morno,Ativo
L-1993,2025-03-03,Nao,Morno,Trial
L-4730,2025-05-16,Sim,Quente,Inativo
L-5834,2025-05-13,Nao,Frio,Cancelado
L-8468,2025-11-29,Nao,Morno,Cancelado
L-4591,2026-01-14,Nao,Morno,Ativo
L-8952,2025-04-09,,Frio,Inativo
L-8933,2025-02-18,Nao,Frio,Trial
L-1994,2026-01-19,Sim,Quente,Trial
L-1973,2025-12-21,,Morno,Ativo
L-4806,2025-11-21,Sim,Quente,Ativo
L-6880,2025-04-16,Sim,Quente,Trial
L-6279,2025-11-21,,Morno,Trial
L-9311,2025-11-19,Nao,Morno,Ativo
L-4406,2025-10-09,Nao,Frio,Trial
L-8587,2025-09-30,Sim,Morno,Ativo
L-1401,2025-01-20,Nao,Frio,Cancelado
L-7230,2025-01-17,Sim,Morno,Trial
L-1111,2025-11-08,Nao,Morno,Inativo
L-6689,2025-09-07,Sim,Quente,Trial
L-2310,2025-07-25,,Morno,Inativo
L-7332,2025-05-26,,Morno,Trial
L-8698,2025-06-10,Sim,Morno,Ativo
L-8623,2025-03-08,Nao,Frio,Cancelado
L-2126,2025-08-11,Sim,Quente,Ativo
L-7899,1900-01-01,Nao,Frio,Inativo
L-5576,2026-01-24,Nao,Morno,Trial
L-9854,2025-01-22,,Frio,Inativo
L-8788,2025-09-16,Sim,Quente,Cancelado
L-9223,2025-08-15,Sim,Quente,Trial
L-3012,2025-02-25,Nao,Morno,Ativo
L-6776,2025-09-10,Nao,Frio,Ativo
L-7161,2025-10-29,,Frio,Ativo
L-6181,2025-01-21,,Frio,Ativo
L-6223,2025-04-09,Nao,Quente,Inativo
L-5293,2025-07-16,Nao,Frio,Ativo
L-1396,2025-06-28,Nao,Frio,Trial
L-3085,2025-06-28,Sim,Morno,Ativo
L-6877,2025-10-05,Sim,Quente,Ativo
L-5541,2025-08-30,Nao,Quente,Trial
L-9707,2025-11-08,Nao,Morno,Ativo
L-2186,2025-01-23,Nao,Frio,Ativo
L-6196,2025-04-18,,Morno,Cancelado
L-4269,2025-03-18,Nao,Frio,Ativo
L-6596,2025-09-30,Sim,Quente,Inativo
L-9828,2025-09-06,Nao,Frio,Trial
L-4765,2025-09-15,Nao,Frio,Trial
L-3008,2026-02-04,Sim,Quente,Ativo
L-7910,2025-03-01,Nao,Frio,Ativo
L-8170,2025-04-25,Nao,Morno,Trial
L-9074,2025-10-18,Nao,Frio,Inativo
L-1448,2025-01-29,Nao,Frio,Trial
L-3927,2025-09-22,Nao,Morno,Trial
L-1140,2026-01-26,Nao,Morno,Trial
L-1800,2026-01-26,Sim,Quente,Ativo
L-2896,2025-09-21,Nao,Morno,Inativo
L-6350,2026-01-14,Nao,Frio,Ativo
L-2524,2025-05-31,Sim,Morno,Trial
L-6126,2025-07-16,Sim,Quente,Trial
L-2515,2025-07-26,Nao,Morno,Trial
L-4118,2025-07-09,,Morno,Ativo
L-6036,2025-03-02,Nao,Morno,Ativo
L-5184,2025-10-22,Sim,Morno,Trial
L-9119,2025-08-03,Nao,Frio,Cancelado
L-5849,2025-02-07,Sim,Quente,Ativo
L-4985,2025-05-08,Nao,Frio,Cancelado
L-9711,2025-08-30,Nao,Frio,Trial
L-1404,2025-04-16,Nao,Frio,Trial
L-4257,2025-08-13,Sim,Frio,Ativo
L-6487,2026-01-04,Nao,Morno,Cancelado
L-8738,2025-07-20,Nao,Morno,Trial
L-3023,2025-04-14,Sim,Quente,Trial
L-7407,2025-02-18,Sim,Quente,Trial
L-7082,2025-06-01,Nao,Morno,Ativo
L-6084,2025-04-11,Nao,Morno,Ativo
L-6850,2025-04-16,Sim,Quente,Trial
L-8553,2025-09-27,Nao,Morno,Trial
L-7041,2025-02-17,Nao,Morno,Trial
L-9320,2025-01-24,Sim,Quente,Cancelado
L-2077,2025-10-31,Sim,Quente,Cancelado
L-8542,2025-09-20,Sim,Frio,Cancelado
L-8917,2025-05-21,Sim,Quente,Inativo
L-4557,2025-01-15,Sim,Frio,Ativo
L-1983,2025-03-20,Sim,Quente,Ativo
L-1461,1900-01-01,Sim,Quente,Ativo
L-8312,2025-05-31,Nao,Frio,Ativo
L-1436,2025-08-25,Nao,Frio,Ativo
L-7859,2025-05-28,Sim,Quente,Ativo
L-5652,2025-12-30,Nao,Frio,Cancelado
L-6820,2026-01-23,,Frio,Ativo
L-5460,2025-04-19,Nao,Morno,Trial
L-8140,2025-03-23,Sim,Quente,Trial
L-3268,2025-12-23,Nao,Morno,Inativo
L-7720,2025-11-02,Sim,Morno,Cancelado
L-9084,2025-12-14,Nao,Frio,Trial
L-6868,2025-09-25,Nao,Frio,Trial
L-1467,2025-05-17,Sim,Quente,Cancelado
L-8746,2025-09-08,Sim,Morno,Inativo
L-2414,2025-02-28,Nao,Quente,Ativo
L-2186,2025-06-20,Sim,Quente,Cancelado
L-7989,2026-01-31,Sim,Quente,Trial
L-3218,2025-01-30,Nao,Quente,Inativo
L-7076,2025-09-11,Nao,Frio,Cancelado
L-1015,2025-03-14,Sim,Quente,Ativo
L-9492,2025-03-29,Nao,Frio,Trial
L-1434,2025-12-24,Sim,Quente,Ativo
L-8116,2025-10-26,Nao,Frio,Inativo
L-2995,2026-02-05,,Quente,Ativo
L-4130,2025-10-15,,Morno,Cancelado
L-9544,2025-01-09,Sim,Quente,Trial
L-3098,2025-11-04,Nao,Morno,Cancelado
L-5159,2025-06-04,Nao,Frio,Trial
L-1133,2025-01-01,Nao,Morno,Ativo
L-4833,2025-09-10,Nao,Quente,Ativo
L-5525,2025-10-19,Sim,Quente,Ativo
L-1068,2025-10-29,Sim,Quente,Trial
L-3458,2025-11-15,Sim,Quente,Inativo
L-2014,2025-10-03,Sim,Morno,Ativo
L-8052,2025-03-11,Nao,Frio,Ativo
L-9316,2025-03-01,Nao,Quente,Cancelado
L-8046,2025-11-01,,Morno,Ativo
L-1888,1900-01-01,Nao,Frio,Ativo
L-6720,1900-01-01,Sim,Quente,Inativo
L-4024,2025-04-29,,Frio,Ativo
L-8883,2025-08-13,Nao,Frio,Ativo
L-8498,2025-05-17,Nao,Morno,Ativo
L-7237,2025-08-18,Nao,Morno,Ativo
L-8542,2025-03-25,Nao,Morno,Ativo
L-1452,2025-01-26,Sim,Quente,Cancelado
L-6397,2025-02-20,Nao,Frio,Trial
L-8369,2025-09-07,Nao,Morno,Ativo
L-6178,2025-06-23,Nao,Morno,Cancelado
L-7093,2025-06-30,Sim,Frio,Trial
L-3261,2025-04-15,Sim,Quente,Inativo
L-6501,2025-11-19,Sim,Quente,Ativo
L-8641,2025-12-06,Nao,Frio,Trial
L-4966,1900-01-01,Nao,Quente,Inativo
L-1686,2025-02-12,,Frio,Cancelado
L-9801,2026-02-03,,Frio,Ativo
L-2271,2025-01-20,Nao,Morno,Cancelado
L-3570,2025-11-20,Nao,Morno,Ativo
L-6834,2025-02-02,Nao,Morno,Trial
L-1384,2025-05-27,Sim,Morno,Cancelado
L-7712,2025-03-25,Nao,Quente,Trial
L-3573,2025-08-27,Nao,Frio,Ativo
L-7493,2025-01-14,Sim,Morno,Trial
L-4839,2025-05-10,Sim,Frio,Trial
L-8880,2025-11-24,Nao,Frio,Trial
L-5775,1900-01-01,Nao,Frio,Ativo
L-1919,2025-11-02,Nao,Quente,Cancelado
L-3841,2025-04-04,Sim,Quente,Inativo
L-4229,2025-06-23,Nao,Morno,Ativo
L-7989,2025-10-29,Nao,Frio,Cancelado
L-1572,2025-07-17,Nao,Frio,Cancelado
L-9603,2025-10-08,Nao,Morno,Ativo
L-8521,2025-11-30,Nao,Frio,Trial
L-8435,2025-06-04,Nao,Morno,Ativo
L-1880,2025-07-09,Sim,Quente,Ativo
L-3343,2025-02-24,Nao,Morno,Ativo
L-7462,2025-09-10,Nao,Morno,Ativo
L-8625,2025-01-16,Sim,Morno,Ativo
L-2855,2026-01-23,Nao,Frio,Trial
L-8488,2025-07-08,Nao,Frio,Trial
L-3322,2025-10-02,Sim,Morno,Ativo
L-8771,2025-08-23,Sim,Morno,Cancelado
L-9475,2025-06-16,Nao,Morno,Ativo
L-8659,2025-03-21,Sim,Quente,Trial
L-3938,2025-11-28,Sim,Morno,Ativo
L-3144,2026-01-31,Sim,Quente,Trial
L-2715,2026-01-16,Nao,Frio,Trial
L-4325,2025-05-21,Nao,Morno,Cancelado
L-1508,2025-08-13,Sim,Quente,Trial
L-8350,2025-10-27,Sim,Quente,Trial
L-3092,2025-10-26,Nao,Frio,Ativo
L-3059,2025-03-07,Nao,Quente,Trial
L-5888,2025-02-24,Nao,Morno,Inativo
L-8355,2026-01-09,Nao,Frio,Trial
L-1999,2026-01-09,Sim,Quente,Ativo
L-7427,2025-09-12,Sim,Morno,Ativo
L-9289,2025-11-03,Sim,Morno,Ativo
L-2913,2025-04-09,Sim,Morno,Ativo
L-3407,2025-11-08,Sim,Morno,Cancelado
L-6213,2025-10-04,Sim,Quente,Trial
L-8541,2025-04-10,Nao,Frio,Ativo
L-7174,2025-03-14,Nao,Morno,Ativo
L-7869,2025-01-05,,Frio,Trial
L-2578,2025-03-13,Nao,Quente,Cancelado
L-6309,2025-05-13,Nao,Frio,Ativo
L-9254,2025-03-30,Nao,Morno,Ativo
L-6399,2025-12-29,Sim,Quente,Ativo
L-7735,2025-06-26,Nao,Frio,Trial
L-7839,2025-06-03,Nao,Quente,Ativo
L-4196,2025-07-13,Sim,Quente,Trial
L-5444,2026-01-16,Nao,Frio,Trial
L-1655,2025-10-25,Nao,Morno,Cancelado
L-3355,2025-03-23,Sim,Quente,Trial
L-4575,2025-10-31,Sim,Frio,Ativo
L-1903,2025-12-08,Sim,Frio,Ativo
L-8173,2025-01-31,Sim,Quente,Trial
L-6480,2025-08-03,Sim,Quente,Ativo
L-6009,2025-04-29,,Morno,Trial
L-2771,2025-09-30,Nao,Frio,Cancelado
L-6959,2025-12-19,Sim,Quente,Inativo
L-5183,2025-11-27,Sim,Quente,Trial
L-8119,2025-11-05,Sim,Quente,Ativo
L-6182,2025-09-09,Nao,Frio,Ativo
L-7843,2025-07-14,,Frio,Trial
L-8868,2025-02-01,Sim,Morno,Ativo
L-2389,1900-01-01,Nao,Frio,Ativo
L-3814,2026-01-19,,Quente,Inativo
L-1005,2025-07-13,Nao,Morno,Cancelado
L-1900,2025-07-30,Nao,Frio,Ativo
L-9863,2026-01-15,Sim,Quente,Inativo
L-5146,2025-03-13,Nao,Morno,Trial
L-8728,2025-10-05,Sim,Quente,Ativo
L-1218,2025-08-09,Sim,Frio,Ativo
L-6301,2025-05-15,Sim,Quente,Cancelado
L-6048,2026-02-02,Sim,Quente,Trial
L-4666,2025-12-17,Sim,Morno,Ativo
L-5069,2025-09-08,Nao,Frio,Trial
L-9864,2025-01-21,,Frio,Ativo
L-8457,2026-01-29,Sim,Quente,Cancelado
L-7567,2025-02-13,Sim,Morno,Ativo
L-1608,2025-07-01,Sim,Morno,Ativo
L-4097,2025-05-31,Sim,Quente,Trial
L-2074,2025-06-28,Nao,Quente,Cancelado
L-8531,2025-04-03,,Frio,Ativo
L-6093,2025-03-22,,Frio,Ativo
L-8965,1900-01-01,Nao,Frio,Ativo
L-5244,2025-08-02,Sim,Frio,Cancelado
L-7906,2025-03-01,Nao,Morno,Ativo
L-4892,2025-07-01,Nao,Morno,Ativo
L-1083,2025-10-15,,Morno,Ativo
L-5330,2025-08-20,Nao,Frio,Inativo
L-4794,2025-03-03,Sim,Frio,Ativo
L-1294,2025-11-04,Nao,Frio,Ativo
L-3511,2025-09-11,Sim,Quente,Trial
L-4971,2025-12-17,Nao,Frio,Ativo
L-5104,2025-06-19,Nao,Frio,Trial
L-7943,2026-01-18,Nao,Morno,Trial
L-6588,1900-01-01,Nao,Morno,Cancelado
L-2454,2025-06-21,Sim,Quente,Inativo
L-8643,2025-12-02,Nao,Morno,Trial
L-7244,2025-11-11,Nao,Frio,Ativo
L-2845,2025-02-25,Nao,Frio,Cancelado
L-7578,2025-11-27,Nao,Frio,Trial
L-1236,2025-06-30,Sim,Quente,Inativo
L-1701,2025-05-27,Sim,Quente,Trial
L-6910,2025-07-02,Sim,Morno,Ativo
L-4912,2025-12-02,Nao,Morno,Ativo
L-7630,2025-03-31,Nao,Morno,Trial
L-8330,2025-08-06,Nao,Frio,Ativo
L-6736,2025-09-11,Nao,Quente,Inativo
L-8199,2025-12-10,Nao,Frio,Ativo
L-2400,1900-01-01,Sim,Frio,Inativo
L-6697,2025-01-27,Sim,Quente,Trial
L-2664,2025-03-22,Nao,Frio,Trial
L-2460,2025-01-20,Nao,Frio,Trial
L-1308,2025-08-27,Sim,Morno,Ativo
L-9770,2025-08-10,Sim,Frio,Cancelado
L-4585,2025-03-13,Sim,Quente,Trial
L-6804,2025-11-08,Nao,Morno,Cancelado
L-2970,2025-02-02,Sim,Quente,Cancelado
L-7118,2025-10-23,Sim,Quente,Ativo
L-1773,2025-06-07,,Frio,Trial
L-6211,2025-06-08,Sim,Quente,Ativo
L-3867,2026-01-02,Nao,Frio,Trial
L-1051,2025-05-19,Nao,Frio,Trial
L-4600,2025-10-02,Sim,Morno,Trial
L-5544,2025-12-04,Nao,Frio,Trial
L-8739,2025-08-31,Sim,Quente,Trial
L-9698,2025-05-11,,Frio,Trial
L-3028,2025-11-13,Sim,Quente,Ativo
L-1255,2025-06-19,,Frio,Ativo
L-5819,2025-12-10,Sim,Morno,Cancelado
L-6889,2026-01-09,,Morno,Cancelado
L-8202,2025-10-14,Nao,Morno,Trial
L-2087,2025-08-05,Sim,Morno,Cancelado
L-5304,2025-03-30,Sim,Quente,Ativo
L-9660,2026-01-26,Nao,Morno,Cancelado
L-8776,2025-07-02,Nao,Frio,Ativo
L-4315,2025-09-24,Sim,Morno,Inativo
L-7811,2025-11-13,Sim,Quente,Ativo
L-7606,2025-08-28,Nao,Frio,Inativo
L-6133,2025-05-16,Nao,Frio,Inativo
L-4978,2025-10-24,Sim,Morno,Trial
L-8102,2025-09-06,Nao,Morno,Cancelado
L-2289,2025-08-05,Nao,Frio,Ativo
L-7473,2025-04-17,Sim,Quente,Trial
L-2312,2025-12-30,Nao,Frio,Inativo
L-7379,2025-02-11,Nao,Frio,Trial
L-7818,2025-10-23,Nao,Frio,Trial
L-4557,2025-08-02,Sim,Morno,Trial
L-8912,2026-01-24,Nao,Morno,Ativo
L-6705,2025-05-28,,Frio,Ativo
L-8400,2025-02-14,Sim,Quente,Inativo
L-2970,2025-12-05,Nao,Frio,Ativo
L-9911,2025-10-23,,Quente,Ativo
L-1667,2025-05-12,,Quente,Trial
L-2985,2025-02-21,Sim,Quente,Ativo
L-6411,2025-08-04,Sim,Morno,Cancelado
L-2857,2025-04-04,Nao,Frio,Cancelado
L-1574,2025-12-07,Nao,Morno,Ativo
L-7180,2025-09-02,Sim,Frio,Inativo
L-5967,2025-06-22,Nao,Frio,Ativo
L-1460,2025-02-27,,Morno,Trial
L-5339,2025-10-04,Sim,Quente,Trial
L-3703,2025-12-06,Nao,Frio,Cancelado
L-2211,2025-11-26,Sim,Morno,Inativo
L-8092,2025-05-13,Nao,Morno,Trial
L-6045,2025-02-13,Sim,Quente,Inativo
L-4653,2025-06-28,Sim,Quente,Trial
L-3374,2025-01-15,Nao,Frio,Trial
L-9908,2025-06-28,Sim,Quente,Ativo
L-5622,2025-12-21,Sim,Quente,Ativo
L-7568,2025-03-26,Sim,Quente,Trial
L-3416,2025-12-17,Sim,Morno,Trial
L-2434,2025-10-09,Nao,Frio,Ativo
L-8180,2025-05-20,Sim,Quente,Cancelado
L-9982,2025-12-18,,Morno,Cancelado
L-2505,2025-08-24,Sim,Morno,Ativo
L-3063,2025-06-25,Sim,Quente,Inativo
L-6041,2025-06-16,Nao,Quente,Trial
L-5220,2025-07-05,Sim,Morno,Trial
L-1084,2025-12-03,Sim,Morno,Ativo
L-4915,2025-10-29,Nao,Morno,Trial
L-4444,2025-04-04,Nao,Frio,Ativo
L-1468,2025-07-30,Nao,Frio,Cancelado
L-3923,2025-10-31,,Frio,Ativo
L-4300,2025-08-05,,Morno,Cancelado
L-7068,2025-11-28,Nao,Morno,Inativo
L-6709,2025-01-21,Sim,Morno,Trial
L-5487,2025-11-18,Sim,Quente,Trial
L-8152,2025-05-14,Sim,Morno,Cancelado
L-2750,2025-03-29,Nao,Frio,Ativo
L-7065,2025-01-25,Sim,Quente,Cancelado
L-8826,2025-05-10,Nao,Frio,Ativo
L-1399,2026-01-18,Nao,Morno,Trial
L-2168,2025-02-08,Nao,Frio,Ativo
L-5051,2025-08-04,Sim,Morno,Ativo
L-8885,2026-01-07,Nao,Quente,Cancelado
L-3152,2025-07-16,Nao,Frio,Trial
L-7650,2025-02-13,Sim,Morno,Trial
L-1292,2025-12-16,Sim,Morno,Ativo
L-8498,2025-05-08,Nao,Morno,Cancelado
L-1132,2025-07-16,Sim,Quente,Trial
L-4549,2026-01-29,Nao,Quente,Ativo
L-2647,2025-09-09,Nao,Frio,Trial
L-7469,2025-07-10,Sim,Quente,Ativo
L-3778,2025-12-09,Nao,Frio,Ativo
L-7071,2025-02-22,Nao,Frio,Ativo
L-1855,2025-11-02,Sim,Quente,Ativo
L-4959,2025-05-24,Sim,Quente,Inativo
L-9985,2025-08-09,Nao,Morno,Trial
L-8148,2025-12-24,Nao,Morno,Trial
L-3175,2025-09-13,Nao,Quente,Trial
L-5503,2025-12-20,Nao,Frio,Inativo
L-3761,2025-01-12,Sim,Quente,Ativo
L-7444,2025-12-05,Nao,Morno,Ativo
L-9776,2025-06-29,Nao,Frio,Cancelado
L-9077,2025-09-27,Nao,Quente,Ativo
L-1690,2025-07-04,Sim,Quente,Ativo
L-3914,2025-05-17,Nao,Frio,Ativo
L-5638,2025-01-08,Nao,Morno,Cancelado
L-8119,2025-10-02,Nao,Morno,Trial
L-7703,1900-01-01,Nao,Morno,Ativo
L-5905,2025-07-09,Nao,Quente,Ativo
L-3611,2025-09-13,Sim,Frio,Cancelado
L-5857,2026-01-27,Sim,Quente,Ativo
L-3283,2025-05-08,Nao,Frio,Ativo
L-8495,2025-03-18,Nao,Morno,Trial
L-7556,2025-12-22,Sim,Quente,Trial
L-9809,2025-06-05,Nao,Morno,Trial
L-3300,2025-05-05,,Frio,Ativo
L-5094,2025-01-16,Sim,Quente,Ativo
L-4260,2025-11-24,Nao,Quente,Inativo
L-4661,2025-01-18,Sim,Quente,Ativo
L-1790,2025-03-13,Sim,Quente,Cancelado
L-9830,2025-07-14,Sim,Morno,Trial
L-1696,2025-06-25,Sim,Morno,Trial
L-2144,2025-12-04,Sim,Morno,Cancelado
L-4809,2025-01-28,Nao,Morno,Inativo
L-5996,2025-02-04,Nao,Morno,Cancelado
L-6064,2025-01-29,Nao,Quente,Ativo
L-9299,2025-10-06,Nao,Quente,Trial
L-5516,2025-11-12,Nao,Morno,Ativo
L-8716,2025-07-16,Nao,Frio,Cancelado
L-3468,2025-10-01,Nao,Morno,Trial
L-5009,2025-07-29,Nao,Frio,Ativo
L-6775,2025-02-05,Nao,Morno,Trial
L-3188,2025-12-22,Nao,Morno,Cancelado
L-9013,2025-09-02,Nao,Morno,Ativo
L-7607,2025-04-22,Sim,Morno,Ativo
L-8427,2025-12-01,Sim,Morno,Cancelado
L-6758,2025-12-09,Sim,Quente,Inativo
L-8910,2025-03-08,Sim,Quente,Trial
L-6647,2025-08-02,Nao,Frio,Trial
L-3248,2026-01-04,Nao,Frio,Trial
L-7903,2025-08-06,Nao,Frio,Trial
L-8347,2025-03-20,Nao,Frio,Ativo
L-8053,2025-09-17,Nao,Morno,Ativo
L-6423,2025-12-04,Nao,Morno,Cancelado
L-5359,2025-07-27,Nao,Frio,Cancelado
L-7945,2025-11-28,Sim,Frio,Ativo
L-4782,2025-02-12,Sim,Morno,Ativo
L-7835,2025-11-22,Nao,Frio,Trial
L-8805,2025-06-02,Sim,Quente,Cancelado
L-7693,2025-08-17,,Frio,Ativo
L-1777,2025-01-20,Nao,Morno,Ativo
L-2408,2025-05-07,Sim,Quente,Ativo
L-8044,2026-02-01,Nao,Morno,Inativo
L-8873,2025-11-21,,Morno,Trial
L-1780,2025-06-03,Sim,Morno,Ativo
L-1959,2025-09-17,Nao,Frio,Cancelado
L-2726,2025-03-11,,Morno,Trial
L-8532,2025-07-09,Nao,Morno,Ativo
L-5000,2025-06-02,Nao,Frio,Inativo
L-5964,2025-02-10,Sim,Quente,Ativo
L-4725,2025-04-22,Sim,Quente,Trial
L-6421,2025-05-31,Sim,Quente,Trial
L-1544,1900-01-01,Sim,Quente,Cancelado
L-5638,2025-09-06,Nao,Frio,Trial
L-9985,2025-08-12,Nao,Frio,Ativo
L-5430,2025-09-09,Nao,Frio,Trial
L-3512,2025-05-03,Nao,Morno,Inativo
L-5841,2025-11-06,Sim,Quente,Ativo
L-9214,2025-04-18,Nao,Morno,Trial
L-1052,2025-03-12,,Morno,Ativo
L-7757,2025-01-27,Nao,Frio,Ativo
L-1653,2025-06-08,Nao,Morno,Ativo
L-4153,2025-08-26,Sim,Morno,Cancelado
L-7836,2025-06-01,Sim,Morno,Trial
L-7064,2026-01-02,Nao,Morno,Ativo
L-3763,2025-12-29,Sim,Quente,Ativo
L-4866,2025-11-19,Sim,Morno,Inativo
L-7861,2025-08-14,Nao,Morno,Trial
L-4436,2025-02-16,Sim,Quente,Trial
L-3754,2026-01-31,Nao,Morno,Ativo
L-8012,2025-12-25,Nao,Frio,Trial
L-4144,2025-05-27,Nao,Frio,Inativo
L-8152,2025-06-01,Sim,Quente,Inativo
L-9231,2025-07-27,Nao,Frio,Ativo
L-3891,2025-02-03,Nao,Frio,Cancelado
L-5243,2025-12-03,Nao,Morno,Ativo
L-8016,2026-01-29,Sim,Quente,Cancelado
L-3942,2025-02-28,Sim,Quente,Trial
L-5534,2025-12-10,Sim,Quente,Ativo
L-3106,2025-05-22,Nao,Morno,Ativo
L-9587,2026-02-01,Nao,Frio,Ativo
L-7024,2025-06-23,Nao,Frio,Ativo
L-8736,2025-08-18,Nao,Frio,Ativo
L-1297,2025-07-01,Nao,Quente,Ativo
L-8879,2026-01-03,Sim,Quente,Cancelado
L-4326,2025-10-27,Sim,Quente,Cancelado
L-8843,2025-06-27,Nao,Morno,Trial
L-9425,2025-09-19,,Morno,Inativo
L-6211,2025-12-18,Sim,Quente,Ativo
L-1170,2025-02-12,,Frio,Trial
L-4048,2025-10-04,Nao,Morno,Inativo
L-1872,2026-01-04,Nao,Morno,Cancelado
L-7180,2026-01-26,Sim,Quente,Trial
L-3330,2025-07-05,Nao,Frio,Ativo
L-9970,2025-05-24,Nao,Quente,Cancelado
L-9686,2026-02-04,Sim,Quente,Cancelado
L-9644,2025-02-08,Nao,Morno,Trial
L-3979,2026-01-08,Nao,Frio,Inativo
L-4425,2026-01-31,Nao,Quente,Trial
L-3387,2025-09-21,,Frio,Cancelado
L-1733,2025-10-30,Nao,Frio,Trial
L-8042,2025-07-16,Nao,Morno,Ativo
L-3394,2025-03-28,Nao,Morno,Trial
L-2850,2026-01-22,Sim,Quente,Ativo
L-6125,2025-04-29,Nao,Frio,Ativo
L-8736,2025-06-04,Nao,Morno,Trial
L-3751,2025-10-24,Nao,Frio,Trial
L-8943,2025-12-03,Sim,Quente,Ativo
L-8513,2025-05-06,Nao,Morno,Cancelado
L-9288,2025-03-14,Sim,Frio,Trial
L-6048,2025-12-30,Nao,Morno,Inativo
L-4073,2025-07-08,Nao,Morno,Trial
L-9535,2025-04-14,Sim,Morno,Cancelado
L-4813,2025-06-28,,Morno,Cancelado
L-5697,2025-05-07,Sim,Quente,Cancelado
L-5989,2025-01-29,Nao,Quente,Ativo
L-5320,2025-09-16,Sim,Quente,Ativo
L-9941,2025-02-16,Nao,Morno,Ativo
L-5029,2026-01-24,Sim,Morno,Inativo
L-6352,2025-02-24,,Morno,Ativo
L-9192,2025-06-04,Nao,Frio,Trial
L-4162,2025-09-21,Nao,Frio,Trial
L-7308,2025-09-17,Nao,Frio,Ativo
L-1079,2025-12-24,Nao,Frio,Ativo
L-8893,2025-08-12,Nao,Quente,Ativo
L-3423,2025-12-02,Nao,Frio,Trial
L-3527,2025-06-29,Nao,Morno,Trial
L-1478,2025-03-23,Sim,Frio,Trial
L-6579,2025-03-12,Sim,Quente,Ativo
L-3063,2025-02-23,Nao,Morno,Trial
L-5259,2026-01-30,Nao,Morno,Cancelado
L-3557,2025-06-21,Sim,Morno,Trial
L-1960,2025-02-11,,Quente,Cancelado
L-9178,2025-08-19,Sim,Quente,Cancelado
L-3350,2025-03-31,Nao,Frio,Trial
L-1381,2025-07-29,Nao,Frio,Ativo
L-7225,2025-03-07,Nao,Frio,Ativo
L-4354,2025-01-27,Sim,Quente,Cancelado
L-6454,2025-02-23,Sim,Frio,Trial
L-4413,2025-09-12,Nao,Morno,Cancelado
L-8508,2025-06-10,Sim,Quente,Ativo
L-3611,2025-05-04,Nao,Frio,Trial
L-6810,2025-07-27,Sim,Quente,Inativo
L-1471,2025-03-07,Sim,Morno,Trial
L-9037,2026-02-04,Nao,Morno,Ativo
L-5801,2025-11-30,Nao,Morno,Inativo
L-7661,2025-06-29,Nao,Frio,Ativo
L-6793,2026-01-17,Sim,Quente,Ativo
L-3565,2025-11-29,Nao,Morno,Cancelado
L-9797,2025-06-12,Sim,Quente,Ativo
L-3024,2025-01-06,Nao,Frio,Ativo
L-9580,2025-09-01,Sim,Morno,Trial
L-2919,2025-10-21,Nao,Morno,Trial
L-1749,2025-03-26,Sim,Quente,Trial
L-9357,2025-11-04,Nao,Morno,Inativo
L-6119,2025-01-12,Sim,Quente,Cancelado
L-6789,2025-06-05,Sim,Quente,Cancelado
L-5136,2025-11-02,Nao,Frio,Cancelado
L-7355,2025-11-30,,Morno,Trial
L-8433,2026-01-27,Nao,Frio,Ativo
L-3518,2025-10-29,Sim,Quente,Trial
L-9303,2026-01-20,Nao,Frio,Cancelado
L-3990,2026-02-01,Nao,Frio,Trial
L-3084,2025-03-04,Nao,Frio,Cancelado
L-9007,2025-11-30,Nao,Frio,Cancelado
L-8056,2025-12-28,Sim,Quente,Ativo
L-5824,2025-07-13,Nao,Frio,Trial
L-7773,2025-12-31,Nao,Frio,Ativo
L-8661,2025-05-21,Nao,Frio,Ativo
L-5727,2025-05-10,Nao,Frio,Inativo
L-2014,2025-11-24,Sim,Quente,Ativo
L-3033,2025-12-16,Nao,Frio,Ativo
L-4225,2025-12-23,Nao,Morno,Trial
L-6675,2025-04-21,Nao,Morno,Trial
L-6633,2025-03-20,Sim,Morno,Trial
L-6338,1900-01-01,Nao,Morno,Ativo
L-6190,2025-04-13,Nao,Frio,Cancelado
L-3776,2025-07-29,Sim,Morno,Trial
L-3116,2026-01-26,Sim,Frio,Trial
L-8461,2025-06-11,Nao,Frio,Cancelado
L-6172,2025-06-11,,Frio,Ativo
L-4324,2025-05-07,Nao,Quente,Trial
L-2738,2025-06-30,Nao,Frio,Cancelado
L-5576,2025-06-18,Sim,Quente,Ativo
L-7475,2025-01-03,Nao,Frio,Inativo
L-6998,2025-01-01,Sim,Morno,Inativo
L-3072,2025-01-11,Nao,Frio,Trial
L-3741,2025-09-14,Nao,Frio,Cancelado
L-1231,2025-01-10,Sim,Quente,Cancelado
L-1080,2025-12-17,Sim,Morno,Inativo
L-8167,2025-01-13,,Frio,Ativo
L-6368,2025-05-15,Nao,Morno,Ativo
L-2386,2025-09-30,Nao,Frio,Cancelado
L-5487,2025-04-05,Sim,Quente,Inativo
L-8536,2025-06-05,Sim,Morno,Ativo
L-5853,2025-03-04,,Morno,Trial
L-2788,2025-11-24,Nao,Morno,Trial
L-7714,2025-04-16,Nao,Frio,Cancelado
L-5232,2025-11-06,Nao,Morno,Trial
L-9074,2025-06-04,Nao,Frio,Trial
L-5725,2025-12-19,Nao,Frio,Ativo
L-2708,2025-04-20,Sim,Quente,Ativo
L-5060,2025-04-27,Nao,Morno,Ativo
L-2391,2025-05-08,Sim,Quente,Trial
L-6855,2025-03-03,Nao,Morno,Ativo
L-5735,2026-02-02,Sim,Quente,Trial
L-6724,2025-09-11,Nao,Morno,Ativo
L-4034,2025-12-06,Nao,Frio,Cancelado
L-2993,2025-12-30,Nao,Frio,Trial
L-5481,2025-10-03,Nao,Quente,Trial
L-7440,2025-06-03,,Quente,Cancelado
L-4229,2025-05-28,Sim,Quente,Trial
L-9563,2025-03-22,Sim,Morno,Cancelado
L-3118,2025-04-27,Nao,Frio,Cancelado
L-3847,2025-12-13,,Frio,Cancelado
L-9283,2025-07-07,Sim,Frio,Cancelado
L-9039,2025-05-25,Sim,Morno,Ativo
L-8777,2025-07-15,Sim,Quente,Ativo
L-3171,2025-08-05,Nao,Frio,Trial
L-9851,2025-10-06,Nao,Quente,Ativo
L-9599,2026-01-27,Nao,Morno,Ativo
L-8013,2025-02-05,Nao,Frio,Trial
L-1034,2025-06-27,,Frio,Ativo
L-2218,2025-10-31,Sim,Quente,Cancelado
L-1778,2025-10-07,Nao,Quente,Ativo
L-9051,2025-06-13,Sim,Quente,Ativo
L-5700,2025-09-23,Sim,Morno,Ativo
L-9473,2025-01-26,Nao,Morno,Cancelado
L-7263,2025-01-17,Nao,Frio,Trial
L-9181,2025-10-11,Nao,Frio,Ativo
L-4694,2026-02-04,Sim,Morno,Cancelado
L-4974,2025-02-28,Sim,Quente,Trial
L-1535,2025-02-11,Sim,Quente,Cancelado
L-3838,2025-08-05,Nao,Morno,Ativo
L-4280,2025-05-03,Sim,Quente,Trial
L-7505,2025-11-09,Nao,Morno,Trial
L-3145,2025-06-02,Nao,Morno,Ativo
L-2345,2025-10-05,Nao,Frio,Cancelado
L-5231,2025-05-13,Nao,Frio,Cancelado
L-8594,2025-08-05,Sim,Quente,Ativo
L-5316,2025-07-14,,Morno,Cancelado
L-5974,2025-01-02,Nao,Frio,Ativo
L-7260,2025-10-06,Nao,Quente,Trial
L-8242,2025-09-22,,Frio,Trial
L-5579,2025-07-04,Sim,Morno,Trial
L-2053,2025-05-11,Sim,Morno,Ativo
L-6251,2026-01-15,Nao,Morno,Cancelado
L-7173,2026-01-30,,Frio,Cancelado
L-1392,2025-11-09,Nao,Quente,Ativo
L-7138,2025-11-18,Nao,Frio,Trial
L-8777,2025-10-06,Nao,Frio,Cancelado
L-3584,2025-12-21,Nao,Morno,Ativo
L-8551,2025-03-27,Nao,Frio,Trial
L-7995,2025-06-13,Sim,Quente,Inativo
L-1193,2025-02-05,Sim,Quente,Inativo
L-3426,2025-09-22,Sim,Quente,Inativo
L-5203,2025-06-11,Sim,Quente,Trial
L-3029,2025-09-16,Nao,Morno,Cancelado
L-7153,2025-12-29,Nao,Frio,Trial
L-2635,2025-08-30,,Morno,Ativo
L-7637,2025-09-30,,Frio,Ativo
L-7389,2026-01-29,Sim,Frio,Ativo
L-5805,2025-12-08,Nao,Morno,Ativo
L-6316,2025-07-03,Nao,Frio,Trial
L-4589,2025-04-26,Nao,Frio,Ativo
L-2868,2025-03-07,Nao,Frio,Cancelado
L-3098,2025-03-23,Sim,Quente,Ativo
L-1103,2025-09-05,Nao,Frio,Ativo
L-9610,2025-10-09,Nao,Morno,Trial
L-4431,2025-08-25,Nao,Morno,Trial
L-9839,2025-04-28,Nao,Morno,Ativo
L-8499,2025-08-09,Sim,Quente,Ativo
L-8069,2025-04-20,Sim,Quente,Inativo
L-3723,2025-06-06,Nao,Frio,Ativo
L-7897,2026-01-14,,Morno,Cancelado
L-5613,2025-02-27,Sim,Quente,Cancelado
L-7607,2025-05-13,,Morno,Inativo
L-3681,2026-01-15,Nao,Morno,Ativo
L-6510,2025-09-08,Sim,Quente,Ativo
L-8833,2025-01-01,Nao,Frio,Ativo
L-1997,2025-11-28,,Morno,Ativo
L-9821,2025-05-27,Nao,Morno,Cancelado
L-9431,2026-01-24,Nao,Morno,Ativo
L-3177,2025-02-10,,Frio,Ativo
L-8330,2025-08-14,Nao,Frio,Trial
L-8097,2025-09-16,Nao,Frio,Trial
L-5853,2025-12-08,,Frio,Trial
L-8272,2025-02-01,Nao,Quente,Inativo
L-9449,2025-05-18,Sim,Frio,Ativo
L-6787,2026-01-16,,Frio,Ativo
L-5469,2025-07-07,Nao,Frio,Trial
L-4726,2026-01-21,Sim,Quente,Cancelado
L-3637,2025-07-22,Sim,Quente,Inativo
L-1641,2025-02-05,Nao,Frio,Cancelado
L-5163,2025-07-28,Nao,Morno,Ativo
L-9804,2025-10-09,Nao,Morno,Trial
L-1196,2025-04-15,Nao,Frio,Ativo
L-2272,2025-07-01,,Frio,Ativo
L-9165,2025-03-30,,Morno,Ativo
L-4827,2025-07-30,,Morno,Ativo
L-8565,2025-10-26,Nao,Quente,Trial
L-2892,2025-03-05,Sim,Quente,Cancelado
L-2489,2026-02-02,Sim,Quente,Ativo
L-1609,2025-09-22,Sim,Quente,Ativo
L-3606,2025-04-27,Sim,Quente,Ativo
L-9167,2025-09-25,Sim,Frio,Trial
L-9225,2026-01-24,Nao,Frio,Trial
L-5708,2025-02-04,,Morno,Trial
L-6799,2025-02-10,Sim,Quente,Ativo
L-4272,2026-01-04,Sim,Quente,Cancelado
L-1760,2025-09-14,Nao,Morno,Cancelado
L-4375,1900-01-01,Sim,Morno,Trial
L-7922,2025-04-27,Nao,Frio,Trial
L-2460,1900-01-01,Sim,Quente,Trial
L-6976,2025-11-26,Sim,Morno,Trial
L-4613,2026-01-27,Sim,Quente,Ativo
L-1739,2025-12-29,Sim,Quente,Trial
L-3702,2025-09-27,Nao,Morno,Trial
L-8354,2025-07-01,Nao,Morno,Ativo
L-6381,2025-12-19,Sim,Morno,Trial
L-5877,2025-09-16,Sim,Quente,Inativo
L-8517,1900-01-01,Sim,Morno,Ativo
L-2384,2025-08-13,Nao,Frio,Cancelado
L-2202,2025-08-12,Nao,Frio,Trial
L-7349,2025-01-03,Sim,Frio,Ativo
L-7671,2025-03-02,Nao,Morno,Trial
L-3056,2025-05-12,Nao,Quente,Inativo
L-3657,2025-11-05,Nao,Frio,Ativo
L-9636,2025-03-28,Nao,Frio,Trial
L-2552,2025-06-21,Nao,Frio,Ativo
L-1431,2025-05-16,Nao,Frio,Trial
L-1490,2025-05-19,,Quente,Trial
L-2125,2025-10-10,,Frio,Inativo
L-4228,2025-09-23,Nao,Frio,Trial
L-3822,2025-10-29,Nao,Frio,Trial
L-7536,2025-09-27,Nao,Frio,Trial
L-4828,2025-08-09,,Frio,Cancelado
L-5369,2025-11-30,Nao,Morno,Ativo
L-5590,2025-03-02,Nao,Morno,Trial
L-7097,2025-01-06,Nao,Quente,Ativo
L-5696,2025-08-31,Nao,Morno,Cancelado
L-3711,2025-10-19,Sim,Quente,Ativo
L-4892,2025-12-04,,Morno,Ativo
L-1267,2025-08-12,Nao,Frio,Ativo
L-5471,2025-07-19,Nao,Morno,Ativo
L-4294,2025-11-06,,Frio,Cancelado
L-4649,2025-09-11,Nao,Morno,Trial
L-7358,2025-06-27,Nao,Frio,Ativo
L-9151,2025-04-02,Nao,Morno,Ativo
L-7718,2025-02-23,Sim,Quente,Inativo
L-6227,2025-02-13,Nao,Frio,Ativo
L-9288,2025-05-31,Nao,Frio,Trial
L-5841,2025-02-19,Sim,Quente,Trial
L-3210,2025-09-10,Sim,Quente,Ativo
L-9809,1900-01-01,Sim,Frio,Trial
L-5226,2025-08-28,Sim,Quente,Ativo
L-8882,2025-10-14,,Frio,Ativo
L-4411,2026-01-14,Nao,Frio,Inativo
L-8000,2025-02-20,Sim,Quente,Ativo
L-3402,2025-02-10,Nao,Morno,Trial
L-9942,2025-01-14,,Frio,Cancelado
L-6826,2025-04-19,Nao,Frio,Ativo
L-6466,2025-03-14,Sim,Frio,Ativo
L-6566,2026-01-23,Sim,Frio,Inativo
L-1870,2025-04-05,Nao,Morno,Trial
L-6158,2025-12-30,Sim,Quente,Ativo
L-3599,2025-03-19,Sim,Quente,Ativo
L-5897,2025-11-22,Sim,Quente,Inativo
L-3525,2025-02-20,Sim,Quente,Cancelado
L-5114,2025-03-26,Nao,Frio,Ativo
L-1893,2025-08-14,Sim,Quente,Cancelado
L-5967,2026-01-22,Nao,Morno,Inativo
L-4827,2025-05-12,Nao,Morno,Inativo
L-5355,2025-06-26,Nao,Morno,Ativo
L-2497,2025-07-09,Sim,Morno,Inativo
L-9562,2025-01-07,,Frio,Ativo
L-4791,1900-01-01,Sim,Morno,Ativo
L-7344,2026-01-05,Nao,Morno,Ativo
L-3814,2025-08-10,Nao,Quente,Trial
L-5746,2026-01-01,Nao,Quente,Cancelado
L-6501,2025-12-02,Nao,Frio,Ativo
L-5188,2025-03-20,Sim,Quente,Cancelado
L-9870,2025-03-26,Sim,Morno,Trial
L-8785,2025-10-16,Sim,Quente,Ativo
L-4513,2025-12-09,Nao,Frio,Ativo
L-3449,2025-08-30,Sim,Frio,Trial
L-7780,2025-07-14,Sim,Quente,Ativo
L-3943,2025-08-01,Sim,Quente,Ativo
L-7521,2025-01-15,Nao,Morno,Trial
L-6696,2025-04-17,Sim,Quente,Inativo
L-2830,2025-05-26,Nao,Morno,Ativo
L-7739,2025-03-28,Sim,Morno,Ativo
L-9977,2025-05-06,Nao,Frio,Trial
L-7934,2025-11-08,,Frio,Trial
L-2662,2025-03-09,Nao,Morno,Trial
L-5849,2025-12-16,Nao,Quente,Trial
L-2870,2025-12-31,Sim,Quente,Inativo
L-4962,2025-12-30,Sim,Quente,Trial
L-2323,2025-02-03,,Morno,Trial
L-6061,2025-04-30,Nao,Frio,Trial
L-8519,2025-09-03,,Frio,Trial
L-2854,2025-06-18,Nao,Morno,Trial
L-3405,2025-04-28,Nao,Frio,Cancelado
L-8632,2025-04-15,,Morno,Ativo
L-1531,2025-05-07,,Frio,Cancelado
L-8763,2025-10-19,Sim,Quente,Ativo
L-4638,2025-03-13,Sim,Quente,Cancelado
L-8832,2026-01-06,Nao,Quente,Cancelado
L-2339,2025-09-26,Nao,Morno,Trial
L-9171,2026-01-24,Nao,Frio,Cancelado
L-9868,2025-09-16,Nao,Morno,Cancelado
L-9618,1900-01-01,Sim,Quente,Cancelado
L-3292,2025-02-16,Sim,Quente,Ativo
L-6461,2025-10-27,,Frio,Trial
L-6343,2025-06-28,Sim,Quente,Trial
L-1055,2025-07-29,Sim,Quente,Inativo
L-1276,2025-06-12,Nao,Quente,Ativo
L-2770,2025-12-10,Nao,Morno,Trial
L-3167,2025-12-07,Nao,Frio,Ativo
L-3978,2025-11-20,Sim,Morno,Inativo
L-2185,2025-02-15,Sim,Quente,Ativo
L-3424,2025-12-19,Sim,Frio,Cancelado
L-3118,2025-11-24,Sim,Quente,Trial
L-3670,2025-03-26,Nao,Frio,Ativo
L-4215,2025-06-29,,Morno,Ativo
L-6909,2025-03-11,Sim,Quente,Ativo
L-6849,2025-05-15,Sim,Quente,Inativo
L-8005,2026-02-05,Sim,Quente,Inativo
L-6249,2025-02-11,Nao,Morno,Ativo
L-5350,2025-06-16,Nao,Frio,Ativo
L-8053,2025-06-17,,Frio,Ativo
L-2870,2025-06-25,Sim,Frio,Ativo
L-2436,2025-06-25,Nao,Morno,Ativo
L-3480,2025-03-22,Nao,Frio,Ativo
L-4527,2025-04-03,Sim,Quente,Ativo
L-6145,2025-07-17,Nao,Frio,Ativo
L-8097,2025-12-26,Nao,Frio,Ativo
L-8250,2025-08-21,Nao,Frio,Trial
L-1983,2026-01-03,Nao,Morno,Ativo
L-1481,2026-01-14,Sim,Quente,Ativo
L-1293,2025-03-18,Sim,Morno,Ativo
L-3243,2025-10-18,Nao,Quente,Cancelado
L-7391,2025-01-01,Sim,Quente,Ativo
L-4090,2025-06-14,Nao,Frio,Ativo
L-1685,2025-07-17,Nao,Morno,Cancelado
L-7787,2025-10-21,Nao,Quente,Ativo
L-9830,2025-10-03,Sim,Quente,Inativo
L-5376,2025-04-30,Nao,Frio,Ativo
L-6933,2025-06-14,Sim,Morno,Ativo
L-9725,2025-10-15,Nao,Morno,Ativo
L-9069,2026-01-13,,Morno,Trial
L-1311,2025-04-02,Nao,Morno,Ativo
L-1880,2025-02-03,Sim,Quente,Cancelado
L-5585,2025-09-25,Nao,Quente,Inativo
L-1377,2025-07-17,Sim,Quente,Inativo
L-8318,2025-07-06,Nao,Frio,Trial
L-7186,2025-11-13,Sim,Morno,Ativo
L-7875,2026-01-19,Nao,Frio,Trial
L-9436,1900-01-01,Sim,Morno,Inativo
L-6777,2025-01-18,Nao,Morno,Trial
L-9365,2025-06-03,Sim,Morno,Ativo
L-1384,2025-04-02,Sim,Morno,Ativo
L-7514,2025-07-22,Sim,Quente,Trial
L-1219,2025-03-04,Nao,Morno,Trial
L-2727,2025-03-02,Nao,Frio,Inativo
L-2931,2025-08-27,,Frio,Cancelado
L-6077,2025-03-23,Nao,Frio,Inativo
L-1053,2025-03-03,Sim,Quente,Cancelado
L-3706,2025-09-09,Nao,Quente,Trial
L-7067,2025-01-26,Nao,Frio,Inativo
L-9037,2025-12-01,Nao,Quente,Ativo
L-7513,2025-12-08,Nao,Frio,Ativo
L-8424,2025-08-09,Sim,Morno,Cancelado
L-5762,2025-11-27,Sim,Quente,Cancelado
L-2720,2025-10-14,Nao,Frio,Ativo
L-9922,2025-08-05,Nao,Morno,Ativo
L-6011,2025-06-07,Sim,Frio,Cancelado
L-2276,2025-09-13,Nao,Morno,Cancelado
L-9344,2025-12-22,,Morno,Trial
L-3566,2025-12-22,Nao,Morno,Ativo
L-3327,2025-04-09,Nao,Frio,Ativo
L-1119,2025-09-11,Nao,Frio,Cancelado
L-9979,2025-06-27,Nao,Frio,Ativo
L-2181,2025-02-14,Sim,Morno,Trial
L-9189,2026-01-12,Sim,Quente,Trial
L-7491,2025-02-07,Nao,Morno,Trial
L-3652,2025-09-28,Nao,Frio,Trial
L-9515,2025-05-26,Nao,Frio,Inativo
L-8759,2025-08-31,Nao,Frio,Trial
L-8621,2025-07-17,,Morno,Ativo
L-2614,2025-02-25,Nao,Frio,Cancelado
L-4452,2025-01-17,Sim,Morno,Ativo
L-1490,2025-01-21,Nao,Morno,Cancelado
L-4677,2025-03-16,Nao,Quente,Trial
L-9184,2025-12-03,Sim,Morno,Ativo
L-4818,2025-02-24,Nao,Frio,Ativo
L-3596,2025-08-15,Sim,Quente,Ativo
L-2049,2025-12-23,Nao,Frio,Trial
L-9131,2025-06-02,Nao,Frio,Inativo
L-3456,2025-08-06,Sim,Quente,Ativo
L-2301,2025-03-19,Sim,Morno,Ativo
L-9361,2025-01-06,Nao,Frio,Ativo
L-6639,2025-05-23,Sim,Quente,Ativo
L-5832,2026-01-22,Sim,Quente,Trial
L-7352,2025-10-19,Sim,Quente,Ativo
L-8720,2025-05-29,Nao,Frio,Trial
L-5615,2025-11-24,Sim,Morno,Ativo
L-5039,2025-02-09,Nao,Frio,Trial
L-4199,2025-10-09,Sim,Morno,Ativo
L-7942,2025-09-27,Nao,Frio,Ativo
L-1060,2026-01-28,Sim,Quente,Trial
L-4401,2025-10-22,Sim,Morno,Ativo
L-2258,2025-04-12,Nao,Frio,Inativo
L-2641,2025-08-03,Nao,Frio,Ativo
L-5054,2025-03-25,Sim,Morno,Cancelado
L-1862,2025-06-24,Sim,Morno,Trial
L-6654,2025-06-30,Nao,Quente,Ativo
L-7438,2025-09-28,Sim,Frio,Trial
L-7657,2025-01-12,Nao,Frio,Cancelado
L-2841,2025-09-30,Sim,Quente,Ativo
L-6997,2025-10-03,Sim,Quente,Cancelado
L-3019,2025-04-02,Nao,Frio,Ativo
L-4388,2026-01-25,Nao,Morno,Cancelado
L-4043,2025-11-28,Nao,Morno,Ativo
L-6892,2025-02-14,Sim,Quente,Cancelado
L-9748,2025-08-23,Sim,Quente,Cancelado
L-5569,2025-07-23,Nao,Frio,Inativo
L-5032,2025-10-21,Nao,Morno,Trial
L-8066,2025-08-31,Sim,Quente,Inativo
L-9325,2026-01-08,Nao,Morno,Trial
L-5804,2025-05-14,Nao,Frio,Ativo
L-9332,2025-02-03,Nao,Morno,Cancelado
L-5569,2025-09-07,Sim,Quente,Trial
L-1525,2025-08-15,Nao,Morno,Ativo
L-4151,2025-02-10,Sim,Morno,Trial
L-1137,2025-07-20,Nao,Frio,Ativo
L-3295,2025-06-26,Sim,Quente,Inativo
L-8227,2025-05-16,,Quente,Cancelado
L-2123,2025-10-14,Sim,Quente,Ativo
L-8289,2025-07-09,Nao,Frio,Cancelado
L-5629,2026-01-04,Sim,Quente,Trial
L-4332,2025-06-25,Sim,Quente,Ativo
L-5403,2025-10-09,Sim,Quente,Trial
L-6975,2025-07-31,Nao,Morno,Inativo
L-7098,2025-11-23,Nao,Quente,Inativo
L-8831,2025-06-05,Nao,Frio,Inativo
L-6665,2025-06-23,Nao,Quente,Ativo
L-9147,2025-12-19,,Frio,Ativo
L-5531,2025-05-26,Nao,Morno,Ativo
L-8695,2025-05-27,Sim,Morno,Inativo
L-1253,2025-09-01,Sim,Quente,Ativo
L-6610,2025-07-19,Sim,Morno,Trial
L-4503,1900-01-01,Sim,Morno,Ativo
L-9748,2025-02-13,Sim,Frio,Ativo
L-2110,2025-03-17,Sim,Quente,Cancelado
L-5238,2025-08-18,Sim,Morno,Cancelado
L-6449,2025-08-21,Nao,Morno,Ativo
L-9855,2025-05-25,Sim,Morno,Ativo
L-1596,2025-03-31,Sim,Quente,Inativo
L-2285,2025-04-24,Nao,Morno,Cancelado
L-3766,2026-01-10,Nao,Frio,Trial
L-7815,2025-03-24,Sim,Quente,Trial
L-5670,2025-04-13,Sim,Frio,Trial
L-5726,2025-07-19,Sim,Quente,Trial
L-3967,2025-01-29,Nao,Quente,Ativo
L-5961,2025-09-08,Nao,Quente,Trial
L-9537,2025-04-19,Nao,Morno,Ativo
L-6227,2025-09-10,Sim,Morno,Trial
L-3499,2025-08-31,Nao,Morno,Trial
L-8865,2025-09-04,Sim,Quente,Cancelado
L-8926,2025-08-03,Sim,Frio,Cancelado
L-2579,2025-03-11,Nao,Morno,Trial
L-2931,2025-11-07,Nao,Morno,Trial
L-7496,2025-03-18,Sim,Morno,Inativo
L-9736,2025-03-07,Nao,Morno,Cancelado
L-7288,2025-11-21,Nao,Morno,Inativo
L-2098,2025-01-27,Nao,Morno,Trial
L-4599,2025-02-10,Sim,Frio,Trial
L-4992,2025-03-19,Nao,Frio,Trial
L-1301,2026-01-14,Nao,Frio,Ativo
L-3240,2025-09-16,Sim,Quente,Cancelado
L-9244,2025-06-19,Nao,Morno,Trial
L-8401,2026-01-14,Sim,Morno,Trial
L-2326,2025-07-28,Nao,Morno,Trial
L-9584,2025-11-24,Sim,Morno,Trial
L-9869,2025-08-04,Sim,Quente,Cancelado
L-6327,2025-08-18,Sim,Quente,Ativo
L-2700,2025-03-19,,Frio,Ativo
L-5522,2025-05-23,Sim,Morno,Trial
L-2515,2025-04-06,Sim,Quente,Trial
L-8659,2026-01-06,Nao,Morno,Trial
L-3827,2025-04-08,Nao,Quente,Ativo
L-5753,2025-02-24,Sim,Morno,Ativo
L-1232,2025-06-12,Sim,Morno,Cancelado
L-3456,2025-08-23,Nao,Frio,Cancelado
L-6397,2025-11-15,,Morno,Inativo
L-5531,2025-02-04,Sim,Morno,Ativo
L-1244,2025-04-01,Sim,Quente,Ativo
L-6643,2025-10-03,Sim,Quente,Trial
L-4501,2025-02-16,Sim,Quente,Ativo
L-5373,2025-11-28,Nao,Quente,Ativo
L-3378,2025-03-12,Nao,Morno,Ativo
L-4060,2025-10-21,Nao,Morno,Trial
L-7921,2025-03-11,Sim,Quente,Trial
L-4668,2025-06-16,Nao,Morno,Cancelado
L-1198,2025-08-03,Sim,Quente,Ativo
L-9189,2025-07-17,Nao,Morno,Ativo
L-3785,2025-10-04,Nao,Frio,Trial
L-4328,2025-03-29,Nao,Frio,Trial
L-8883,2025-08-19,Sim,Morno,Trial
L-7383,2025-04-28,Nao,Frio,Trial
L-4371,2025-05-01,,Frio,Ativo
L-9383,2025-05-25,Nao,Morno,Ativo
L-3877,2025-04-27,Nao,Morno,Trial
L-1250,2025-12-08,Nao,Frio,Ativo
L-2382,2025-10-10,Sim,Morno,Inativo
L-2072,2025-06-15,Sim,Morno,Inativo
L-6401,2025-11-22,,Frio,Trial
L-7793,2025-02-15,Nao,Morno,Ativo
L-5735,2025-02-11,Nao,Morno,Trial
L-2688,2026-01-06,Sim,Quente,Trial
L-8206,2025-06-06,Nao,Morno,Ativo
L-8522,2025-07-11,Nao,Morno,Trial
L-7424,2025-07-30,Sim,Frio,Ativo
L-9098,2025-04-03,Nao,Frio,Ativo
L-5086,2025-01-24,Nao,Morno,Ativo
L-4861,2026-01-13,Sim,Morno,Trial
L-7370,2025-08-09,,Frio,Trial
L-2517,2025-08-12,Sim,Morno,Ativo
L-6471,2025-12-02,Sim,Quente,Trial
L-5849,2025-02-10,Sim,Morno,Trial
L-1393,2025-06-16,,Morno,Trial
L-4624,2025-09-27,Nao,Frio,Trial
L-4628,2025-02-20,Nao,Quente,Cancelado
L-6896,2026-01-10,Sim,Quente,Ativo
L-6259,2025-06-15,,Quente,Trial
L-5121,2025-04-08,Sim,Quente,Inativo
L-7687,2025-12-04,,Morno,Cancelado
L-3257,2026-01-24,Nao,Frio,Inativo
L-5372,2025-09-18,Sim,Morno,Trial
L-9190,2025-07-24,Sim,Morno,Inativo
L-8293,2025-01-29,,Morno,Trial
L-2430,2025-03-28,,Morno,Ativo
L-3922,2025-07-05,,Frio,Cancelado
L-7402,2025-08-05,Nao,Frio,Trial
L-6280,2026-01-10,Sim,Quente,Ativo
L-5815,2025-07-07,Nao,Frio,Trial
L-5191,2025-06-16,Sim,Morno,Cancelado
L-3987,2025-05-02,Nao,Quente,Trial
L-4732,2025-05-10,Nao,Morno,Cancelado
L-6007,2025-01-15,Sim,Morno,Inativo
L-4398,2025-08-03,Nao,Morno,Ativo
L-6792,2026-01-18,Sim,Quente,Trial
L-3707,2025-02-11,Nao,Morno,Ativo
L-1574,2025-10-21,Sim,Quente,Inativo
L-1146,2025-06-07,Sim,Quente,Ativo
L-6021,2025-03-16,Sim,Quente,Trial
L-1708,2025-02-23,Nao,Frio,Ativo
L-3344,2025-01-07,Nao,Frio,Ativo
L-7605,2025-05-20,Nao,Quente,Ativo
L-1057,2025-03-09,Nao,Morno,Ativo
L-8206,2025-06-12,Nao,Quente,Cancelado
L-6423,2025-07-16,Nao,Quente,Trial
L-2842,2025-04-11,Sim,Morno,Trial
L-8082,2025-01-17,Nao,Frio,Ativo
L-5277,2025-09-24,Sim,Quente,Ativo
L-3124,2025-05-17,Sim,Morno,Inativo
L-1954,2025-12-19,Nao,Quente,Ativo
L-9475,2025-06-10,Nao,Frio,Ativo
L-9832,2026-01-16,Nao,Frio,Inativo
L-9056,2025-02-01,,Frio,Ativo
L-5674,2025-05-31,Nao,Quente,Trial
L-6657,2025-11-30,Sim,Quente,Trial
L-6614,2025-08-07,Nao,Morno,Trial
L-8496,2025-03-27,Nao,Morno,Inativo
L-5008,1900-01-01,Sim,Quente,Inativo
L-3022,2025-12-12,Sim,Morno,Ativo
L-6950,2025-01-03,Nao,Frio,Trial
L-5338,2025-08-16,Sim,Frio,Ativo
L-4950,2025-11-17,Sim,Morno,Inativo
L-5340,2025-07-10,Sim,Morno,Trial
L-2207,1900-01-01,Sim,Frio,Trial
L-4225,2025-02-27,Nao,Frio,Trial
L-3750,2025-04-09,Sim,Quente,Ativo
L-1148,2025-02-27,Nao,Morno,Ativo
L-7348,2025-05-22,,Frio,Inativo
L-3126,2025-02-07,Sim,Quente,Trial
L-2100,2025-09-02,Nao,Frio,Ativo
L-6679,2025-12-01,Nao,Frio,Cancelado
L-3991,2025-06-11,Nao,Frio,Cancelado
L-8511,2025-12-24,Nao,Morno,Trial
L-4696,2025-09-12,Nao,Morno,Cancelado
L-3979,2026-01-06,Nao,Frio,Cancelado
L-6712,2026-01-12,,Frio,Trial
L-1980,2026-01-19,Nao,Frio,Ativo
L-1427,2025-12-27,Sim,Quente,Cancelado
L-8752,2026-01-30,Nao,Morno,Ativo
L-4248,2025-06-24,Nao,Frio,Cancelado
L-6001,2025-10-01,Nao,Frio,Ativo
L-5933,2025-04-24,Sim,Quente,Trial
L-1824,2025-03-08,Nao,Quente,Cancelado
L-7565,2025-01-23,Sim,Quente,Trial
L-5309,2025-11-14,Nao,Frio,Trial
L-7733,2026-02-05,Nao,Frio,Trial
L-6141,2025-04-04,Sim,Quente,Ativo
L-8875,2025-06-24,Sim,Quente,Ativo
L-4898,2025-05-09,Nao,Morno,Cancelado
L-9196,2025-12-12,Nao,Frio,Ativo
L-4617,2025-10-06,Sim,Frio,Ativo
L-1351,2025-09-07,Nao,Frio,Ativo
L-3282,2025-01-13,Sim,Quente,Ativo
L-7201,2025-06-15,,Frio,Ativo
L-7646,2025-05-30,Nao,Quente,Trial
L-9303,2025-11-10,Sim,Morno,Inativo
L-5384,2025-08-26,Sim,Morno,Cancelado
L-3008,2025-09-25,Nao,Frio,Ativo
L-4925,2025-03-20,Nao,Morno,Trial
L-8348,2025-02-14,,Quente,Cancelado
L-3052,2025-07-28,Sim,Morno,Cancelado
L-1799,2025-01-24,Sim,Morno,Trial
L-5027,2025-08-04,Sim,Frio,Cancelado
L-3591,2025-07-15,Nao,Morno,Ativo
L-4545,2025-09-12,Nao,Frio,Trial
L-1188,2025-11-25,Sim,Morno,Trial
L-4344,2026-01-15,Sim,Quente,Ativo
L-9633,2025-01-26,Sim,Quente,Ativo
L-7310,2025-05-12,Nao,Quente,Trial
L-8967,2025-01-18,Nao,Frio,Ativo
L-3799,2025-07-01,,Morno,Ativo
L-2162,2025-07-28,Nao,Frio,Cancelado
L-7758,2025-07-08,Sim,Frio,Ativo
L-4658,2025-09-17,Sim,Morno,Trial
L-7572,2025-12-21,Nao,Morno,Trial
L-2989,2026-01-27,Nao,Morno,Trial
L-8534,2025-08-23,Nao,Morno,Trial
L-7350,2025-06-20,Sim,Frio,Inativo
L-8327,2025-11-11,Nao,Morno,Trial
L-7602,2025-04-06,Sim,Quente,Trial
L-9903,2025-11-19,Sim,Quente,Ativo
L-3666,2025-09-11,Sim,Quente,Cancelado
L-1129,2025-12-09,Nao,Morno,Trial
L-5043,2025-04-10,,Morno,Ativo
L-6034,1900-01-01,Nao,Morno,Cancelado
L-7637,2025-11-10,Sim,Quente,Trial
L-9008,2025-04-09,Sim,Quente,Ativo
L-7826,2025-01-30,Nao,Morno,Ativo
L-4412,2025-01-08,Nao,Frio,Trial
L-4722,2025-12-04,Sim,Quente,Ativo
L-6338,2025-12-12,Sim,Frio,Cancelado
L-6858,2025-08-18,Nao,Morno,Cancelado
L-6408,2026-02-03,Sim,Quente,Trial
L-4984,2025-11-21,Sim,Quente,Ativo
L-1579,2025-10-05,,Morno,Cancelado
L-3288,2025-07-13,,Morno,Trial
L-6774,2025-03-14,Sim,Morno,Ativo
L-2908,2025-12-22,Sim,Frio,Trial
L-1588,2025-03-24,Nao,Morno,Cancelado
L-7189,2025-08-06,Nao,Frio,Cancelado
L-6371,2025-06-29,Sim,Quente,Ativo
L-1187,2025-10-10,Nao,Frio,Trial
L-1146,2025-11-20,Nao,Frio,Ativo
L-5300,2025-09-21,Sim,Frio,Trial
L-8130,2025-08-25,Nao,Frio,Ativo
L-2517,2025-05-19,Sim,Quente,Ativo
L-2720,2025-03-14,,Frio,Cancelado
L-8155,2025-04-09,Sim,Quente,Trial
L-1280,2025-05-21,Nao,Frio,Cancelado
L-7904,2025-11-13,Sim,Morno,Trial
L-4924,2025-10-25,Nao,Quente,Trial
L-5142,2025-02-22,Sim,Quente,Ativo
L-1679,2025-03-26,Sim,Morno,Ativo
L-2661,2025-07-24,Nao,Morno,Trial
L-2353,2025-04-11,Nao,Quente,Trial
L-6727,2025-01-28,Nao,Quente,Ativo
L-1960,2025-10-07,,Morno,Cancelado
L-6020,2025-10-18,Sim,Morno,Cancelado
L-3691,2025-01-14,,Quente,Ativo
L-5942,2025-10-04,,Morno,Inativo
L-4070,2026-02-01,Nao,Frio,Trial
L-7559,2025-11-18,Nao,Quente,Ativo
L-2678,2025-10-20,Sim,Frio,Trial
L-7166,2025-09-08,Nao,Frio,Ativo
L-5182,2025-09-20,Sim,Quente,Ativo
L-6786,2025-04-22,Nao,Morno,Ativo
L-5950,2025-09-26,Sim,Quente,Cancelado
L-1748,2025-07-05,Nao,Frio,Ativo
L-5503,2025-09-14,Nao,Morno,Trial
L-2752,2025-11-09,Sim,Quente,Trial
L-3138,2025-08-12,Nao,Morno,Ativo
L-5642,2025-01-07,Sim,Quente,Ativo
L-8429,2025-07-04,Sim,Quente,Cancelado
L-3419,2025-01-29,Sim,Quente,Inativo
L-9396,2025-03-10,,Frio,Trial
L-7787,2025-04-29,Sim,Quente,Inativo
L-6642,2025-09-30,Sim,Quente,Ativo
L-5273,2025-07-21,Nao,Morno,Inativo
L-3139,2025-09-23,,Morno,Trial
L-7985,2025-05-12,Sim,Quente,Inativo
L-9856,2025-03-26,Sim,Quente,Ativo
L-5229,2025-02-01,,Morno,Trial
L-9508,2025-06-18,Sim,Morno,Cancelado
L-2889,2025-01-28,,Morno,Ativo
L-2443,2025-07-24,Sim,Frio,Ativo
L-9244,2025-06-08,Nao,Frio,Trial
L-5038,2025-11-15,Nao,Morno,Cancelado
L-8730,2026-01-11,,Frio,Cancelado
L-6105,2025-07-19,Sim,Quente,Ativo
L-5929,2025-06-12,Sim,Quente,Ativo
L-6529,2026-01-28,Sim,Quente,Ativo
L-4769,2025-01-14,Nao,Frio,Ativo
L-6208,2025-04-24,,Frio,Inativo
L-3166,2025-09-01,Nao,Frio,Ativo
L-1151,2025-01-11,Sim,Quente,Trial
L-3876,2025-01-03,Nao,Frio,Trial
L-8221,2025-03-28,Sim,Quente,Cancelado
L-5742,2025-12-08,Sim,Quente,Trial
L-7055,2025-08-18,Nao,Quente,Cancelado
L-8669,2026-01-16,Nao,Morno,Cancelado
L-4358,2025-05-28,,Morno,Trial
L-7528,2025-10-28,Nao,Morno,Trial
L-8849,2025-01-13,Nao,Morno,Trial
L-2897,2025-09-12,Sim,Quente,Ativo
L-4840,2025-12-21,Nao,Frio,Ativo
L-4892,2025-05-02,Nao,Frio,Cancelado
L-7331,2025-04-13,Nao,Morno,Ativo
L-9356,2025-09-28,Nao,Morno,Trial
L-1609,2025-03-16,Sim,Morno,Ativo
L-6798,2025-08-26,Nao,Frio,Trial
L-9109,2025-04-11,Nao,Morno,Trial
L-4273,2025-02-24,Nao,Morno,Trial
L-3298,2025-03-07,Nao,Morno,Ativo
L-1938,2025-02-09,Nao,Morno,Trial
L-4240,2025-09-08,Nao,Frio,Ativo
L-6056,2025-06-04,Nao,Morno,Ativo
L-7794,2025-11-13,Nao,Frio,Trial
L-1040,2026-01-27,Sim,Quente,Trial
L-4547,2025-09-04,Sim,Quente,Ativo
L-8824,2025-07-14,Nao,Morno,Inativo
L-8407,2025-06-07,Nao,Morno,Ativo
L-6427,2025-12-19,Nao,Morno,Cancelado
L-1265,2025-02-16,Nao,Frio,Trial
L-6627,2025-01-28,Sim,Quente,Cancelado
L-6533,2025-01-01,Nao,Morno,Ativo
L-5243,2025-01-30,Nao,Frio,Ativo
L-1468,2025-05-18,Nao,Frio,Trial
L-7273,2025-11-23,Sim,Quente,Trial
L-9129,2026-01-30,Nao,Morno,Ativo
L-9239,2025-03-20,,Frio,Cancelado
L-5731,2025-07-31,Nao,Morno,Ativo
L-8962,2025-08-04,Sim,Morno,Cancelado
L-3192,2025-09-04,Nao,Morno,Cancelado
L-8975,2025-08-19,Nao,Quente,Inativo
L-6798,2025-06-24,Nao,Morno,Cancelado
L-5323,2025-12-14,Nao,Morno,Trial
L-9894,2025-01-28,Nao,Morno,Inativo
L-6508,2025-07-14,Nao,Frio,Ativo
L-9446,2025-06-14,Sim,Quente,Ativo
L-6775,2025-03-22,,Morno,Trial
L-9172,2025-01-12,Nao,Frio,Ativo
L-8420,2025-05-31,Nao,Frio,Ativo
L-7463,2025-10-30,Nao,Morno,Trial
L-4458,2025-01-31,Sim,Quente,Trial
L-1944,2025-07-30,Nao,Morno,Trial
L-8468,2025-08-14,Nao,Morno,Trial
L-5847,2025-01-29,Sim,Quente,Ativo
L-8772,2025-03-01,Nao,Morno,Trial
L-6466,2025-03-20,Nao,Frio,Trial
L-5194,2025-11-26,Sim,Morno,Cancelado
L-1309,2025-11-10,Nao,Frio,Ativo
L-3803,2025-10-04,Nao,Morno,Ativo
L-5161,2025-06-17,Sim,Morno,Cancelado
L-9240,2025-05-15,,Frio,Cancelado
L-8099,2026-01-14,Nao,Morno,Ativo
L-2758,2025-12-15,Sim,Quente,Ativo
L-4181,2025-10-14,Sim,Quente,Trial
L-4966,2025-04-20,Nao,Morno,Trial
L-1376,2025-07-26,Sim,Quente,Cancelado
L-9445,2026-01-18,Nao,Morno,Trial
L-4243,2025-09-13,Sim,Quente,Ativo
L-5388,2026-01-28,Sim,Morno,Cancelado
L-5025,2025-07-06,Nao,Morno,Ativo
L-4843,2025-01-27,Sim,Morno,Ativo
L-5335,2025-02-10,Sim,Quente,Ativo
L-2483,2025-12-15,Nao,Frio,Trial
L-7029,2026-01-04,Nao,Frio,Ativo
L-4939,2025-11-05,Nao,Morno,Ativo
L-7984,2025-12-25,Nao,Morno,Trial
L-1710,2025-03-18,Sim,Morno,Ativo
L-3791,2025-05-20,Nao,Morno,Cancelado
L-2493,2025-07-10,Nao,Frio,Cancelado
L-1961,2025-08-23,Nao,Frio,Cancelado
L-4265,2025-05-28,Nao,Frio,Ativo
L-5619,2025-08-18,Sim,Quente,Trial
L-8805,2025-10-16,Nao,Morno,Ativo
L-5435,2025-08-04,Nao,Frio,Cancelado
L-8637,2025-11-26,,Morno,Trial
L-1410,2025-06-29,Sim,Morno,Trial
L-6385,2025-09-16,Sim,Morno,Cancelado
L-4362,2025-04-22,Sim,Quente,Cancelado
L-5831,2025-09-30,Sim,Quente,Ativo
L-9178,2025-03-02,Nao,Frio,Trial
L-3495,2025-05-13,Sim,Morno,Ativo
L-2562,2025-06-15,Nao,Frio,Ativo
L-9297,2025-06-11,Nao,Frio,Trial
L-7792,2025-11-07,Nao,Morno,Cancelado
L-6649,2025-03-19,Nao,Frio,Ativo
L-1264,2025-02-06,Nao,Morno,Trial
L-2317,2025-02-14,Sim,Morno,Inativo
L-4888,2025-10-18,Sim,Quente,Inativo
L-7944,2025-03-01,Nao,Morno,Ativo
L-4443,2025-04-08,Nao,Quente,Trial
L-7774,2025-12-04,Nao,Frio,Trial
L-8304,2025-05-19,Nao,Frio,Ativo
L-1268,2025-06-12,Nao,Frio,Ativo
L-1320,2025-03-16,Nao,Frio,Trial
L-6581,2025-11-24,Sim,Frio,Cancelado
L-2339,2025-03-25,Sim,Frio,Cancelado
L-3062,2025-04-13,Sim,Quente,Ativo
L-2738,2025-09-21,Nao,Frio,Trial
L-4492,2025-05-19,Sim,Quente,Inativo
L-2363,2025-03-24,Nao,Frio,Cancelado
L-4999,2025-04-18,Sim,Quente,Cancelado
L-7513,2025-05-11,Nao,Quente,Cancelado
L-7877,2025-07-23,Nao,Frio,Ativo
L-3582,2026-01-13,Sim,Quente,Ativo
L-7494,2025-07-18,,Morno,Cancelado
L-1838,2025-08-09,,Frio,Inativo
L-5763,2025-08-14,Sim,Quente,Ativo
L-4531,2025-02-18,,Frio,Cancelado
L-5771,2025-03-03,Sim,Morno,Trial
L-9176,2025-10-21,Nao,Morno,Cancelado
L-3008,2025-07-19,Nao,Morno,Ativo
L-4071,2025-12-08,Nao,Frio,Inativo
L-6292,2025-06-21,Nao,Frio,Inativo
L-1343,2025-12-11,Sim,Morno,Ativo
L-2743,2025-11-19,Nao,Morno,Cancelado
L-2762,2025-02-15,Sim,Quente,Trial
L-2940,2025-11-22,Nao,Frio,Ativo
L-7760,2025-09-07,Sim,Morno,Cancelado
L-9983,2025-01-21,,Frio,Trial
L-8455,2025-02-24,Nao,Frio,Cancelado
L-2803,2025-04-16,Nao,Morno,Ativo
L-9110,2026-01-27,Sim,Morno,Trial
L-2600,2025-07-10,Sim,Morno,Cancelado
L-6568,2025-04-01,Sim,Morno,Ativo
L-3965,2025-12-02,Nao,Morno,Trial
L-7102,2025-09-12,Sim,Quente,Trial
L-9842,2025-12-22,Nao,Frio,Cancelado
L-9920,2025-09-18,Nao,Morno,Cancelado
L-7980,2025-09-17,Nao,Frio,Ativo
L-1724,2025-11-11,Sim,Quente,Cancelado
L-7349,2025-11-15,Nao,Morno,Cancelado
L-1444,1900-01-01,Sim,Quente,Ativo
L-4647,2025-04-12,Nao,Frio,Cancelado
L-3337,2025-06-29,Nao,Frio,Inativo
L-7161,2025-08-31,Nao,Frio,Cancelado
L-2025,1900-01-01,,Frio,Ativo
L-2135,2025-01-28,Nao,Frio,Ativo
L-2592,2025-02-15,Sim,Morno,Cancelado
L-4614,2025-02-02,Sim,Quente,Inativo
L-8442,2025-04-20,Sim,Quente,Ativo
L-6511,2025-07-06,Nao,Quente,Cancelado
L-9757,2025-03-14,Nao,Frio,Ativo
L-7497,2025-11-22,,Frio,Ativo
L-5825,2025-03-18,Nao,Morno,Trial
L-6347,2025-09-07,Sim,Morno,Trial
L-8879,2025-11-13,Sim,Morno,Ativo
L-8443,2025-02-20,Sim,Quente,Ativo
L-6276,2025-04-28,Nao,Quente,Trial
L-8240,2025-08-06,Nao,Morno,Ativo
L-1527,2025-08-21,Nao,Frio,Cancelado
L-2631,2025-03-20,Nao,Frio,Ativo
L-8953,2025-03-20,Nao,Morno,Cancelado
L-3556,2026-01-12,Nao,Frio,Ativo
L-9752,2026-01-29,Nao,Morno,Trial
L-5695,2025-11-23,,Frio,Ativo
L-5665,2026-01-27,Sim,Morno,Trial
L-1060,2025-02-28,Sim,Quente,Ativo
L-6159,2025-08-30,Nao,Morno,Ativo
L-5066,2025-10-28,Sim,Frio,Trial
L-8459,2025-09-12,Sim,Frio,Trial
L-3734,2025-02-19,,Frio,Cancelado
L-3547,2025-07-23,Nao,Morno,Cancelado
L-6234,2025-02-07,Sim,Quente,Cancelado
L-8703,2025-11-25,Nao,Frio,Trial
L-8945,2026-01-21,,Morno,Inativo
L-5306,2025-10-04,Sim,Quente,Inativo
L-1419,2025-10-02,Nao,Morno,Trial
L-1517,2025-10-20,Sim,Quente,Ativo
L-2647,2025-09-21,Nao,Morno,Trial
L-7992,2025-06-28,Sim,Morno,Trial
L-3098,2025-12-28,Nao,Frio,Ativo
L-4310,2025-12-12,Sim,Quente,Ativo
L-8249,2025-07-16,Nao,Frio,Ativo
L-6624,2026-01-27,Nao,Frio,Ativo
L-4534,2025-08-02,Nao,Morno,Ativo
L-2443,1900-01-01,Nao,Morno,Ativo
L-7465,2025-12-08,Nao,Frio,Inativo
L-9806,2025-07-26,Nao,Frio,Cancelado
L-2064,2025-12-06,Nao,Morno,Ativo
L-7329,2025-01-06,,Frio,Trial
L-5701,2025-07-10,,Frio,Trial
L-3045,2025-09-10,Nao,Frio,Ativo
L-5031,2026-01-15,Nao,Frio,Ativo
L-5664,2025-10-05,Nao,Frio,Inativo
L-2796,2025-09-04,,Frio,Trial
L-3802,2025-05-09,Nao,Morno,Cancelado
L-8299,2025-06-06,Nao,Frio,Trial
L-3591,2025-03-05,Nao,Morno,Cancelado
L-1878,2025-02-15,,Frio,Trial
L-3217,2025-06-05,,Frio,Trial
L-4168,2025-06-10,Nao,Frio,Inativo
L-7914,2025-04-07,Nao,Frio,Ativo
L-3642,2025-04-19,Sim,Morno,Ativo
L-8023,2025-12-30,Sim,Quente,Inativo
L-6062,2025-09-08,Nao,Morno,Ativo
L-2674,2025-12-09,Sim,Quente,Ativo
L-7883,2025-08-12,Nao,Morno,Trial
L-1571,2025-03-14,Sim,Morno,Trial
L-9507,2025-09-17,Sim,Morno,Ativo
L-4453,2025-11-09,Sim,Morno,Cancelado
L-4501,1900-01-01,Nao,Quente,Inativo
L-9903,2025-06-10,Sim,Morno,Trial
L-6356,2025-08-07,Nao,Frio,Cancelado
L-5073,1900-01-01,,Frio,Cancelado
L-3640,2025-02-24,Nao,Frio,Cancelado
L-8321,2026-01-30,,Morno,Ativo
L-4581,2026-01-17,,Quente,Ativo
L-7658,2025-11-12,Nao,Morno,Cancelado
L-2496,2025-04-09,Nao,Frio,Cancelado
L-5817,1900-01-01,Sim,Frio,Cancelado
L-1745,2025-07-28,Nao,Morno,Ativo
L-5637,2025-01-17,Nao,Frio,Trial
L-6127,2025-01-01,,Morno,Ativo
L-5194,2025-11-09,Sim,Quente,Cancelado
L-6911,2025-06-28,Nao,Morno,Ativo
L-1171,2025-01-07,Nao,Morno,Ativo
L-4947,2025-11-05,Nao,Frio,Trial
L-8693,2025-02-09,Nao,Frio,Ativo
L-1169,2025-10-25,Sim,Quente,Trial
L-6074,2025-03-11,Nao,Frio,Ativo
L-7136,2025-01-07,Nao,Frio,Ativo
L-4713,2025-11-01,Nao,Frio,Ativo
L-2738,2025-06-06,Nao,Frio,Cancelado
L-2103,2026-01-20,Sim,Morno,Ativo
L-2677,2025-12-04,Nao,Morno,Ativo
L-2511,2025-05-30,Nao,Frio,Cancelado
L-7627,2025-10-11,Sim,Quente,Trial
L-9253,2025-06-05,Nao,Morno,Ativo
L-3054,2025-12-28,Nao,Morno,Inativo
L-3274,2025-01-19,Sim,Quente,Ativo
L-1864,2025-09-07,Nao,Morno,Cancelado
L-9497,2025-12-27,Nao,Frio,Cancelado
L-1919,2025-11-13,Sim,Quente,Trial
L-9205,2025-08-11,Nao,Frio,Trial
L-6724,2025-06-30,,Frio,Cancelado
L-3971,2025-07-20,Nao,Frio,Ativo
L-1620,2025-12-28,Sim,Quente,Ativo
L-4943,2026-01-09,Nao,Frio,Cancelado
L-8379,2025-08-09,Nao,Quente,Ativo
L-4358,2025-03-15,Nao,Morno,Ativo
L-1807,2025-08-17,,Frio,Trial
L-1308,1900-01-01,Sim,Quente,Ativo
L-8920,2025-07-12,,Morno,Cancelado
L-4947,2025-03-29,,Morno,Cancelado
L-6219,2025-10-16,Sim,Quente,Ativo
L-3019,2025-08-30,Nao,Frio,Inativo
L-7435,2025-01-26,Sim,Quente,Inativo
L-3645,2026-02-05,Sim,Morno,Cancelado
L-4850,2025-09-06,Nao,Quente,Cancelado
L-1752,2025-12-12,Sim,Quente,Ativo
L-4541,2025-12-26,Sim,Quente,Ativo
L-5205,2025-11-18,Nao,Frio,Ativo
L-3095,2025-03-17,Sim,Frio,Ativo
L-8222,2026-01-20,Sim,Quente,Ativo
L-8319,2025-05-09,Sim,Quente,Cancelado
L-1930,2025-11-06,,Morno,Trial
L-1089,2025-02-25,Nao,Frio,Cancelado
L-1778,2025-03-25,Nao,Frio,Trial
L-1540,2025-10-20,Sim,Quente,Cancelado
L-4680,2025-09-06,Sim,Quente,Trial
L-8440,2025-08-21,Sim,Quente,Cancelado
L-6969,2025-03-15,,Frio,Inativo
L-9098,2025-07-30,Nao,Frio,Ativo
L-8342,2025-02-16,Nao,Quente,Inativo
L-8409,2025-05-23,Sim,Quente,Ativo
L-4549,2026-02-02,Nao,Frio,Ativo
L-7499,2025-01-06,Sim,Frio,Ativo
L-3366,2025-07-21,Sim,Quente,Ativo
L-8330,2025-03-22,Sim,Quente,Ativo
L-9985,2025-11-05,Nao,Frio,Cancelado
L-8376,2025-07-16,Nao,Frio,Trial
L-1881,2026-01-04,Nao,Frio,Trial
L-2266,2025-04-01,Nao,Morno,Ativo
L-6979,2025-04-15,Nao,Frio,Trial
L-2621,2025-03-20,,Frio,Cancelado
L-8060,2025-09-30,Sim,Quente,Ativo
L-3348,2025-04-23,Nao,Frio,Trial
L-3629,2026-01-02,,Frio,Trial
L-7217,2025-07-09,,Frio,Trial
L-4670,2026-01-03,Nao,Morno,Trial
L-6009,2025-02-10,Nao,Frio,Ativo
L-8105,2025-09-04,Nao,Morno,Trial
L-2945,2025-05-10,Sim,Quente,Cancelado
L-5910,2025-09-17,Sim,Morno,Trial
L-7761,2025-03-16,Nao,Morno,Ativo
L-6127,2025-03-18,Nao,Morno,Ativo
L-4894,2025-07-27,Sim,Quente,Cancelado
L-2252,2025-03-23,Sim,Frio,Trial
L-3369,2025-03-24,Sim,Morno,Ativo
L-6499,2025-07-06,Sim,Frio,Cancelado
L-6721,2025-04-09,Sim,Quente,Ativo
L-4260,2025-03-06,Nao,Quente,Ativo
L-4438,2025-07-26,Sim,Quente,Ativo
L-8955,2025-05-22,,Frio,Ativo
L-8607,2025-04-13,Sim,Morno,Ativo
L-9083,2025-03-21,Nao,Morno,Trial
L-5250,2025-10-12,Nao,Morno,Ativo
L-2488,2025-12-29,Sim,Quente,Ativo
L-3988,2025-01-05,Sim,Morno,Ativo
L-1657,2025-04-10,,Frio,Ativo
L-5303,2026-01-22,Sim,Morno,Cancelado
L-3408,2025-01-21,Nao,Quente,Ativo
L-2692,2025-02-27,Nao,Morno,Inativo
L-5540,2025-02-19,Sim,Quente,Trial
L-6528,2025-02-26,Sim,Quente,Ativo
L-8337,2025-04-18,Sim,Quente,Cancelado
L-3239,2025-11-07,Nao,Frio,Cancelado
L-8592,2025-08-03,Nao,Frio,Ativo
L-5436,2025-05-08,Nao,Frio,Ativo
L-7372,2025-12-31,Sim,Morno,Cancelado
L-2025,2025-01-09,Sim,Frio,Trial
L-1474,2025-03-30,Nao,Morno,Inativo
L-7147,2025-06-06,Sim,Morno,Cancelado
L-4080,2025-06-03,Sim,Quente,Cancelado
L-5364,2025-06-24,Nao,Morno,Ativo
L-1061,2025-06-01,Nao,Morno,Cancelado
L-9870,2025-04-03,Nao,Quente,Trial
L-6434,2025-08-17,Sim,Quente,Inativo
L-8814,2025-04-19,Nao,Frio,Ativo
L-2086,2025-12-17,,Morno,Ativo
L-9518,2025-12-29,Nao,Frio,Ativo
L-4979,2025-09-08,Sim,Quente,Inativo
L-9084,2026-01-09,Nao,Morno,Trial
L-6164,2025-11-21,Sim,Morno,Cancelado
L-2834,2026-01-15,Nao,Frio,Trial
L-8220,2025-06-04,,Morno,Trial
L-5180,2025-03-27,Nao,Morno,Trial
L-5557,2025-03-15,Sim,Morno,Ativo
L-3677,2025-08-20,Sim,Morno,Ativo
L-1474,2025-11-13,Nao,Frio,Cancelado
L-7802,2025-04-02,Nao,Morno,Trial
L-6133,2025-07-24,Sim,Quente,Trial
L-3096,2025-09-01,Nao,Quente,Cancelado
L-9358,2025-03-27,Nao,Morno,Trial
L-5507,2025-08-07,Sim,Morno,Ativo
L-5575,2025-10-06,Sim,Quente,Ativo
L-7033,2025-01-24,Sim,Quente,Trial
L-5410,2025-01-26,Sim,Frio,Trial
L-1621,2025-08-17,,Morno,Inativo
L-7649,2025-07-06,Nao,Morno,Cancelado
L-1367,2025-06-12,Sim,Quente,Trial
L-7189,2025-01-19,Nao,Frio,Trial
L-4058,2026-02-02,Nao,Morno,Cancelado
L-1387,2025-03-13,,Frio,Inativo
L-8749,2026-01-01,Sim,Morno,Ativo
L-2443,2026-02-03,Nao,Morno,Trial
L-9314,2025-05-31,Sim,Quente,Cancelado
L-1026,2025-04-10,,Frio,Trial
L-5101,2025-03-26,Sim,Quente,Ativo
L-5742,1900-01-01,Nao,Frio,Ativo
L-2759,2025-10-08,Nao,Frio,Trial
L-6555,2025-11-05,Nao,Morno,Trial
L-7897,2025-08-30,Sim,Morno,Inativo
L-6887,2025-12-08,Nao,Frio,Cancelado
L-7453,2025-04-19,Sim,Quente,Ativo
L-2072,2025-12-25,Nao,Frio,Ativo
L-9536,2025-04-26,Nao,Morno,Inativo
L-6605,2025-12-18,Nao,Morno,Cancelado
L-6356,2025-07-19,Sim,Quente,Ativo
L-7358,2025-06-30,Sim,Quente,Ativo
L-2582,2025-12-22,Nao,Morno,Ativo
L-6666,2025-03-31,Nao,Morno,Trial
L-1424,2025-09-30,Sim,Morno,Cancelado
L-3820,2025-05-19,Sim,Morno,Inativo
L-5155,2025-05-01,,Frio,Inativo
L-8608,2025-12-18,Sim,Morno,Trial
L-3547,2025-08-22,Sim,Quente,Ativo
L-6977,2025-07-04,Sim,Frio,Ativo
L-3124,2025-11-20,Nao,Frio,Inativo
L-1492,2025-09-13,Sim,Quente,Trial
L-8368,2025-10-16,Sim,Morno,Cancelado
L-9646,2025-05-12,Nao,Morno,Ativo
L-3356,2025-11-20,,Frio,Cancelado
L-8115,2025-06-23,Nao,Frio,Trial
L-8312,2025-03-27,Sim,Quente,Cancelado
L-9407,2025-10-28,Nao,Frio,Ativo
L-5471,2025-07-05,Sim,Quente,Ativo
L-2846,2025-04-16,Nao,Frio,Cancelado
L-5670,1900-01-01,,Frio,Trial
L-1749,2025-08-20,Nao,Frio,Cancelado
L-6925,2025-03-13,Nao,Frio,Trial
L-2366,2025-02-12,,Frio,Trial
L-6318,2025-10-24,Nao,Morno,Trial
L-5462,2026-01-14,Sim,Quente,Ativo
L-4467,2026-01-27,Sim,Quente,Ativo
L-9618,2025-04-25,,Frio,Cancelado
L-6335,2025-11-13,,Frio,Ativo
L-2559,2025-08-20,Sim,Morno,Ativo
L-8416,2025-05-02,Nao,Frio,Cancelado
L-4867,2025-11-29,Nao,Morno,Cancelado
L-4584,2025-09-24,Sim,Quente,Ativo
L-6609,2025-11-17,Sim,Quente,Inativo
L-9704,2025-12-03,Nao,Frio,Ativo
L-1713,2025-02-14,,Morno,Cancelado
L-7950,2025-11-03,Nao,Frio,Cancelado
L-5741,2025-04-03,Sim,Quente,Trial
L-5876,2025-07-29,Nao,Frio,Cancelado
L-9304,2025-08-11,Sim,Quente,Trial
L-4641,2025-12-05,Nao,Frio,Trial
L-9788,2026-01-03,,Frio,Trial
L-1988,2025-11-26,Sim,Frio,Ativo
L-6406,2025-05-15,Nao,Morno,Trial
L-6089,2025-03-28,Sim,Morno,Inativo
L-2843,2025-04-06,Nao,Morno,Ativo
L-8886,2025-10-28,Nao,Frio,Ativo
L-1649,2025-03-10,Nao,Frio,Ativo
L-4061,2025-06-14,Sim,Quente,Cancelado
L-6802,2025-09-25,Sim,Quente,Ativo
L-1926,2025-08-25,Sim,Morno,Ativo
L-9755,2025-02-05,Sim,Quente,Cancelado
L-5942,2025-01-22,Nao,Frio,Cancelado
L-7531,2025-03-02,Sim,Quente,Ativo
L-9284,2025-06-13,Sim,Quente,Ativo
L-6234,2025-06-10,Nao,Morno,Ativo
L-2121,2025-08-06,Nao,Morno,Trial
L-5926,2025-01-04,Sim,Quente,Ativo
L-8937,2025-03-27,Sim,Frio,Trial
L-9120,2025-12-21,Nao,Morno,Trial
L-7129,2025-11-22,Sim,Morno,Trial
L-6809,2025-01-14,Sim,Frio,Trial
L-5279,2025-08-27,Sim,Quente,Ativo
L-7142,2025-12-06,Sim,Quente,Ativo
L-7361,2025-10-12,Nao,Morno,Trial
L-6420,2025-05-09,Nao,Frio,Ativo
L-8013,2025-04-03,Nao,Morno,Ativo
L-6677,2025-08-08,,Frio,Cancelado
L-4562,2025-12-29,Nao,Frio,Ativo
L-4940,2025-02-16,Nao,Frio,Trial
L-7249,2026-01-30,Sim,Quente,Trial
L-8445,2025-05-29,,Morno,Trial
L-9838,2025-05-02,Nao,Morno,Ativo
L-7438,2026-02-03,Nao,Morno,Ativo
L-4012,2025-10-25,Sim,Frio,Trial
L-7927,2026-02-01,Nao,Morno,Trial
L-5835,2025-02-05,Nao,Morno,Ativo
L-3449,2025-02-01,Sim,Quente,Trial
L-1210,2025-09-04,,Frio,Trial
L-8678,2025-02-02,Nao,Frio,Ativo
L-9740,2025-08-05,Nao,Morno,Ativo
L-3156,2025-10-18,Nao,Frio,Trial
L-1664,2025-09-22,Sim,Quente,Ativo
L-3123,2026-01-11,Sim,Morno,Ativo
L-1554,2025-07-26,Nao,Morno,Inativo
L-3965,2025-01-24,Sim,Quente,Ativo
L-6162,2026-01-08,Nao,Quente,Trial
L-2674,2025-04-23,Sim,Quente,Inativo
L-4000,2025-01-04,Nao,Quente,Inativo
L-9895,2025-08-09,Sim,Morno,Ativo
L-7368,2025-09-21,Sim,Quente,Inativo
L-6993,2025-03-02,Nao,Frio,Cancelado
L-8097,2025-11-25,Nao,Frio,Ativo
L-5667,2025-09-26,Sim,Morno,Trial
L-6162,2025-09-16,Sim,Quente,Trial
L-8859,2025-07-06,Nao,Quente,Ativo
L-2420,2025-03-03,Sim,Quente,Cancelado
L-6374,2025-04-05,Sim,Quente,Trial
L-6058,2025-12-08,Sim,Quente,Cancelado
L-3925,2025-02-09,Sim,Morno,Cancelado
L-3757,2025-01-29,Nao,Frio,Cancelado
L-6394,2025-08-10,Sim,Morno,Cancelado
L-6762,2025-03-27,Nao,Quente,Ativo
L-6473,2025-10-19,Sim,Frio,Trial
L-6636,2025-11-14,,Morno,Ativo
L-9368,2025-07-26,Sim,Morno,Cancelado
L-1553,2025-10-11,Nao,Frio,Ativo
L-7847,2025-01-25,Nao,Frio,Trial
L-7074,2025-12-18,Sim,Morno,Cancelado
L-9751,2025-12-06,Nao,Morno,Trial
L-7336,2025-02-22,Nao,Frio,Ativo
L-9490,2025-01-04,Nao,Frio,Ativo
L-4083,2025-10-02,Nao,Frio,Ativo
L-6417,2025-02-07,Sim,Morno,Trial
L-8788,2025-03-07,Nao,Morno,Cancelado
L-6786,2025-08-28,Sim,Morno,Ativo
L-4984,2025-04-02,Nao,Frio,Ativo
L-9151,2025-10-18,Nao,Frio,Ativo
L-5441,2025-11-27,,Frio,Cancelado
L-7193,2025-08-28,Nao,Frio,Cancelado
L-2051,2025-05-20,Sim,Quente,Inativo
L-6520,2025-01-29,,Quente,Cancelado
L-9961,2026-01-16,Sim,Frio,Inativo
L-7017,2025-06-21,Sim,Quente,Inativo
L-7759,2025-11-21,Sim,Morno,Cancelado
L-6214,2025-02-21,Sim,Quente,Trial
L-9571,2025-09-03,Nao,Morno,Cancelado
L-6536,2025-03-07,Nao,Frio,Trial
L-7791,2025-08-01,Sim,Morno,Ativo
L-9176,2025-07-18,Nao,Frio,Cancelado
L-9048,2025-10-25,Nao,Frio,Trial
L-7589,1900-01-01,Nao,Frio,Cancelado
L-2200,2026-01-30,Sim,Quente,Trial
L-7097,2025-02-05,Sim,Frio,Ativo
L-8369,2025-12-18,Sim,Frio,Cancelado
L-2434,2025-01-27,Sim,Morno,Ativo
L-1879,2025-09-05,,Frio,Cancelado
L-1302,2025-02-19,Sim,Morno,Cancelado
L-8025,2025-05-22,Sim,Quente,Trial
L-9254,2025-04-12,Sim,Morno,Ativo
L-9820,2025-09-10,Nao,Frio,Ativo
L-1128,2025-01-19,Nao,Morno,Ativo
L-3711,2025-10-03,Sim,Morno,Trial
L-5627,2025-06-03,Sim,Quente,Ativo
L-9260,2025-02-18,Nao,Morno,Ativo
L-4623,2026-01-12,Nao,Frio,Ativo
L-9475,2025-09-07,Nao,Morno,Trial
L-8320,2025-01-26,Sim,Frio,Ativo
L-1276,2025-12-02,Nao,Morno,Ativo
L-7973,2025-04-13,Nao,Frio,Cancelado
L-4659,2025-02-04,Nao,Frio,Trial
L-7679,2025-09-09,Nao,Frio,Cancelado
L-3256,2025-03-17,Nao,Morno,Trial
L-9804,2025-06-10,Nao,Morno,Trial
L-8630,2025-07-30,Sim,Quente,Ativo
L-3036,2025-07-02,Nao,Morno,Inativo
L-5197,2025-10-18,,Frio,Trial
L-8453,2025-06-19,Sim,Morno,Trial
L-6216,2026-01-11,Nao,Frio,Trial
L-2667,2025-08-20,Nao,Morno,Trial
L-5668,2025-09-04,Nao,Morno,Trial
L-8806,1900-01-01,Sim,Quente,Ativo
L-7603,2025-12-06,Nao,Frio,Ativo
L-6523,2025-10-28,Nao,Quente,Cancelado
L-9733,2025-12-05,Nao,Frio,Ativo
L-1801,2025-03-25,,Frio,Inativo
L-2871,2025-05-19,Sim,Quente,Trial
L-5795,2025-01-23,Sim,Quente,Ativo
L-3657,2025-07-17,Sim,Quente,Cancelado
L-6605,2025-07-17,Nao,Morno,Ativo
L-4857,2025-12-10,Sim,Quente,Ativo
L-2723,2025-06-20,Nao,Frio,Inativo
L-9578,2025-01-26,Sim,Morno,Ativo
L-3914,2025-01-23,,Morno,Cancelado
L-4460,2025-08-27,Nao,Quente,Trial
L-1259,2025-09-27,Sim,Quente,Ativo
L-9279,2025-01-04,Sim,Quente,Inativo
L-4721,2026-01-21,Sim,Frio,Ativo
L-7625,2025-09-08,Nao,Frio,Ativo
L-4669,2026-01-18,Nao,Frio,Ativo
L-3915,2025-10-29,Sim,Quente,Ativo
L-7726,2026-01-29,Nao,Morno,Trial
L-3208,2025-01-15,Nao,Quente,Trial
L-1783,2025-03-06,Nao,Quente,Cancelado
L-4888,2025-03-02,Nao,Morno,Cancelado
L-9930,2025-11-18,Sim,Quente,Cancelado
L-8503,2025-06-18,Sim,Morno,Ativo
L-6621,2025-12-27,Sim,Quente,Cancelado
L-7169,2025-09-21,Sim,Quente,Trial
L-4703,2025-04-20,Nao,Frio,Cancelado
L-4733,2025-11-28,Nao,Frio,Ativo
L-5837,2025-06-14,,Morno,Cancelado
L-9467,2025-09-30,Sim,Frio,Cancelado
L-9541,2026-02-01,Nao,Frio,Trial
L-5468,2025-07-06,Nao,Frio,Trial
L-6840,2026-02-03,Sim,Quente,Cancelado
L-4945,2025-06-12,Nao,Frio,Trial
L-2698,2026-01-03,Sim,Quente,Inativo
L-1517,2025-03-09,Nao,Frio,Trial
L-5457,2025-10-01,Nao,Frio,Ativo
L-4820,2025-05-16,Nao,Frio,Cancelado
L-9379,2025-12-19,Sim,Morno,Ativo
L-6035,2025-01-30,Nao,Frio,Trial
L-1550,2025-01-15,Nao,Frio,Inativo
L-5379,2025-02-26,Nao,Morno,Ativo
L-6519,2025-05-28,Sim,Morno,Trial
L-4624,2025-05-18,Nao,Morno,Trial
L-4835,2025-01-03,Sim,Frio,Trial
L-7814,2025-12-04,Nao,Frio,Trial
L-9437,2025-03-26,Nao,Morno,Ativo
L-7065,2025-02-02,Nao,Frio,Ativo
L-4101,2025-03-09,Sim,Quente,Cancelado
L-2702,2025-11-30,Sim,Quente,Trial
L-4471,2025-11-27,Nao,Morno,Cancelado
L-5189,2025-11-21,Nao,Frio,Trial
L-6524,2025-12-30,Sim,Quente,Trial
L-4968,2025-09-18,Nao,Morno,Ativo
L-3109,2025-08-25,,Frio,Ativo
L-3282,2025-07-22,Sim,Quente,Cancelado
L-6492,2025-08-15,Nao,Morno,Inativo
L-8650,2025-11-10,Sim,Quente,Ativo
L-5677,2025-04-28,Nao,Frio,Trial
L-8791,2025-03-23,,Morno,Trial
L-3661,2026-01-23,Nao,Morno,Cancelado
L-6727,2025-03-24,,Frio,Ativo
L-7900,2025-08-08,Sim,Morno,Inativo
L-7632,2025-08-03,,Frio,Cancelado
L-8448,2025-04-24,Nao,Frio,Ativo
L-8366,2025-07-19,Sim,Morno,Ativo
L-5062,2025-08-28,Sim,Frio,Ativo
L-6014,2025-07-13,Nao,Frio,Ativo
L-7025,2025-02-15,Sim,Quente,Trial
L-6469,2025-03-04,Sim,Quente,Trial
L-5300,2025-10-08,Nao,Frio,Trial
L-9394,2025-12-31,Sim,Morno,Ativo
L-5853,2025-07-27,Sim,Morno,Cancelado
L-4114,2025-07-30,Sim,Quente,Ativo
L-2833,2026-01-30,Sim,Morno,Trial
L-4644,2025-05-25,Sim,Quente,Ativo
L-9585,2025-11-17,Nao,Frio,Trial
L-2003,2025-09-01,Sim,Quente,Ativo
L-1123,2025-07-16,Nao,Morno,Cancelado
L-5239,2026-01-28,Nao,Frio,Ativo
L-5323,2025-06-12,Nao,Quente,Ativo
L-4257,2025-11-09,Sim,Quente,Ativo
L-6221,2025-03-18,Nao,Frio,Trial
L-9201,2025-12-23,,Frio,Ativo
L-5333,2025-12-22,Sim,Morno,Trial
L-8255,2025-11-29,Nao,Quente,Cancelado
L-9749,2025-02-22,Nao,Frio,Trial
L-7532,2025-03-14,Sim,Morno,Ativo
L-7234,2025-03-03,Nao,Frio,Inativo
L-9738,2025-07-26,Sim,Quente,Ativo
L-7174,2025-12-06,Sim,Quente,Cancelado
L-5114,2025-12-13,,Frio,Trial
L-5259,2025-09-09,Sim,Quente,Trial
L-4324,2025-10-13,,Morno,Ativo
L-3067,2025-12-18,Nao,Morno,Trial
L-5975,2025-02-16,Nao,Morno,Trial
L-5107,2025-01-29,Nao,Morno,Trial
L-2981,2025-11-10,Nao,Quente,Ativo
L-6356,2025-09-12,Sim,Frio,Inativo
L-4337,2025-06-18,Sim,Quente,Cancelado
L-1751,2026-01-07,Nao,Morno,Trial
L-2055,2025-04-16,Nao,Frio,Inativo
L-9794,2026-01-30,Nao,Morno,Ativo
L-5708,2025-09-01,Nao,Frio,Trial
L-3627,2025-10-11,Nao,Morno,Cancelado
L-2814,2025-03-16,Nao,Frio,Trial
L-6950,2025-07-01,Nao,Morno,Ativo
L-4460,2026-01-28,Sim,Quente,Inativo
L-6977,2025-01-06,,Frio,Trial
L-3539,2025-08-29,Sim,Frio,Cancelado
L-5206,2025-10-08,Nao,Frio,Trial
L-1573,2025-11-09,Nao,Morno,Ativo
L-6811,2025-01-24,Sim,Quente,Inativo
L-2819,2025-09-14,Sim,Morno,Trial
L-1079,1900-01-01,Sim,Quente,Trial
L-3956,2025-06-14,Sim,Frio,Trial
L-7724,2025-06-26,Nao,Frio,Ativo
L-8619,2025-06-11,Sim,Quente,Trial
L-2789,2025-11-24,,Frio,Inativo
L-6991,2025-10-14,Nao,Morno,Cancelado
L-1517,2025-05-11,Nao,Morno,Cancelado
L-6132,2025-04-22,Nao,Frio,Trial
L-1683,2025-11-13,,Morno,Trial
L-1673,2025-03-28,Nao,Frio,Ativo
L-5885,2025-07-16,Nao,Morno,Trial
L-4405,2025-07-09,Nao,Frio,Cancelado
L-4849,2025-09-06,Nao,Frio,Ativo
L-2461,2025-07-07,,Frio,Ativo
L-1482,2025-05-11,Sim,Morno,Trial
L-9880,2025-09-09,Nao,Frio,Ativo
L-8024,2025-09-10,Nao,Morno,Ativo
L-1197,2025-05-19,Nao,Morno,Trial
L-9075,2025-11-21,Sim,Morno,Ativo
L-1498,2025-01-07,Nao,Frio,Cancelado
L-2495,2025-10-26,Nao,Morno,Cancelado
L-8455,2025-02-01,Sim,Quente,Trial
L-6620,2025-10-04,Sim,Morno,Trial
L-1493,2026-01-20,Nao,Frio,Trial
L-1575,2025-09-23,Nao,Frio,Cancelado
L-3749,2025-05-28,Nao,Morno,Trial
L-8259,2026-01-01,Sim,Morno,Ativo
L-8543,2025-08-01,Nao,Frio,Ativo
L-7396,2025-09-25,,Quente,Inativo
L-8030,2025-07-30,Nao,Frio,Ativo
L-4713,2025-08-08,Nao,Morno,Ativo
L-4918,2025-04-21,Sim,Quente,Ativo
L-5245,2025-05-13,Sim,Frio,Ativo
L-9870,2025-06-29,Sim,Quente,Ativo
L-5808,2025-07-20,Sim,Morno,Ativo
L-2803,2025-08-21,Sim,Quente,Cancelado
L-1441,2025-05-18,Sim,Morno,Ativo
L-1799,2025-04-30,Sim,Morno,Ativo
L-2953,2025-02-14,Sim,Quente,Trial
L-2789,2025-05-08,Nao,Frio,Trial
L-7636,2025-12-25,Nao,Morno,Ativo
L-9662,2025-05-06,Sim,Morno,Inativo
L-3193,2025-02-09,Sim,Quente,Ativo
L-7762,2025-08-11,Nao,Frio,Trial
L-5517,2025-09-10,,Frio,Ativo
L-2295,2025-02-05,Nao,Frio,Cancelado
L-9825,2025-11-28,Nao,Morno,Ativo
L-6106,2025-07-25,Nao,Frio,Cancelado
L-1672,2025-09-16,Sim,Morno,Cancelado
L-7072,2025-12-09,Nao,Frio,Ativo
L-2773,2025-11-10,Sim,Morno,Ativo
L-3350,2025-03-08,Nao,Frio,Ativo
L-1201,2025-08-19,Sim,Quente,Ativo
L-5976,2025-04-29,Sim,Frio,Trial
L-9096,2025-10-02,Nao,Quente,Cancelado
L-1237,2025-03-26,Sim,Quente,Ativo
L-1638,2025-02-24,Nao,Morno,Cancelado
L-9410,2026-01-31,,Frio,Inativo
L-9033,2025-02-22,Sim,Morno,Inativo
L-9380,2025-09-14,Nao,Frio,Trial
L-4960,2025-12-01,Nao,Frio,Ativo
L-5162,2025-09-21,Nao,Quente,Trial
L-7688,2025-04-06,,Morno,Ativo
L-7143,2025-04-22,Sim,Quente,Cancelado
L-9391,2025-04-06,Sim,Quente,Trial
L-9593,2025-05-07,Sim,Frio,Ativo
L-5229,2025-03-13,,Frio,Ativo
L-7917,2025-10-21,Sim,Quente,Trial
L-7020,2025-12-06,Nao,Frio,Inativo
L-3984,2025-02-09,Nao,Frio,Trial
L-6982,2025-03-03,Sim,Quente,Ativo
L-6565,2025-02-12,Sim,Quente,Ativo
L-4869,2025-07-03,,Frio,Inativo
L-5047,2025-10-27,Nao,Quente,Ativo
L-7435,2025-07-22,Sim,Morno,Cancelado
L-6476,2025-06-30,Sim,Quente,Trial
L-6216,2025-05-15,Nao,Quente,Trial
L-3012,2025-10-11,,Quente,Inativo
L-5051,2026-01-19,Nao,Morno,Trial
L-4198,2025-09-05,Nao,Frio,Cancelado
L-1076,2025-12-07,Nao,Frio,Ativo
L-1804,2025-09-22,Nao,Frio,Cancelado
L-2950,2025-03-12,Sim,Quente,Ativo
L-3469,2025-07-05,Nao,Frio,Cancelado
L-8864,2025-01-15,,Frio,Cancelado
L-7273,2026-01-29,Nao,Morno,Ativo
L-7666,2025-12-19,Sim,Morno,Ativo
L-1400,2025-04-21,Nao,Frio,Trial
L-1983,2025-11-09,Sim,Quente,Ativo
L-4961,2025-03-12,Sim,Quente,Ativo
L-3172,2025-12-19,Nao,Frio,Ativo
L-7964,2025-12-20,Sim,Quente,Inativo
L-8783,2025-03-16,Sim,Morno,Cancelado
L-4661,2025-05-17,Sim,Quente,Trial
L-6790,2025-07-04,Sim,Morno,Inativo
L-2153,2025-08-21,Sim,Morno,Ativo
L-5599,2025-04-24,Nao,Frio,Trial
L-1737,2025-11-20,,Frio,Ativo
L-7783,2025-04-28,Sim,Quente,Inativo
L-3257,2025-02-16,Nao,Frio,Ativo
L-4901,2026-01-11,Sim,Morno,Ativo
L-7056,2025-01-30,Sim,Frio,Ativo
L-2175,2025-07-18,Nao,Frio,Inativo
L-1618,2025-02-25,Sim,Morno,Cancelado
L-2062,2025-05-06,Nao,Quente,Ativo
L-8390,2025-03-21,Sim,Quente,Trial
L-2625,2025-05-27,Nao,Frio,Ativo
L-7655,2025-12-24,Nao,Frio,Trial
L-4271,2025-12-06,Nao,Frio,Trial
L-4088,2025-07-30,Nao,Frio,Trial
L-6051,2025-01-05,Nao,Frio,Trial
L-5751,2025-05-26,Sim,Quente,Trial
L-2385,2025-06-06,Sim,Quente,Ativo
L-2988,2025-12-21,Sim,Quente,Trial
L-5389,2025-06-06,Nao,Morno,Cancelado
L-2230,2025-12-30,Sim,Frio,Trial
L-3261,2025-12-23,Sim,Quente,Trial
L-8818,2025-04-09,Sim,Quente,Ativo
L-8243,2025-09-25,Nao,Morno,Ativo
L-8054,2025-09-29,Nao,Frio,Ativo
L-7567,2025-02-06,Nao,Frio,Ativo
L-2905,2025-09-30,,Frio,Trial
L-8288,2025-01-09,Sim,Quente,Ativo
L-6122,2025-12-17,Sim,Quente,Trial
L-3547,2025-05-23,Nao,Morno,Trial
L-3052,2026-01-31,Nao,Quente,Cancelado
L-5707,2025-11-18,Nao,Morno,Cancelado
L-1897,2025-02-20,Nao,Frio,Cancelado
L-4805,2025-11-10,Sim,Quente,Ativo
L-3380,2025-07-12,Sim,Quente,Trial
L-4014,2025-01-28,Nao,Frio,Trial
L-1282,2025-04-29,Sim,Frio,Ativo
L-4564,2026-01-04,,Frio,Inativo
L-3898,2025-06-04,Nao,Frio,Ativo
L-7751,2025-12-29,Nao,Frio,Ativo
L-3893,2025-05-10,Nao,Frio,Ativo
L-6195,2025-07-28,Sim,Quente,Ativo
L-2563,2025-05-12,Nao,Morno,Trial
L-4887,2025-07-08,Sim,Morno,Cancelado
L-6402,2025-12-19,Sim,Morno,Inativo
L-2771,2025-08-17,Nao,Frio,Cancelado
L-4096,2025-08-25,Sim,Morno,Trial
L-8087,2025-09-01,Sim,Morno,Trial
L-6551,2025-08-22,Sim,Quente,Ativo
L-2927,2025-05-09,Nao,Frio,Ativo
L-6754,2025-07-03,Nao,Quente,Ativo
L-1867,2025-12-31,Nao,Morno,Ativo
L-7990,2025-03-04,Sim,Quente,Cancelado
L-7022,2025-07-25,Nao,Quente,Ativo
L-4483,2025-05-02,Sim,Frio,Ativo
L-3426,2025-07-28,Nao,Morno,Trial
L-5835,2025-03-12,Nao,Morno,Inativo
L-5050,2025-09-22,Sim,Quente,Ativo
L-7529,2025-10-11,,Frio,Ativo
L-4649,2026-01-11,Sim,Quente,Ativo
L-6668,2025-09-23,Sim,Quente,Trial
L-2056,2025-06-18,Nao,Frio,Cancelado
L-2498,2025-04-23,Sim,Frio,Ativo
L-1596,2025-08-06,Sim,Quente,Ativo
L-8047,2025-06-29,Nao,Frio,Ativo
L-9491,2025-10-26,Sim,Quente,Ativo
L-9370,2025-10-15,Nao,Quente,Trial
L-8948,2025-11-30,Sim,Quente,Ativo
L-5921,2025-01-21,Nao,Morno,Trial
L-8722,2025-04-29,Nao,Morno,Cancelado
L-3448,2025-05-22,,Frio,Cancelado
L-8527,2025-06-29,Sim,Quente,Inativo
L-2376,2025-11-05,Sim,Frio,Ativo
L-2877,2026-01-10,Sim,Quente,Ativo
L-9371,2025-06-22,Nao,Morno,Cancelado
L-4288,2025-09-17,Nao,Frio,Trial
L-6011,2025-03-15,Sim,Quente,Ativo
L-9220,2025-03-15,Nao,Morno,Ativo
L-3173,1900-01-01,Nao,Frio,Ativo
L-5407,2025-07-28,Nao,Frio,Inativo
L-4615,2025-11-22,Nao,Frio,Trial
L-1721,2025-07-25,Sim,Quente,Trial
L-8976,2026-01-12,Nao,Frio,Trial
L-2951,2025-12-16,Sim,Quente,Ativo
L-7391,2026-01-02,Nao,Morno,Cancelado
L-4146,2025-09-16,Sim,Quente,Cancelado
L-9084,2025-03-25,,Morno,Ativo
L-7518,2025-03-19,Nao,Frio,Ativo
L-9718,2025-12-29,Nao,Frio,Inativo
L-9053,2025-10-29,Nao,Morno,Ativo
L-1298,2025-04-03,Sim,Quente,Ativo
L-2557,2025-01-27,Sim,Quente,Trial
L-5325,2025-06-07,Nao,Frio,Trial
L-4248,2025-06-14,Nao,Morno,Ativo
L-1091,2025-04-30,,Frio,Cancelado
L-1638,2025-07-24,,Frio,Ativo
L-6244,2025-06-02,Nao,Frio,Trial
L-3534,2025-07-11,Nao,Morno,Ativo
L-7534,2025-12-16,,Frio,Cancelado
L-6890,2025-01-04,Sim,Quente,Cancelado
L-7276,2025-01-29,Nao,Morno,Ativo
L-6422,2025-06-19,Sim,Quente,Trial
L-2301,2025-11-18,Sim,Morno,Trial
L-3758,2025-03-16,Nao,Frio,Ativo
L-3092,2026-02-04,Sim,Morno,Trial
L-8646,2025-09-22,Nao,Morno,Inativo
L-5137,2025-04-12,Sim,Quente,Trial
L-9391,2025-07-04,Sim,Quente,Ativo
L-1296,2025-06-08,Sim,Quente,Cancelado
L-4570,2025-01-14,Sim,Morno,Ativo
L-5808,2025-08-20,,Quente,Trial
L-4592,2025-02-11,Nao,Frio,Trial
L-9527,2025-01-28,Nao,Frio,Trial
L-2791,2025-05-19,,Frio,Ativo
L-2230,2025-11-07,Sim,Quente,Ativo
L-4773,2025-04-29,Nao,Quente,Ativo
L-3886,2025-07-10,Nao,Frio,Ativo
L-5047,2026-01-20,Sim,Morno,Cancelado
L-5168,2026-01-07,Sim,Morno,Cancelado
L-6274,2025-08-11,Nao,Morno,Trial
L-9020,2025-08-27,Nao,Morno,Ativo
L-6841,2025-02-07,Sim,Quente,Trial
L-1917,2026-01-22,Nao,Frio,Trial
L-1793,2025-07-10,Nao,Quente,Ativo
L-9350,2025-08-18,Sim,Frio,Ativo
L-4999,2025-09-30,Nao,Morno,Ativo
L-2699,2025-01-29,Nao,Morno,Cancelado
L-1256,2025-03-06,Nao,Frio,Ativo
L-8864,2025-03-27,Nao,Frio,Inativo
L-9886,2025-07-02,Nao,Morno,Inativo
L-6207,2025-11-02,Nao,Morno,Ativo
L-8500,2025-07-21,Nao,Frio,Cancelado
L-9034,2025-05-26,Nao,Morno,Trial
L-5568,2025-11-23,Nao,Morno,Ativo
L-2463,2025-04-23,Nao,Frio,Ativo
L-3934,2025-10-01,Nao,Quente,Trial
L-3294,2025-07-05,Sim,Quente,Ativo
L-4546,2025-11-12,Nao,Frio,Ativo
L-2909,2025-05-03,Nao,Morno,Trial
L-3835,2025-03-04,Nao,Frio,Ativo
L-5442,2025-08-22,Nao,Frio,Cancelado
L-3328,2025-03-30,Sim,Quente,Cancelado
L-5110,2026-01-29,Nao,Morno,Cancelado
L-5551,2025-11-10,Nao,Frio,Trial
L-8802,2025-04-01,Sim,Quente,Trial
L-4089,2025-11-28,Nao,Frio,Trial
L-7226,2025-12-07,Nao,Frio,Cancelado
L-5583,2025-03-23,Sim,Quente,Ativo
L-2226,2026-01-07,Sim,Quente,Ativo
L-7276,2025-12-15,Sim,Quente,Ativo
L-1686,2025-02-06,Sim,Morno,Ativo
L-3795,2025-01-21,Sim,Quente,Trial
L-3288,2025-05-21,Nao,Frio,Cancelado
L-2169,2025-06-10,Nao,Frio,Trial
L-7142,2026-01-05,,Frio,Cancelado
L-3421,2025-07-01,Nao,Frio,Trial
L-9816,2025-03-30,Sim,Quente,Inativo
L-6552,2025-08-28,Nao,Frio,Cancelado
L-1317,2025-05-27,Nao,Morno,Cancelado
L-4725,2025-06-09,Sim,Quente,Cancelado
L-2136,2025-01-26,Nao,Frio,Cancelado
L-2521,2025-01-07,Sim,Quente,Trial
L-5290,2025-06-11,Nao,Quente,Trial
L-2619,2025-03-27,Nao,Morno,Ativo
L-8198,2025-03-19,Sim,Morno,Trial
L-3291,2025-04-04,Nao,Frio,Ativo
L-3522,2025-08-26,Sim,Frio,Ativo
L-6050,2025-01-05,Nao,Frio,Ativo
L-7833,2025-01-03,Sim,Quente,Ativo
L-4331,2025-08-22,Nao,Frio,Trial
L-3085,2025-03-12,Nao,Quente,Cancelado
L-3141,2025-04-19,Nao,Frio,Inativo
L-6011,2025-12-29,Nao,Frio,Ativo
L-1096,2025-06-24,Sim,Quente,Trial
L-2433,2025-11-28,,Frio,Cancelado
L-2072,2025-07-13,Nao,Frio,Trial
L-5310,2025-12-31,Nao,Frio,Ativo
L-7824,2025-02-03,Nao,Frio,Ativo
L-7978,2025-05-29,Nao,Frio,Cancelado
L-6739,2025-02-21,Sim,Quente,Ativo
L-8592,2026-01-07,Nao,Morno,Ativo
L-7536,2025-03-06,Nao,Morno,Ativo
L-5655,2025-11-16,Nao,Morno,Cancelado
L-2557,2025-12-21,Nao,Frio,Inativo
L-7361,2025-12-05,Nao,Frio,Trial
L-6647,2025-07-22,Nao,Frio,Inativo
L-5594,2025-01-24,Sim,Morno,Trial
L-6585,2025-05-17,Sim,Morno,Ativo
L-7030,2025-10-28,Nao,Frio,Inativo
L-4336,2026-01-19,Nao,Frio,Ativo
L-1420,2025-03-15,Nao,Morno,Ativo
L-1323,2025-01-03,Sim,Quente,Ativo
L-8375,2025-08-10,Sim,Frio,Trial
L-3229,2025-11-08,Sim,Morno,Trial
L-4424,2025-06-08,Nao,Frio,Ativo
L-1389,2025-12-04,Sim,Quente,Trial
L-7511,2025-09-01,Sim,Quente,Cancelado
L-4695,2025-08-11,Nao,Morno,Ativo
L-8708,2025-03-14,Nao,Morno,Inativo
L-6692,2025-02-20,Nao,Morno,Cancelado
L-2477,2025-05-29,Nao,Frio,Ativo
L-6443,2025-03-20,Nao,Quente,Trial
L-9385,2025-09-03,Sim,Morno,Trial
L-2685,2025-10-23,Sim,Morno,Cancelado
L-1418,2025-06-01,Nao,Frio,Ativo
L-5884,2025-02-27,Nao,Frio,Cancelado
L-3134,2025-07-15,Nao,Morno,Trial
L-8219,2025-04-23,Sim,Quente,Trial
L-3177,2025-09-27,Nao,Frio,Inativo
L-1508,2025-09-16,Sim,Quente,Ativo
L-4356,2025-03-10,Nao,Frio,Inativo
L-9645,2025-10-17,Sim,Frio,Cancelado
L-4047,2025-12-25,Nao,Morno,Ativo
L-9535,2025-12-22,Sim,Morno,Ativo
L-8404,2025-10-22,Sim,Frio,Trial
L-2931,2025-01-25,,Frio,Ativo
L-5924,2025-07-03,Sim,Quente,Cancelado
L-4262,2025-03-27,Sim,Morno,Cancelado
L-7684,2025-11-24,Sim,Quente,Trial
L-9611,2025-09-16,Nao,Morno,Trial
L-8074,2025-04-04,Nao,Frio,Ativo
L-8276,2025-02-09,Nao,Morno,Ativo
L-2763,2025-05-10,Sim,Quente,Inativo
L-4751,2025-02-20,Nao,Frio,Ativo
L-9127,2025-08-04,Sim,Quente,Cancelado
L-7978,2025-11-29,,Frio,Ativo
L-2991,2025-09-27,Sim,Quente,Ativo
L-3873,2025-09-12,Sim,Quente,Cancelado
L-7089,2025-07-23,Sim,Quente,Ativo
L-9301,2025-04-14,Nao,Frio,Cancelado
L-6746,2025-01-29,Sim,Morno,Trial
L-4995,2025-09-13,Nao,Frio,Cancelado
L-1833,2025-04-07,Nao,Morno,Trial
L-8090,1900-01-01,Nao,Morno,Cancelado
L-1391,2025-08-03,Nao,Frio,Ativo
L-3358,2026-01-11,Nao,Morno,Trial
L-4052,2025-08-22,Sim,Quente,Ativo
L-6710,2026-01-06,Sim,Morno,Ativo
L-1420,2025-04-17,Sim,Frio,Ativo
L-5082,1900-01-01,Sim,Quente,Ativo
L-4986,2025-04-24,Sim,Quente,Trial
L-3669,1900-01-01,Sim,Morno,Trial
L-1416,2025-05-21,Nao,Morno,Trial
L-1949,2025-02-16,Nao,Morno,Trial
L-5585,2025-12-03,Nao,Frio,Ativo
L-7125,2025-04-15,Sim,Quente,Cancelado
L-5286,2025-03-20,,Frio,Trial
L-7910,2025-06-01,Sim,Quente,Trial
L-5278,2025-09-25,Nao,Frio,Trial
L-5635,2025-07-08,Sim,Morno,Trial
L-8351,2025-09-20,Sim,Quente,Ativo
L-4213,2025-06-29,Sim,Frio,Trial
L-1787,2025-08-25,Nao,Morno,Ativo
L-8116,2025-05-30,Sim,Morno,Cancelado
L-8006,2025-04-23,Nao,Frio,Inativo
L-4895,2025-06-19,Sim,Frio,Ativo
L-5014,2025-03-27,Nao,Quente,Cancelado
L-1231,2025-12-25,Sim,Frio,Ativo
L-6167,2025-05-28,Sim,Quente,Trial
L-2643,2025-01-02,Nao,Frio,Trial
L-6059,2025-06-09,Nao,Frio,Cancelado
L-1550,2025-07-23,Nao,Morno,Inativo
L-8707,2025-03-02,Sim,Quente,Trial
L-2380,2025-08-25,Nao,Morno,Inativo
L-7187,2025-07-27,,Frio,Ativo
L-9625,2025-05-20,Sim,Quente,Trial
L-2214,2026-01-25,Nao,Frio,Trial
L-5686,2025-04-12,Sim,Quente,Trial
L-3158,2025-07-11,Nao,Frio,Trial
L-1643,2025-05-13,Sim,Quente,Trial
L-2693,2025-04-04,Nao,Morno,Trial
L-4445,2025-01-11,Sim,Quente,Cancelado
L-6054,2025-01-08,Sim,Morno,Cancelado
L-6755,2025-04-15,Nao,Morno,Trial
L-7709,2025-08-23,Sim,Frio,Cancelado
L-6388,2025-01-12,Sim,Morno,Trial
L-3428,2025-12-26,Sim,Quente,Ativo
L-2275,2025-02-27,Sim,Morno,Trial
L-1669,2025-06-13,Nao,Morno,Trial
L-4374,2025-04-24,,Frio,Cancelado
L-4318,2025-04-07,Sim,Morno,Ativo
L-9222,2025-09-13,,Morno,Ativo
L-7411,2026-01-13,Nao,Morno,Trial
L-5489,2025-12-05,Sim,Quente,Trial
L-8015,1900-01-01,Sim,Quente,Cancelado
L-3768,2025-04-09,Nao,Frio,Ativo
L-2752,2025-01-02,Sim,Quente,Ativo
L-4402,2025-12-30,Sim,Quente,Ativo
L-4355,2025-01-23,Nao,Frio,Cancelado
L-2585,2025-01-23,Sim,Frio,Ativo
L-3961,2025-07-20,Nao,Frio,Ativo
L-7471,2025-03-16,Sim,Quente,Ativo
L-8540,2026-02-02,Nao,Morno,Cancelado
L-6779,2025-01-25,Sim,Quente,Ativo
L-4934,2025-11-17,Nao,Frio,Ativo
L-4589,2025-10-02,Sim,Quente,Ativo
L-5447,2025-06-17,Nao,Morno,Trial
L-9094,2025-03-25,Nao,Morno,Trial
L-6126,2025-11-09,Sim,Morno,Cancelado
L-7741,2025-07-02,Sim,Morno,Ativo
L-9139,2026-01-11,Nao,Morno,Ativo
L-1211,2025-06-06,Sim,Quente,Cancelado
L-1441,2025-01-08,Sim,Quente,Ativo
L-5578,2025-09-04,Nao,Frio,Ativo
L-3369,2025-01-11,Nao,Frio,Ativo
L-3376,2025-12-17,Nao,Quente,Ativo
L-6066,2025-02-28,Sim,Quente,Trial
L-4935,2025-10-30,Sim,Quente,Trial
L-7412,2025-05-03,Sim,Frio,Inativo
L-6494,2025-11-20,,Morno,Trial
L-1771,2025-05-03,Sim,Quente,Inativo
L-6271,2025-07-15,Nao,Frio,Cancelado
L-8243,2025-09-04,,Frio,Ativo
L-8222,2025-03-12,Nao,Morno,Trial
L-1449,2025-05-09,Nao,Frio,Cancelado
L-3690,2025-10-26,Sim,Quente,Trial
L-3357,2025-01-30,,Morno,Trial
L-3071,2025-07-29,Nao,Morno,Ativo
L-6975,2025-02-12,Nao,Frio,Ativo
L-7343,2025-10-20,Sim,Frio,Trial
L-2315,2025-06-07,Sim,Quente,Ativo
L-8712,2025-08-28,Sim,Quente,Inativo
L-2948,2025-09-03,Sim,Quente,Ativo
L-7705,2026-01-16,Nao,Frio,Inativo
L-8007,2025-05-11,Sim,Morno,Trial
L-6768,2025-02-23,Nao,Frio,Trial
L-9688,2025-01-18,Nao,Frio,Ativo
L-7650,2025-09-20,Sim,Quente,Trial
L-6370,2025-08-12,Nao,Frio,Ativo
L-2894,2025-04-20,Nao,Morno,Trial
L-3212,2025-10-05,Nao,Morno,Trial
L-6467,2026-01-17,Sim,Morno,Ativo
L-7703,2025-04-16,Nao,Morno,Trial
L-6783,2025-11-11,Nao,Frio,Trial
L-1348,2025-07-04,Nao,Quente,Ativo
L-9200,2025-07-22,Nao,Quente,Cancelado
L-5364,2026-01-07,,Frio,Cancelado
L-3895,2025-04-17,Nao,Frio,Cancelado
L-1030,2025-09-27,Sim,Quente,Ativo
L-4485,2025-02-04,Nao,Frio,Cancelado
L-8054,2025-02-23,Sim,Quente,Cancelado
L-7065,2025-07-20,Sim,Morno,Inativo
L-7499,2025-01-01,Nao,Morno,Inativo
L-2690,2025-07-02,Sim,Quente,Cancelado
L-5131,2026-01-29,Sim,Frio,Trial
L-6206,2025-05-12,Sim,Quente,Cancelado
L-5019,2025-05-31,Nao,Frio,Trial
L-2369,2025-11-05,Sim,Frio,Trial
L-5089,2025-09-26,Sim,Morno,Cancelado
L-8352,2025-01-03,Sim,Quente,Trial
L-9790,2025-10-12,Sim,Morno,Trial
L-5569,2025-05-13,Nao,Morno,Trial
L-1631,2025-12-31,Sim,Frio,Trial
L-8238,2025-08-30,Nao,Morno,Cancelado
L-1941,2025-06-18,Sim,Morno,Cancelado
L-3972,2025-02-23,Sim,Quente,Trial
L-7480,2025-05-18,Nao,Quente,Ativo
L-8174,2026-01-14,Sim,Frio,Trial
L-9772,2025-05-04,Sim,Morno,Ativo
L-7470,2025-08-10,,Morno,Trial
L-1720,2025-02-07,Sim,Quente,Inativo
L-5600,2025-02-28,Nao,Frio,Ativo
L-7628,2025-04-05,Sim,Quente,Ativo
L-1022,2025-01-07,Sim,Quente,Ativo
L-6414,2025-07-12,Nao,Frio,Ativo
L-9230,2025-01-28,Sim,Quente,Ativo
L-8505,2025-11-17,Nao,Morno,Ativo
L-5969,2025-12-08,Nao,Frio,Ativo
L-2979,2025-01-21,Nao,Morno,Ativo
L-5499,2025-05-30,Sim,Quente,Inativo
L-3237,2025-02-09,Nao,Frio,Trial
L-1221,2025-10-15,Nao,Quente,Ativo
L-1365,2025-03-24,Sim,Quente,Inativo
L-8171,2025-08-15,Nao,Morno,Ativo
L-6685,2026-01-24,,Frio,Ativo
L-3147,2025-08-19,Nao,Morno,Ativo
L-5318,2025-09-11,,Frio,Trial
L-5283,2025-01-27,Nao,Quente,Ativo
L-5405,2026-01-01,Sim,Quente,Inativo
L-9040,2025-01-08,Sim,Morno,Cancelado
L-8799,2025-09-28,Sim,Quente,Trial
L-8998,2025-12-04,Sim,Quente,Ativo
L-3500,2025-04-05,Sim,Quente,Trial
L-7269,2025-12-09,Nao,Frio,Cancelado
L-2705,2025-05-11,Sim,Quente,Cancelado
L-1544,2025-02-24,Sim,Quente,Trial
L-8348,2025-06-21,Sim,Morno,Cancelado
L-7186,2025-04-12,Sim,Quente,Trial
L-3170,2025-12-26,Nao,Quente,Cancelado
L-6357,2025-12-10,Nao,Morno,Cancelado
L-3753,2025-06-07,Nao,Frio,Ativo
L-5740,2025-01-28,,Morno,Inativo
L-7925,2025-02-10,Sim,Quente,Cancelado
L-8519,2026-01-29,Nao,Frio,Inativo
L-6138,2025-12-24,Sim,Quente,Ativo
L-6076,2025-01-06,Nao,Frio,Ativo
L-2344,2025-03-14,Nao,Morno,Inativo
L-7672,2025-08-09,Nao,Morno,Trial
L-3055,2025-10-08,Nao,Morno,Cancelado
L-1162,2025-06-12,,Morno,Trial
L-4695,2025-04-19,Sim,Morno,Ativo
L-7468,2025-12-07,Nao,Morno,Trial
L-3794,2025-11-20,Sim,Quente,Ativo
L-9114,2025-11-25,Nao,Frio,Cancelado
L-6426,2025-05-10,Nao,Morno,Ativo
L-2984,2025-08-13,Sim,Morno,Trial
L-6465,2025-07-22,Sim,Quente,Ativo
L-5021,2025-10-03,Sim,Quente,Trial
L-6795,2025-12-18,Sim,Quente,Trial
L-9988,2025-10-28,Nao,Morno,Trial
L-8202,2026-01-11,Nao,Morno,Cancelado
L-1371,2025-11-27,Sim,Quente,Inativo
L-4827,2025-06-20,Nao,Frio,Ativo
L-2044,2025-04-07,Sim,Quente,Cancelado
L-7171,2025-05-25,Nao,Quente,Trial
L-5839,2025-09-14,Sim,Quente,Ativo
L-7915,2025-04-11,Sim,Morno,Ativo
L-3213,2025-02-01,Nao,Frio,Ativo
L-6203,2025-06-03,Sim,Quente,Trial
L-9682,2025-10-30,Sim,Morno,Trial
L-1365,2025-08-05,Nao,Morno,Trial
L-9352,2025-12-13,Sim,Quente,Trial
L-9408,2025-04-18,Sim,Quente,Ativo
L-3744,2026-01-21,Nao,Frio,Ativo
L-6719,2025-11-23,Sim,Morno,Ativo
L-2404,2026-01-10,Sim,Quente,Inativo
L-7564,2025-08-16,Nao,Frio,Trial
L-6380,2025-12-11,Nao,Frio,Ativo
L-3759,2025-11-14,Nao,Morno,Trial
L-4773,2025-02-02,Sim,Quente,Ativo
L-7098,2026-01-21,Sim,Morno,Ativo
L-4440,2025-02-02,Sim,Quente,Trial
L-9804,2025-01-18,Sim,Quente,Trial
L-3526,2025-04-19,Nao,Frio,Cancelado
L-9691,2025-08-05,Nao,Frio,Cancelado
L-5437,2025-09-08,Sim,Morno,Ativo
L-1827,2025-05-09,Nao,Frio,Trial
L-8192,2025-11-20,,Frio,Ativo
L-6379,2025-01-21,Sim,Quente,Ativo
L-9696,2025-07-14,Sim,Quente,Trial
L-5781,2025-10-19,Nao,Frio,Cancelado
L-4468,2025-09-04,Nao,Morno,Trial
L-5351,2025-05-28,Sim,Quente,Ativo
L-4629,2025-12-03,Sim,Morno,Cancelado
L-5947,2025-04-20,Sim,Quente,Inativo
L-1312,2025-03-06,Nao,Frio,Ativo
L-8840,2025-10-26,Sim,Morno,Trial
L-3858,2025-01-19,Sim,Frio,Inativo
L-9962,2025-06-29,Nao,Frio,Ativo
L-9598,2025-03-08,Sim,Frio,Ativo
L-6471,2025-09-26,Nao,Frio,Inativo
L-1028,2025-02-04,Nao,Frio,Trial
L-8319,2025-02-21,Sim,Morno,Trial
L-6338,2025-11-21,Sim,Morno,Trial
L-7905,2025-02-12,Nao,Frio,Trial
L-1032,2025-12-24,Nao,Frio,Ativo
L-1365,2026-01-11,Nao,Frio,Cancelado
L-1807,2025-04-13,,Morno,Trial
L-8530,2025-04-29,Nao,Frio,Trial
L-3146,2025-07-27,Sim,Quente,Ativo
L-2817,2025-05-20,Sim,Quente,Trial
L-2293,2025-12-03,Nao,Frio,Cancelado
L-4456,2025-02-28,Sim,Quente,Trial
L-7097,2025-01-05,Sim,Frio,Ativo
L-9084,2025-11-21,Nao,Morno,Ativo
L-3679,2025-11-27,Sim,Quente,Ativo
L-1187,2025-10-27,,Frio,Cancelado
L-1914,2025-02-03,Sim,Quente,Trial
L-9116,2026-01-10,Nao,Frio,Inativo
L-4396,2025-10-29,Sim,Morno,Ativo
L-7600,2025-09-30,Sim,Quente,Ativo
L-4463,2025-06-14,Sim,Quente,Cancelado
L-4504,2025-09-19,Nao,Frio,Trial
L-8246,2025-12-03,Sim,Morno,Cancelado
L-3115,2025-12-30,Sim,Quente,Ativo
L-3016,2025-07-04,Sim,Morno,Ativo
L-2074,2025-03-21,Nao,Quente,Ativo
L-2836,2025-05-07,,Frio,Ativo
L-8790,2025-08-09,Nao,Frio,Ativo
L-8575,2025-09-08,Nao,Morno,Cancelado
L-6632,2025-06-01,Nao,Frio,Cancelado
L-2646,2025-08-09,Sim,Quente,Cancelado
L-2340,2026-01-11,Nao,Frio,Cancelado
L-3684,2025-10-13,,Frio,Cancelado
L-5793,2025-11-02,Sim,Quente,Ativo
L-7012,2025-12-01,Nao,Frio,Ativo
L-8264,2025-06-04,Sim,Quente,Trial
L-8817,2025-11-25,Sim,Quente,Inativo
L-1886,2025-02-08,Nao,Morno,Cancelado
L-4319,2025-02-10,Nao,Frio,Ativo
L-9723,2025-06-06,Sim,Quente,Ativo
L-9577,2025-12-20,Nao,Frio,Trial
L-5887,2025-09-06,Nao,Morno,Trial
L-3625,2025-01-28,Sim,Quente,Cancelado
L-6624,2025-05-25,Nao,Frio,Cancelado
L-9844,2025-02-26,Sim,Morno,Cancelado
L-5985,2025-09-01,Sim,Quente,Ativo
L-5794,2025-11-10,,Quente,Ativo
L-4149,2025-06-09,Nao,Frio,Ativo
L-8417,2025-07-27,Sim,Quente,Inativo
L-7338,2025-04-30,Sim,Quente,Cancelado
L-8542,2025-03-02,Sim,Morno,Trial
L-9130,2025-10-08,,Morno,Ativo
L-9031,2025-11-13,Sim,Quente,Ativo
L-4839,2025-07-02,Sim,Morno,Trial
L-8989,2026-01-21,Nao,Quente,Ativo
L-6419,2025-04-04,Sim,Quente,Ativo
L-7816,2025-05-02,Sim,Frio,Ativo
L-3356,2025-01-23,Sim,Morno,Inativo
L-1873,2026-01-16,Nao,Frio,Trial
L-7188,2025-08-16,Nao,Frio,Trial
L-9237,2025-02-21,Sim,Quente,Ativo
L-8371,2025-07-29,Sim,Morno,Cancelado
L-2103,2025-06-22,Nao,Morno,Trial
L-2864,2025-03-31,Sim,Quente,Cancelado
L-9267,2025-11-22,Sim,Quente,Ativo
L-1895,2025-09-01,,Morno,Ativo
L-2122,2025-08-31,Nao,Frio,Inativo
L-9904,2025-10-15,Nao,Frio,Trial
L-7695,2025-08-30,Nao,Morno,Trial
L-7034,2025-10-30,Nao,Frio,Trial
L-3216,2025-01-30,Sim,Morno,Trial
L-4712,2025-11-13,Nao,Frio,Ativo
L-6014,2025-12-20,Nao,Morno,Ativo
L-6927,2026-01-26,Sim,Quente,Ativo
L-5937,2025-05-21,Nao,Quente,Cancelado
L-3561,2025-01-14,Nao,Morno,Ativo
L-3284,2025-12-02,Sim,Morno,Cancelado
L-6777,2026-01-12,Nao,Frio,Ativo
L-1905,2025-08-01,Nao,Frio,Trial
L-3920,2025-01-10,Sim,Morno,Inativo
L-4861,2025-02-03,Sim,Quente,Cancelado
L-4270,2025-10-14,Nao,Frio,Cancelado
L-5558,2025-08-17,Sim,Quente,Cancelado
L-7216,2025-05-05,Nao,Morno,Ativo
L-8032,2025-11-15,Sim,Quente,Ativo
L-7749,2025-06-02,Nao,Frio,Ativo
L-9933,2025-11-27,,Frio,Ativo
L-1253,2025-01-04,Sim,Quente,Trial
L-1060,2025-03-14,Nao,Frio,Ativo
L-5412,2025-01-05,Sim,Quente,Cancelado
L-7007,2025-06-06,Nao,Frio,Trial
L-1991,2025-08-12,Nao,Morno,Trial
L-5638,2025-12-06,Nao,Frio,Cancelado
L-6745,2025-09-05,Sim,Morno,Ativo
L-8149,2025-05-21,Nao,Morno,Trial
L-7661,2025-02-21,Nao,Frio,Inativo
L-8799,2025-04-10,Sim,Quente,Ativo
L-3285,2025-12-31,,Frio,Trial
L-2734,2025-02-23,Sim,Morno,Ativo
L-8757,2025-09-06,Sim,Frio,Ativo
L-3673,2025-10-11,Nao,Frio,Trial
L-8032,2026-01-25,Sim,Morno,Trial
L-4832,1900-01-01,,Frio,Ativo
L-5504,2025-07-22,Nao,Frio,Ativo
L-4707,2025-09-04,Nao,Morno,Trial
L-1731,2025-03-20,,Frio,Trial
L-2872,2025-11-28,Nao,Frio,Inativo
L-1582,2025-04-21,Nao,Frio,Ativo
L-1282,2025-01-17,Nao,Morno,Ativo
L-9585,2025-12-30,Nao,Morno,Inativo
L-1931,2025-06-12,,Morno,Ativo
L-4283,2025-01-28,Sim,Quente,Inativo
L-3107,2026-01-10,Nao,Morno,Ativo
L-3287,2026-01-31,Sim,Quente,Cancelado
L-5918,2025-12-13,Nao,Frio,Trial
L-5348,2026-01-21,Nao,Frio,Trial
L-9142,2025-04-14,,Morno,Trial
L-8354,2025-02-01,Nao,Frio,Cancelado
L-4279,2025-08-28,Nao,Morno,Ativo
L-2638,2025-09-02,Nao,Quente,Trial
L-2910,2025-04-04,Nao,Morno,Ativo
L-4183,2025-04-03,Nao,Morno,Ativo
L-2072,2025-04-16,Nao,Morno,Cancelado
L-4629,2025-09-05,Sim,Morno,Trial
L-2548,2025-09-14,Nao,Frio,Cancelado
L-4405,2025-01-18,Sim,Quente,Cancelado
L-5545,2025-12-17,Nao,Frio,Ativo
L-9470,2026-01-18,Sim,Quente,Cancelado
L-1881,2025-06-21,Sim,Morno,Inativo
L-2087,2025-10-11,Sim,Quente,Cancelado
L-3868,2025-12-18,Nao,Morno,Inativo
L-6763,2025-10-06,Sim,Quente,Inativo
L-6918,2025-12-17,,Frio,Ativo
L-9936,2025-03-08,Nao,Frio,Ativo
L-9168,2025-12-04,Sim,Morno,Ativo
L-2176,2025-11-20,,Frio,Cancelado
L-3227,2025-10-22,Nao,Frio,Cancelado
L-5716,2025-07-17,Nao,Frio,Ativo
L-2491,2025-07-05,Nao,Frio,Trial
L-6992,2025-12-06,Nao,Quente,Ativo
L-5587,2025-12-09,Nao,Morno,Ativo
L-7064,2025-09-23,Sim,Quente,Trial
L-5110,2025-10-30,Nao,Frio,Trial
L-1601,2025-06-10,Nao,Frio,Inativo
L-2550,2025-04-16,Sim,Morno,Trial
L-3617,2025-07-19,Sim,Quente,Ativo
L-7317,2025-09-22,Nao,Morno,Ativo
L-4406,2025-10-02,Nao,Frio,Ativo
L-7010,2025-04-13,Sim,Quente,Ativo
L-7245,2025-08-04,Nao,Frio,Cancelado
L-3463,2025-07-28,Sim,Quente,Trial
L-2109,2025-09-28,Nao,Frio,Ativo
L-3764,2025-04-15,Sim,Quente,Ativo
L-9861,2026-01-07,Nao,Frio,Ativo
L-3899,2025-11-09,Nao,Morno,Cancelado
L-7055,2025-08-31,,Quente,Ativo
L-3207,2025-10-20,Nao,Morno,Ativo
L-2800,2026-01-27,Sim,Quente,Trial
L-6773,2025-08-03,Nao,Frio,Trial
L-1784,2025-07-14,Nao,Morno,Ativo
L-1660,2025-12-27,Sim,Morno,Cancelado
L-3364,2025-06-29,Sim,Quente,Trial
L-4096,2025-06-09,Sim,Quente,Inativo
L-7447,2025-05-01,Sim,Morno,Trial
L-6184,2025-12-13,Sim,Quente,Ativo
L-3265,2025-08-16,Nao,Morno,Trial
L-7285,2025-01-01,Nao,Frio,Cancelado
L-4645,1900-01-01,Sim,Morno,Ativo
L-7935,2025-04-15,Sim,Morno,Cancelado
L-9072,2025-11-06,Sim,Quente,Cancelado
L-1762,2025-11-13,Nao,Frio,Ativo
L-8963,2025-08-19,Nao,Morno,Ativo
L-2569,2025-11-28,Nao,Morno,Cancelado
L-7044,2025-01-27,Nao,Frio,Ativo
L-9512,2025-12-07,Nao,Frio,Ativo
L-3468,2025-10-24,Nao,Frio,Cancelado
L-1503,2025-05-05,Nao,Morno,Trial
L-4084,2025-07-15,Nao,Frio,Ativo
L-6426,2025-08-26,Sim,Quente,Cancelado
L-2052,2025-07-29,Nao,Morno,Ativo
L-5398,2025-01-05,Nao,Frio,Ativo
L-7685,2025-10-20,Nao,Morno,Ativo
L-2821,1900-01-01,Nao,Quente,Cancelado
L-9303,2025-07-23,Nao,Frio,Trial
L-6418,2025-05-21,Nao,Morno,Inativo
L-2622,2026-01-06,Sim,Quente,Inativo
L-5506,2025-11-23,Nao,Morno,Cancelado
L-3269,2025-08-27,Nao,Morno,Cancelado
L-6671,2025-05-30,Sim,Quente,Inativo
L-8445,2025-05-04,Nao,Morno,Cancelado
L-7701,2025-05-07,Sim,Quente,Ativo
L-6379,2025-01-12,Nao,Frio,Cancelado
L-8720,2025-03-21,Nao,Morno,Inativo
L-7581,2025-06-23,Nao,Morno,Trial
L-9120,2025-03-16,Nao,Morno,Ativo
L-1984,2025-02-26,Sim,Frio,Inativo
L-7615,1900-01-01,Nao,Frio,Ativo
L-5170,2025-10-13,,Frio,Cancelado
L-5053,2025-03-20,Nao,Morno,Cancelado
L-9809,2025-12-25,Nao,Frio,Trial
L-4161,2025-05-20,Nao,Morno,Inativo
L-2709,2025-05-28,Nao,Frio,Trial
L-4218,2025-02-04,Nao,Morno,Ativo
L-5299,2025-07-12,Sim,Quente,Ativo
L-2714,2026-01-19,Nao,Morno,Cancelado
L-2763,2025-12-17,Sim,Quente,Trial
L-1864,2025-11-11,Nao,Morno,Cancelado
L-3071,2025-10-23,Sim,Frio,Trial
L-1954,2025-07-07,Sim,Frio,Trial
L-8919,2025-03-18,Sim,Quente,Trial
L-1507,2025-04-25,Nao,Frio,Trial
L-9586,2025-04-07,Sim,Quente,Ativo
L-4546,2025-05-27,Nao,Frio,Ativo
L-4760,2025-04-14,Nao,Morno,Trial
L-2376,2025-10-03,Sim,Morno,Trial
L-5821,2025-08-27,Nao,Frio,Ativo
L-2196,2025-09-02,Nao,Quente,Cancelado
L-1875,2025-11-13,Sim,Morno,Trial
L-8763,2026-01-18,Nao,Frio,Ativo
L-3969,2025-07-15,Nao,Morno,Trial
L-5166,2025-03-20,Nao,Frio,Inativo
L-4087,2025-03-01,Nao,Morno,Trial
L-6106,2025-07-20,Nao,Frio,Trial
L-6439,2025-10-22,Nao,Frio,Cancelado
L-8438,2025-08-06,Nao,Morno,Trial
L-5318,2025-03-12,Nao,Frio,Ativo
L-6628,2025-03-08,Sim,Quente,Ativo
L-2223,2025-03-28,Sim,Morno,Ativo
L-9825,2025-01-02,Nao,Frio,Trial
L-7223,2026-01-24,Sim,Quente,Cancelado
L-3781,2025-04-10,Nao,Morno,Trial
L-5437,2025-02-20,Sim,Morno,Ativo
L-2639,2025-10-27,Nao,Morno,Ativo
L-2646,2025-08-02,Sim,Quente,Ativo
L-4493,2025-07-21,Sim,Quente,Ativo
L-5887,2025-05-05,Nao,Frio,Ativo
L-5481,2025-02-27,Sim,Quente,Ativo
L-8073,2026-02-04,Nao,Morno,Cancelado
L-7360,2025-06-01,Nao,Morno,Trial
L-5536,2025-03-03,Sim,Quente,Cancelado
L-4228,1900-01-01,Nao,Morno,Ativo
L-8744,2025-04-28,Nao,Frio,Ativo
L-5056,2025-10-09,Nao,Morno,Trial
L-7212,2025-03-01,Sim,Morno,Ativo
L-1787,2025-12-11,Nao,Frio,Ativo
L-8806,2025-11-08,Sim,Morno,Ativo
L-7155,2025-07-31,Nao,Morno,Trial
L-3607,2025-09-14,Nao,Morno,Trial
L-2594,2025-03-19,Nao,Quente,Cancelado
L-6362,2025-04-11,Nao,Morno,Cancelado
L-1499,2025-10-25,Sim,Morno,Trial
L-6660,2025-12-15,Sim,Morno,Trial
L-2257,2025-09-27,Sim,Frio,Ativo
L-2618,2025-12-28,,Quente,Ativo
L-2106,2025-02-11,Sim,Frio,Cancelado
L-9143,1900-01-01,Sim,Quente,Cancelado
L-9991,2025-05-31,Sim,Quente,Ativo
L-7898,2025-02-26,,Frio,Ativo
L-8077,2025-03-09,,Frio,Ativo
L-7691,2025-07-11,Sim,Quente,Trial
L-3728,2025-12-07,Sim,Morno,Ativo
L-4980,2025-09-14,Sim,Frio,Cancelado
L-7338,2025-10-23,Nao,Frio,Trial
L-1130,2025-06-11,Nao,Frio,Ativo
L-9011,2025-01-21,Sim,Morno,Trial
L-3754,2025-11-27,Sim,Morno,Trial
L-5323,2025-08-16,Nao,Morno,Ativo
L-9337,2025-04-14,Nao,Frio,Trial
L-7696,2026-01-23,Nao,Morno,Ativo
L-3531,2025-09-12,Nao,Morno,Ativo
L-6670,2025-05-23,Nao,Morno,Trial
L-6559,2025-02-13,Nao,Morno,Trial
L-1500,2025-01-15,Nao,Frio,Ativo
L-5436,2026-01-03,Sim,Frio,Cancelado
L-1689,2025-03-04,Nao,Frio,Inativo
L-8113,2025-02-21,Nao,Morno,Ativo
L-9667,2025-09-30,Nao,Frio,Trial
L-1009,2025-03-24,Nao,Frio,Cancelado
L-9331,2025-03-08,Sim,Quente,Cancelado
L-4616,2025-06-08,Nao,Frio,Ativo
L-3543,1900-01-01,Nao,Frio,Trial
L-7891,2025-10-24,Sim,Frio,Ativo
L-9733,2025-01-18,Sim,Quente,Ativo
L-5286,2025-01-07,,Frio,Ativo
L-9009,2025-06-04,Sim,Quente,Ativo
L-8795,2025-05-11,Sim,Morno,Ativo
L-1935,1900-01-01,,Frio,Ativo
L-6926,2025-01-24,Nao,Frio,Trial
L-2866,2025-03-02,Nao,Frio,Trial
L-1107,2025-11-23,Nao,Frio,Inativo
L-2106,2025-06-11,Nao,Frio,Ativo
L-4146,2025-08-20,Nao,Quente,Inativo
L-4181,2025-12-05,Nao,Morno,Trial
L-7656,2025-09-15,Nao,Frio,Cancelado
L-4791,2025-03-10,Sim,Quente,Trial
L-5091,2025-08-06,Nao,Morno,Cancelado
L-2525,2025-04-13,Sim,Quente,Ativo
L-5074,2025-01-25,,Frio,Ativo
L-6969,2025-10-24,,Quente,Cancelado
L-2886,2026-01-23,Nao,Morno,Ativo
L-4798,2025-07-26,Sim,Quente,Inativo
L-2463,2026-02-04,Nao,Frio,Ativo
L-1475,2025-02-17,Sim,Frio,Inativo
L-8757,2025-08-10,Sim,Quente,Ativo
L-2629,2025-02-25,Nao,Morno,Cancelado
L-5693,2025-11-30,Nao,Frio,Trial
L-2180,2025-02-04,Nao,Frio,Ativo
L-3778,2025-10-05,Nao,Frio,Ativo
L-3016,2025-12-04,,Morno,Cancelado
L-1782,2025-06-17,Sim,Quente,Trial
L-7253,2025-08-29,,Morno,Cancelado
L-1834,2025-05-05,,Morno,Ativo
L-4320,2025-06-24,Sim,Quente,Trial
L-6628,2025-09-15,Nao,Frio,Trial
L-8059,2025-02-25,Sim,Quente,Ativo
L-2851,2025-09-15,Nao,Frio,Trial
L-4871,2025-05-06,Nao,Morno,Ativo
L-4554,2025-06-23,Sim,Quente,Trial
L-6298,2025-12-23,Sim,Morno,Trial
L-3149,2026-01-14,Nao,Morno,Cancelado
L-2989,2025-07-07,Nao,Frio,Cancelado
L-8214,2025-11-17,Sim,Morno,Ativo
L-5643,2025-02-22,Sim,Frio,Inativo
L-1860,2025-09-04,Nao,Quente,Ativo
L-6602,1900-01-01,Sim,Morno,Ativo
L-9622,2026-01-04,Sim,Morno,Trial
L-3690,2025-04-03,Nao,Morno,Trial
L-5783,2025-03-11,Sim,Morno,Trial
L-4074,2025-11-12,Sim,Quente,Trial
L-9274,2025-12-26,Nao,Morno,Inativo
L-1621,2025-12-08,Nao,Morno,Ativo
L-4668,2025-08-22,Sim,Morno,Trial
L-9420,2025-08-29,Sim,Morno,Cancelado
L-1494,2025-10-24,Nao,Morno,Cancelado
L-6871,2025-12-18,Sim,Quente,Trial
L-5415,2025-08-11,Sim,Morno,Ativo
L-3267,2025-01-21,Nao,Frio,Ativo
L-3528,2025-12-25,,Frio,Ativo
L-6664,2025-10-28,Nao,Quente,Cancelado
L-2564,2025-12-22,Nao,Frio,Ativo
L-2525,1900-01-01,,Frio,Cancelado
L-1077,2026-01-21,Nao,Morno,Ativo
L-9943,2025-10-20,Nao,Morno,Trial
L-1941,2025-10-17,Nao,Frio,Cancelado
L-1639,2025-11-28,Nao,Frio,Trial
L-4955,2026-01-17,Nao,Morno,Cancelado
L-6927,2026-01-10,Nao,Quente,Cancelado
L-5115,2026-01-10,Nao,Frio,Ativo
L-8155,2026-01-27,Nao,Morno,Trial
L-1816,2025-08-12,,Frio,Trial
L-7170,2025-09-14,Nao,Frio,Ativo
L-7907,2025-05-17,,Frio,Trial
L-7417,2026-01-31,Nao,Morno,Cancelado
L-4805,2025-03-11,,Frio,Inativo
L-2618,2025-08-08,Nao,Frio,Ativo
L-6107,2025-10-05,Nao,Morno,Trial
L-9874,2025-06-25,Sim,Morno,Ativo
L-5808,2025-09-02,,Morno,Inativo
L-2325,2025-06-10,Nao,Frio,Trial
L-5126,2025-10-01,Sim,Quente,Trial
L-8176,2025-08-02,Nao,Frio,Ativo
L-4143,2025-11-22,Sim,Morno,Ativo
L-6985,2025-10-17,Nao,Frio,Ativo
L-9454,2025-09-02,Nao,Morno,Ativo
L-4632,2025-08-19,Sim,Quente,Ativo
L-4286,2025-12-28,Sim,Quente,Cancelado
L-5938,2025-07-06,Nao,Morno,Ativo
L-6685,2025-01-21,Sim,Quente,Ativo
L-2632,2026-01-30,Sim,Morno,Trial
L-4730,2025-03-08,Nao,Morno,Trial
L-2084,2025-06-12,Sim,Quente,Cancelado
L-6789,2025-02-27,Nao,Frio,Ativo
L-1648,2025-06-19,Nao,Frio,Inativo
L-9273,2025-12-15,Nao,Frio,Trial
L-3376,2025-03-22,Nao,Quente,Trial
L-3550,2026-01-26,Sim,Morno,Trial
L-9998,2025-12-23,Sim,Quente,Ativo
L-5653,2025-09-03,Nao,Morno,Trial
L-4342,2025-12-23,Nao,Morno,Inativo
L-6066,2025-05-30,Nao,Morno,Ativo
L-1773,2025-08-04,,Morno,Cancelado
L-6202,2025-05-06,Sim,Quente,Ativo
L-6224,2026-01-26,Sim,Morno,Trial
L-8962,2025-05-18,Nao,Frio,Cancelado
L-1710,2025-12-21,Sim,Morno,Trial
L-7069,2025-10-12,Sim,Quente,Trial
L-5440,2025-08-10,,Morno,Cancelado
L-8833,2025-10-16,Nao,Morno,Trial
L-6634,2025-08-22,,Frio,Ativo
L-5001,2025-06-28,Nao,Frio,Cancelado
L-9411,2025-12-23,Nao,Frio,Cancelado
L-7921,2025-09-26,Nao,Frio,Cancelado
L-8202,2025-01-12,,Quente,Ativo
L-4679,2025-08-06,Sim,Morno,Trial
L-1181,2025-01-10,Nao,Frio,Ativo
L-4850,2025-08-29,Nao,Frio,Trial
L-8570,2025-07-16,Nao,Frio,Cancelado
L-3018,2025-12-27,Sim,Morno,Cancelado
L-3432,2025-05-02,Sim,Quente,Ativo
L-9749,2025-12-09,,Frio,Ativo
L-3589,2025-04-10,Sim,Quente,Ativo
L-4909,2025-09-20,,Frio,Trial
L-9912,2025-04-24,Nao,Frio,Trial
L-4515,2025-06-04,Nao,Frio,Ativo
L-3993,2025-03-06,Nao,Frio,Inativo
L-2215,2026-01-14,Nao,Morno,Ativo
L-9531,2025-08-18,,Frio,Cancelado
L-7482,2025-05-08,,Frio,Ativo
L-7255,2025-06-30,Nao,Frio,Ativo
L-2608,2025-08-22,Nao,Morno,Ativo
L-8723,2025-04-02,Sim,Quente,Ativo
L-2383,2025-06-02,Sim,Frio,Ativo
L-1418,2025-05-17,Sim,Quente,Ativo
L-5341,2025-11-08,Nao,Frio,Ativo
L-6184,2025-01-21,Sim,Quente,Inativo
L-3480,2025-04-01,Sim,Frio,Inativo
L-7501,2025-08-30,Sim,Quente,Inativo
L-2999,2025-02-24,Nao,Morno,Ativo
L-1029,2025-08-27,Nao,Morno,Cancelado
L-6293,2025-03-20,Nao,Frio,Inativo
L-7690,2025-05-30,Nao,Frio,Cancelado
L-1308,2025-11-02,Nao,Frio,Cancelado
L-7952,2025-10-22,Nao,Morno,Cancelado
L-7848,2025-09-19,Nao,Quente,Ativo
L-3192,2025-03-23,Sim,Quente,Ativo
L-2787,2025-03-29,,Morno,Inativo
L-9905,2025-05-11,Nao,Morno,Ativo
L-7097,2026-01-24,Sim,Quente,Ativo
L-7535,2025-12-19,Nao,Frio,Ativo
L-3022,2025-06-23,Nao,Morno,Ativo
L-5324,2025-09-18,,Morno,Cancelado
L-5772,2025-06-16,,Morno,Ativo
L-1075,2026-01-29,,Frio,Ativo
L-7058,2026-01-09,Sim,Morno,Trial
L-7267,2025-10-20,Sim,Morno,Cancelado
L-7839,2025-05-20,Nao,Morno,Ativo
L-5201,2025-02-02,Sim,Morno,Cancelado
L-2820,2025-04-23,Sim,Quente,Ativo
L-3917,2025-09-20,Nao,Morno,Trial
L-8684,2025-08-07,Sim,Quente,Ativo
L-3222,2025-05-10,Nao,Frio,Cancelado
L-2230,2025-07-14,Sim,Quente,Ativo
L-5335,2025-05-17,Nao,Frio,Cancelado
L-1398,2025-01-22,Sim,Frio,Ativo
L-1419,2025-01-14,Nao,Frio,Trial
L-9350,2025-07-07,Nao,Frio,Trial
L-2490,2025-01-01,Sim,Quente,Ativo
L-6552,2025-10-31,Sim,Quente,Cancelado
L-4427,2025-05-05,Sim,Quente,Trial
L-9141,2025-03-27,Nao,Morno,Ativo
L-9988,2025-06-08,Sim,Frio,Ativo
L-6189,2025-12-22,,Morno,Trial
L-8567,2025-12-24,Nao,Frio,Trial
L-1517,2025-04-14,Sim,Quente,Ativo
L-5446,2025-01-03,Sim,Quente,Inativo
L-1484,2025-05-11,Sim,Quente,Trial
L-9437,2025-01-27,,Morno,Ativo
L-5671,2025-03-25,Nao,Frio,Trial
L-2532,2025-11-19,Nao,Frio,Inativo
L-9705,2025-04-30,Sim,Morno,Cancelado
L-1399,2025-06-01,Nao,Quente,Ativo
L-2350,2025-12-04,Nao,Morno,Trial
L-6586,2025-05-15,Sim,Morno,Inativo
L-6431,2025-08-02,Sim,Quente,Trial
L-8323,2025-03-24,,Quente,Cancelado
L-3566,2025-03-04,Sim,Quente,Inativo
L-9751,2025-03-29,Sim,Morno,Ativo
L-6064,2025-08-20,,Frio,Cancelado
L-9686,2025-03-13,Nao,Frio,Inativo
L-7120,2025-01-23,Nao,Frio,Trial
L-1051,2025-06-21,Sim,Quente,Inativo
L-2609,2025-09-27,Sim,Quente,Ativo
L-3926,2026-01-24,Nao,Morno,Ativo
L-9475,2025-07-21,Nao,Frio,Trial
L-8395,2025-01-04,Sim,Morno,Trial
L-8820,2025-03-14,Sim,Morno,Ativo
L-4437,1900-01-01,Sim,Quente,Ativo
L-9647,2026-01-11,Sim,Morno,Ativo
L-9859,2025-04-08,Sim,Frio,Ativo
L-5122,2025-08-08,Sim,Quente,Ativo
L-8044,2025-01-01,,Morno,Cancelado
L-4136,2025-10-25,Nao,Frio,Ativo
L-6969,2025-07-09,,Morno,Trial
L-1454,2025-06-22,Nao,Frio,Ativo
L-2438,2025-02-20,Sim,Quente,Ativo
L-7263,2025-10-06,,Frio,Inativo
L-2634,2025-12-06,Nao,Frio,Trial
L-3674,2025-11-14,Nao,Morno,Ativo
L-6699,2025-06-21,Nao,Morno,Ativo
L-4299,2026-01-30,Sim,Quente,Inativo
L-9996,1900-01-01,Nao,Morno,Trial
L-1323,2025-01-20,Sim,Frio,Trial
L-6610,1900-01-01,Nao,Morno,Trial
L-2115,2025-08-07,Nao,Frio,Ativo
L-8505,2025-08-17,Sim,Quente,Trial
L-3514,2025-12-01,Nao,Morno,Trial
L-8789,2025-04-20,Nao,Frio,Ativo
L-8396,2025-07-27,Nao,Morno,Ativo
L-4503,2025-01-17,Nao,Morno,Trial
L-5976,2025-03-27,Nao,Frio,Trial
L-2101,2025-02-24,Sim,Quente,Ativo
L-7363,2025-01-24,Nao,Frio,Trial
L-1462,1900-01-01,Nao,Frio,Ativo
L-8430,2025-07-14,Sim,Quente,Ativo
L-4924,2025-12-05,Nao,Frio,Ativo
L-3805,2025-02-14,Nao,Frio,Trial
L-9621,2025-02-14,Sim,Quente,Ativo
L-7784,2025-02-23,Nao,Frio,Ativo
L-2385,2026-01-09,,Frio,Ativo
L-9829,2025-08-24,Sim,Morno,Ativo
L-4602,2025-06-13,Nao,Frio,Trial
L-9194,2025-01-17,Nao,Quente,Ativo
L-2522,2025-12-27,Nao,Morno,Trial
L-5921,2025-05-14,,Morno,Trial
L-6569,2025-06-06,Nao,Frio,Cancelado
L-6391,2025-11-30,Sim,Quente,Trial
L-9494,2025-08-30,Sim,Morno,Cancelado
L-9833,2025-02-18,Nao,Frio,Ativo
L-3272,2025-10-19,Nao,Quente,Trial
L-6764,2025-03-29,Nao,Frio,Ativo
L-8534,2025-01-03,Nao,Frio,Trial
L-2867,2025-10-01,,Morno,Ativo
L-6637,2025-02-24,Nao,Morno,Inativo
L-1809,2025-12-28,Sim,Frio,Ativo
L-7025,2025-07-22,Nao,Morno,Ativo
L-4373,2025-09-20,Nao,Frio,Trial
L-8899,2025-01-20,Nao,Frio,Cancelado
L-9530,2025-02-04,Nao,Frio,Inativo
L-6334,2025-03-30,Nao,Morno,Ativo
L-2865,2025-03-24,Nao,Frio,Trial
L-9991,2025-09-04,Nao,Frio,Cancelado
L-7306,2026-02-05,,Morno,Cancelado
L-2394,2025-05-30,Nao,Morno,Cancelado
L-4763,2025-07-28,Nao,Frio,Trial
L-7616,2025-11-04,Sim,Quente,Ativo
L-8927,2025-07-28,Sim,Morno,Ativo
L-9847,2025-11-07,Sim,Morno,Trial
L-5029,2025-10-11,Sim,Morno,Ativo
L-1215,2025-08-02,Nao,Morno,Trial
L-5691,2025-01-16,Nao,Frio,Ativo
L-7560,2025-05-30,Sim,Quente,Trial
L-8680,2025-07-15,Nao,Frio,Trial
L-2250,2025-04-24,Nao,Morno,Trial
L-6353,2025-01-23,Nao,Morno,Cancelado
L-4006,2025-10-18,Nao,Frio,Ativo
L-9615,2025-01-28,Sim,Morno,Trial
L-4757,2025-08-27,Nao,Morno,Cancelado
L-2893,2025-07-14,Nao,Frio,Ativo
L-4372,2025-10-20,Nao,Frio,Ativo
L-8581,2025-09-04,Nao,Frio,Ativo
L-4529,2025-05-22,Sim,Morno,Cancelado
L-7062,2025-02-15,Nao,Morno,Cancelado
L-9290,2026-01-30,Sim,Quente,Ativo
L-2606,2025-12-02,Sim,Quente,Trial
L-6442,2025-03-02,Sim,Quente,Cancelado
L-8044,2025-10-09,Sim,Quente,Inativo
L-1258,2026-01-16,,Frio,Ativo
L-8191,2025-07-06,,Quente,Ativo
L-9577,2025-07-26,Nao,Frio,Cancelado
L-2343,2025-03-24,Nao,Morno,Cancelado
L-2407,2025-03-19,Sim,Quente,Ativo
L-6025,2026-01-27,Sim,Quente,Trial
L-1743,2025-04-21,Sim,Quente,Cancelado
L-1334,2025-03-03,Nao,Frio,Cancelado
L-5329,2026-01-16,Sim,Quente,Ativo
L-7991,2025-04-06,Sim,Quente,Trial
L-2612,2025-01-05,Sim,Frio,Ativo
L-8778,2025-10-30,,Frio,Ativo
L-6718,2025-06-14,Nao,Morno,Ativo
L-7737,2025-04-29,Nao,Morno,Ativo
L-9467,2025-06-17,Nao,Frio,Trial
L-6734,2025-10-11,Nao,Morno,Ativo
L-6216,2025-06-01,Nao,Morno,Ativo
L-9419,2025-11-05,Sim,Morno,Trial
L-2532,2025-10-24,Sim,Quente,Ativo
L-8462,2025-01-18,Nao,Morno,Ativo
L-5158,2025-10-14,Nao,Frio,Ativo
L-1418,2025-07-17,Nao,Morno,Cancelado
L-8255,2025-07-27,Nao,Morno,Trial
L-1897,2025-07-29,Nao,Frio,Trial
L-1118,2025-01-07,,Morno,Cancelado
L-9665,2025-05-05,Sim,Quente,Inativo
L-5353,2025-03-23,,Quente,Inativo
L-4905,2025-03-18,Nao,Frio,Ativo
L-6991,2025-08-03,Nao,Frio,Ativo
L-9542,2025-01-24,Nao,Morno,Ativo
L-7997,2025-06-28,Nao,Frio,Ativo
L-2039,2025-02-10,Nao,Frio,Inativo
L-2126,2026-01-11,Nao,Frio,Ativo
L-8368,2025-07-10,Sim,Morno,Trial
L-5754,2025-09-18,Nao,Frio,Ativo
L-5066,2025-03-12,Sim,Morno,Cancelado
L-3244,2025-11-21,Nao,Morno,Ativo
L-8821,2025-08-19,Sim,Quente,Inativo
L-4022,2025-03-24,Nao,Frio,Trial
L-8356,2025-03-15,Sim,Quente,Ativo
L-4022,2025-09-19,Nao,Frio,Cancelado
L-6482,2025-05-04,Sim,Quente,Cancelado
L-4861,2025-01-31,Sim,Quente,Trial
L-2270,2025-03-09,Nao,Quente,Ativo
L-5692,2025-08-01,Sim,Quente,Ativo
L-7402,2025-08-01,Sim,Frio,Trial
L-8653,2025-04-17,Sim,Frio,Trial
L-1229,2025-06-11,,Frio,Ativo
L-9148,2025-11-03,Sim,Quente,Inativo
L-2681,2025-04-01,Sim,Morno,Ativo
L-8033,2025-12-15,Nao,Frio,Trial
L-7901,2025-12-21,Nao,Frio,Ativo
L-1407,2025-06-23,Nao,Morno,Ativo
L-9440,2025-12-04,Sim,Quente,Inativo
L-6613,2025-03-09,Sim,Quente,Ativo
L-8780,2025-07-11,Nao,Frio,Cancelado
L-4182,2025-03-01,Sim,Morno,Trial
L-9024,2025-05-23,Sim,Quente,Cancelado
L-5883,2025-07-29,Nao,Frio,Ativo
L-9699,2025-05-03,Sim,Quente,Ativo
L-7411,2025-04-26,Nao,Frio,Cancelado
L-7399,2025-05-05,,Frio,Trial
L-8104,2025-08-04,Sim,Frio,Ativo
L-4135,2025-08-14,Sim,Morno,Ativo
L-4488,2025-07-16,Nao,Morno,Ativo
L-1927,2025-08-22,Nao,Morno,Cancelado
L-1588,2025-02-09,Nao,Frio,Inativo
L-8494,2025-03-06,Sim,Quente,Cancelado
L-7158,2025-08-18,Nao,Morno,Ativo
L-3973,2025-06-17,,Morno,Trial
L-1437,2025-07-19,Sim,Morno,Ativo
L-2667,2025-10-23,Sim,Morno,Trial
L-9469,2025-08-27,Nao,Morno,Ativo
L-9774,2025-07-30,Nao,Morno,Trial
L-9981,2025-04-04,,Frio,Ativo
L-3318,2026-01-16,,Frio,Trial
L-1450,2025-09-23,Sim,Morno,Cancelado
L-5955,2026-01-15,Sim,Quente,Trial
L-6503,2025-08-17,Nao,Frio,Ativo
L-6949,2025-03-27,Sim,Quente,Ativo
L-2356,2025-09-04,Nao,Frio,Cancelado
L-8868,2025-04-09,Sim,Frio,Inativo
L-7965,2026-01-03,,Frio,Ativo
L-4608,2025-07-01,Nao,Frio,Ativo
L-7877,2026-01-20,Nao,Morno,Inativo
L-8447,2025-12-24,Nao,Frio,Ativo
L-3235,2025-03-06,Sim,Quente,Trial
L-5457,2025-03-10,Nao,Frio,Trial
L-9039,2025-04-21,Sim,Quente,Trial
L-6537,2025-05-12,Nao,Frio,Trial
L-5678,2025-02-06,Nao,Quente,Ativo
L-8209,2025-07-29,,Frio,Trial
L-2395,2025-02-14,,Frio,Ativo
L-6022,2025-05-02,Nao,Frio,Ativo
L-4188,2025-10-24,Sim,Morno,Ativo
L-9680,2025-10-06,Nao,Quente,Ativo
L-4010,2025-04-13,Sim,Quente,Trial
L-8470,2025-12-22,Nao,Morno,Ativo
L-4321,2025-09-25,Nao,Frio,Ativo
L-4685,2025-09-30,Sim,Frio,Ativo
L-8695,2025-02-01,Nao,Frio,Trial
L-5007,2025-05-15,Sim,Quente,Ativo
L-3761,2025-02-07,Nao,Frio,Trial
L-9986,2026-01-07,Nao,Frio,Cancelado
L-5738,2025-04-22,,Frio,Trial
L-5412,2025-05-21,Nao,Frio,Trial
L-1529,2025-11-03,Nao,Morno,Trial
L-4396,2025-04-03,Sim,Quente,Trial
L-4787,2025-11-04,Sim,Quente,Trial
L-4890,2025-08-09,Nao,Morno,Trial
L-5626,2025-03-12,Nao,Morno,Trial
L-3508,2025-04-06,Sim,Morno,Ativo
L-4970,2025-08-28,Nao,Morno,Trial
L-7209,2025-07-21,Nao,Frio,Trial
L-3683,2025-05-02,Nao,Morno,Inativo
L-3737,2025-11-26,Sim,Quente,Ativo
L-4282,2025-07-26,Sim,Quente,Ativo
L-5342,2025-02-21,Nao,Frio,Trial
L-9669,2025-12-31,Nao,Morno,Trial
L-1564,2026-01-02,Nao,Frio,Ativo
L-9484,2026-01-01,Nao,Morno,Cancelado
L-7539,2025-11-21,Nao,Morno,Trial
L-2866,2025-02-07,Nao,Morno,Cancelado
L-6038,2025-03-23,Sim,Frio,Trial
L-9664,2025-11-19,,Morno,Ativo
L-3296,2025-01-03,Nao,Frio,Ativo
L-5290,2025-08-16,Sim,Quente,Cancelado
L-8552,2025-09-15,Sim,Frio,Cancelado
L-1208,2025-12-28,Sim,Frio,Trial
L-5898,2025-12-03,,Morno,Inativo
L-4237,2025-08-26,Sim,Quente,Ativo
L-6101,2025-06-23,Nao,Morno,Ativo
L-2611,2025-10-06,Nao,Morno,Trial
L-5774,2025-03-20,Nao,Morno,Trial
L-2865,2025-05-19,Nao,Quente,Inativo
L-8613,2025-02-08,Sim,Morno,Inativo
L-4700,2025-07-14,Nao,Morno,Ativo
L-5636,2025-08-13,Sim,Quente,Trial
L-8711,2025-08-05,Nao,Frio,Ativo
L-1499,2025-08-15,Nao,Morno,Cancelado
L-3370,2025-03-11,Nao,Morno,Trial
L-3590,2025-03-21,Sim,Quente,Ativo
L-2592,2025-07-29,Nao,Morno,Inativo
L-2723,2025-10-24,Sim,Quente,Ativo
L-3334,2026-01-06,Sim,Quente,Ativo
L-3714,2025-09-12,Nao,Frio,Inativo
L-7891,2025-12-06,Nao,Morno,Trial
L-1951,2025-03-23,Nao,Frio,Trial
L-9018,2025-11-15,Nao,Frio,Ativo
L-9722,2025-02-27,Nao,Frio,Ativo
L-6080,2025-11-23,Sim,Quente,Trial
L-5079,2025-08-04,Nao,Frio,Ativo
L-4119,2025-05-12,Nao,Frio,Ativo
L-9254,2025-01-23,Sim,Quente,Trial
L-7427,2025-10-27,Nao,Frio,Cancelado
L-1897,2025-05-16,Nao,Frio,Ativo
L-5480,2026-01-16,Sim,Quente,Trial
L-3469,2025-06-28,Nao,Morno,Ativo
L-1974,2025-04-29,Sim,Quente,Ativo
L-6901,2025-03-24,Sim,Quente,Trial
L-3470,2025-10-26,Nao,Frio,Inativo
L-4088,2025-04-02,Nao,Morno,Ativo
L-3096,2025-01-04,Nao,Morno,Inativo
L-4154,2025-02-26,Nao,Frio,Cancelado
L-7648,2025-03-21,Sim,Quente,Trial
L-3540,2025-08-30,Sim,Quente,Trial
L-7256,2025-06-10,Nao,Morno,Ativo
L-8350,2025-03-29,Nao,Morno,Ativo
L-3135,2025-05-08,Sim,Quente,Inativo
L-4182,2025-01-07,Nao,Frio,Inativo
L-4578,2025-07-04,Nao,Frio,Trial
L-7650,2025-04-24,Sim,Morno,Trial
L-7231,2025-07-12,Sim,Quente,Ativo
L-7362,2026-01-24,Nao,Morno,Trial
L-3898,1900-01-01,,Frio,Ativo
L-2207,2025-12-25,Nao,Frio,Ativo
L-2224,2025-07-13,Nao,Frio,Ativo
L-1849,2025-04-09,Sim,Morno,Cancelado
L-6863,2025-02-04,Nao,Frio,Trial
L-4097,2025-08-16,Sim,Frio,Ativo
L-4527,2026-01-22,Nao,Frio,Inativo
L-8115,2025-03-01,Nao,Frio,Trial
L-1974,2025-03-12,Nao,Quente,Inativo
L-9750,2025-06-24,Sim,Quente,Ativo
L-8518,2025-11-23,Sim,Quente,Cancelado
L-6180,2025-06-22,Sim,Quente,Ativo
L-2727,2025-10-23,Sim,Quente,Trial
L-9416,2025-05-26,Nao,Frio,Trial
L-2832,2025-01-23,,Morno,Inativo
L-5352,2025-05-18,Nao,Quente,Trial
L-3252,2025-05-20,Sim,Frio,Inativo
L-1397,2025-05-21,,Morno,Trial
L-7014,2026-01-11,Sim,Morno,Trial
L-3752,2025-03-28,Nao,Morno,Cancelado
L-8451,2025-10-15,Sim,Morno,Cancelado
L-2922,2025-08-15,Nao,Morno,Trial
L-2741,2025-03-11,Nao,Frio,Ativo
L-6785,2025-03-12,Sim,Quente,Inativo
L-8960,2025-02-07,Nao,Quente,Ativo
L-4649,2025-01-22,,Morno,Ativo
L-9255,2025-12-18,Sim,Quente,Ativo
L-5107,2025-03-23,Nao,Frio,Ativo
L-1237,2025-01-03,Sim,Quente,Cancelado
L-6129,2025-11-13,Nao,Morno,Inativo
L-5378,1900-01-01,Sim,Morno,Ativo
L-1387,2025-01-26,Sim,Quente,Ativo
L-3734,2025-06-05,Sim,Quente,Ativo
L-4621,2025-02-22,Sim,Quente,Ativo
L-1624,2025-09-24,Nao,Frio,Trial
L-4754,2025-06-15,Nao,Frio,Ativo
L-8861,2025-11-26,Sim,Quente,Cancelado
L-4667,2025-11-16,Sim,Quente,Cancelado
L-2357,2025-05-12,Nao,Frio,Trial
L-1932,2025-12-14,,Frio,Ativo
L-4702,2025-07-29,Nao,Morno,Ativo
L-5134,2025-07-16,Sim,Quente,Trial
L-9809,2026-02-03,,Morno,Ativo
L-6839,2025-07-04,Sim,Frio,Ativo
L-1471,2025-02-13,,Morno,Ativo
L-7974,2025-10-02,Nao,Frio,Cancelado
L-9710,2025-03-10,,Morno,Cancelado
L-5476,1900-01-01,,Morno,Trial
L-1605,2025-08-26,Sim,Quente,Ativo
L-5489,2025-08-27,Nao,Quente,Ativo
L-2743,2026-02-05,Nao,Morno,Ativo
L-4822,2025-10-14,Nao,Quente,Ativo
L-7861,2025-11-14,Nao,Morno,Inativo
L-3380,2025-11-02,Nao,Frio,Cancelado
L-8357,2025-07-19,Sim,Quente,Trial
L-5623,2025-03-29,Nao,Morno,Trial
L-7189,2026-01-05,Sim,Morno,Ativo
L-1257,2025-08-13,Nao,Morno,Ativo
L-3454,2025-06-06,,Morno,Cancelado
L-8374,2025-03-28,Nao,Quente,Ativo
L-9774,2025-04-27,Sim,Frio,Trial
L-3191,2025-08-28,Nao,Morno,Trial
L-7481,2026-01-28,,Frio,Ativo
L-9325,2025-09-24,Sim,Quente,Ativo
L-9383,2025-06-19,Nao,Quente,Ativo
L-4579,2026-01-23,Sim,Morno,Ativo
L-1688,2025-06-12,Sim,Morno,Ativo
L-9873,2025-11-29,Nao,Morno,Ativo
L-4877,2025-04-16,Nao,Frio,Trial
L-4813,2025-06-10,Nao,Frio,Ativo
L-5398,2026-02-02,Sim,Quente,Ativo
L-9673,2025-03-01,Sim,Quente,Ativo
L-9875,2026-01-15,Sim,Morno,Cancelado
L-4329,2025-05-24,Nao,Morno,Cancelado
L-7454,2025-01-23,Sim,Quente,Inativo
L-4267,2025-04-30,,Morno,Trial
L-8609,2025-12-13,Sim,Quente,Trial
L-9802,2025-07-28,Sim,Quente,Ativo
L-3629,2025-07-21,Nao,Morno,Ativo
L-2642,2025-09-04,Nao,Morno,Inativo
L-6562,2025-09-01,,Morno,Ativo
L-9990,2026-01-28,Sim,Morno,Ativo
L-9551,2025-03-12,Sim,Quente,Ativo
L-4421,2025-07-04,Sim,Quente,Cancelado
L-8071,2025-01-31,Sim,Quente,Ativo
L-8687,2025-05-07,Nao,Morno,Trial
L-6604,2025-03-04,,Morno,Ativo
L-1234,2025-07-25,Sim,Quente,Inativo
L-5542,2025-01-22,Sim,Quente,Cancelado
L-2397,2025-02-25,Sim,Quente,Trial
L-2573,2025-01-02,Sim,Morno,Trial
L-6603,2025-12-10,Sim,Quente,Ativo
L-1212,2025-07-13,Nao,Frio,Cancelado
L-4231,2025-10-08,Sim,Quente,Ativo
L-9214,2025-09-21,Nao,Frio,Trial
L-4093,2025-01-14,Nao,Morno,Cancelado
L-7945,2025-08-07,Sim,Quente,Ativo
L-9587,2025-10-12,Sim,Quente,Trial
L-5457,2025-02-05,Sim,Morno,Cancelado
L-5360,2026-01-04,Sim,Quente,Trial
L-1096,2025-05-21,,Frio,Ativo
L-4196,2025-02-21,Nao,Morno,Inativo
L-2243,2025-08-23,Nao,Morno,Ativo
L-4126,2025-01-24,Nao,Frio,Ativo
L-3507,2026-01-26,Nao,Morno,Inativo
L-9856,2025-02-23,Sim,Quente,Trial
L-1649,2025-09-10,Nao,Frio,Trial
L-9357,2025-02-23,Nao,Morno,Inativo
L-7280,2025-09-23,Sim,Quente,Ativo
L-2997,2025-11-01,Sim,Quente,Inativo
L-4880,2025-08-20,Sim,Morno,Cancelado
L-2577,2025-05-11,Nao,Morno,Ativo
L-5609,2025-09-20,Nao,Frio,Cancelado
L-3680,1900-01-01,Sim,Morno,Ativo
L-2063,2025-07-09,Sim,Morno,Cancelado
L-5280,2025-06-25,Sim,Morno,Trial
L-8238,2025-03-01,Sim,Quente,Inativo
L-3859,1900-01-01,Nao,Frio,Trial
L-6920,2025-08-21,Nao,Morno,Cancelado
L-9213,2025-04-05,Sim,Morno,Trial
L-5512,2025-04-27,Nao,Morno,Trial
L-6667,2025-03-18,,Frio,Cancelado
L-7571,2025-11-21,Nao,Morno,Trial
L-9073,2025-12-21,Nao,Quente,Trial
L-5984,2025-07-17,Nao,Morno,Ativo
L-3941,1900-01-01,,Frio,Trial
L-6991,2025-09-09,,Frio,Cancelado
L-9188,2025-01-23,Nao,Quente,Trial
L-8126,2026-01-14,Nao,Morno,Ativo
L-7084,2025-12-26,Nao,Frio,Ativo
L-5499,2025-11-21,Sim,Quente,Cancelado
L-1185,2025-01-17,Nao,Frio,Trial
L-8920,2026-01-27,Nao,Frio,Trial
L-1955,2025-02-19,Sim,Quente,Cancelado
L-9884,2025-11-19,Nao,Morno,Trial
L-8640,2025-10-01,Sim,Quente,Inativo
L-7496,2025-03-17,Sim,Morno,Cancelado
L-9287,2025-12-02,Nao,Frio,Ativo
L-6632,2025-11-24,Sim,Quente,Ativo
L-6820,2025-10-16,Sim,Quente,Cancelado
L-5509,2025-10-04,Nao,Frio,Trial
L-9375,2025-01-18,Sim,Quente,Trial
L-6720,2025-03-19,Nao,Frio,Trial
L-2038,2025-12-25,Sim,Morno,Trial
L-4915,2026-01-22,Nao,Frio,Inativo
L-2392,2025-02-28,Nao,Quente,Cancelado
L-2253,2025-05-12,Nao,Morno,Trial
L-4418,2025-09-20,Nao,Frio,Ativo
L-2824,2025-05-13,Sim,Morno,Cancelado
L-7324,2025-12-30,Nao,Quente,Ativo
L-2013,2025-02-10,Sim,Morno,Trial
L-3621,2025-06-28,Nao,Quente,Ativo
L-1107,2026-01-18,Nao,Frio,Ativo
L-1051,2025-01-25,Nao,Frio,Trial
L-5362,2025-02-02,,Frio,Inativo
L-6289,2025-07-08,Nao,Frio,Ativo
L-1629,1900-01-01,Nao,Morno,Trial
L-4349,2025-10-04,,Frio,Trial
L-4235,2025-05-26,Nao,Morno,Cancelado
L-2004,2025-12-23,Sim,Frio,Ativo
L-5735,2025-06-21,Nao,Quente,Cancelado
L-7182,2026-01-17,Sim,Quente,Trial
L-3994,2025-01-25,Nao,Frio,Ativo
L-9958,2026-01-11,Sim,Quente,Cancelado
L-9597,2025-02-13,Nao,Morno,Trial
L-9824,2025-12-29,Nao,Frio,Trial
L-2734,2025-05-11,,Frio,Ativo
L-7754,2025-12-22,Sim,Morno,Trial
L-2337,2026-01-01,Sim,Quente,Ativo
L-7831,2025-10-01,,Morno,Cancelado
L-1610,2025-07-24,Nao,Morno,Trial
L-3729,1900-01-01,Sim,Quente,Cancelado
L-6278,2026-01-21,Nao,Morno,Ativo
L-7765,2025-12-08,Nao,Frio,Cancelado
L-3523,2025-04-04,Sim,Quente,Ativo
L-8705,2025-11-24,Nao,Frio,Trial
L-2724,2025-11-18,Nao,Morno,Ativo
L-1107,2025-01-19,Sim,Quente,Trial
L-2259,2025-05-24,Sim,Quente,Ativo
L-9718,2026-01-21,Sim,Quente,Ativo
L-4461,2025-02-06,Nao,Morno,Cancelado
L-2136,2025-09-03,Nao,Frio,Ativo
L-6449,2025-06-07,Nao,Frio,Trial
L-7717,2025-11-06,Sim,Frio,Ativo
L-1759,1900-01-01,Nao,Frio,Cancelado
L-9413,2025-08-13,Nao,Morno,Trial
L-7873,2025-05-25,Nao,Morno,Trial
L-7186,1900-01-01,Nao,Morno,Ativo
L-5616,2025-01-02,Sim,Morno,Inativo
L-7921,2025-04-04,Sim,Quente,Inativo
L-4667,2025-05-30,Nao,Morno,Ativo
L-6133,2025-03-30,Sim,Morno,Trial
L-8988,2025-06-17,,Quente,Inativo
L-7654,2025-04-12,Sim,Quente,Trial
L-1396,2025-05-15,Sim,Quente,Inativo
L-3967,2025-01-09,Sim,Quente,Trial
L-6048,2025-03-19,Sim,Quente,Trial
L-1444,2025-05-23,Sim,Morno,Ativo
L-3497,2025-08-31,Nao,Morno,Inativo
L-8445,2025-07-25,Nao,Morno,Inativo
L-1343,2025-01-22,Sim,Quente,Trial
L-2073,2025-03-20,Sim,Quente,Cancelado
L-3561,2025-08-19,Sim,Quente,Trial
L-1430,2025-03-21,Sim,Frio,Trial
L-8691,2025-06-18,Nao,Morno,Trial
L-4164,2025-05-07,Sim,Morno,Trial
L-2023,2025-03-23,Sim,Quente,Trial
L-8391,2025-10-17,Sim,Quente,Trial
L-4602,2025-10-08,,Frio,Cancelado
L-6754,2025-06-23,Sim,Quente,Trial
L-3965,2025-05-02,Nao,Frio,Ativo
L-5678,2026-01-12,Nao,Morno,Trial
L-3386,2025-11-12,,Morno,Trial
L-8612,2025-02-16,Nao,Frio,Inativo
L-1905,2025-08-03,Nao,Morno,Ativo
L-8472,2025-07-29,Sim,Quente,Ativo
L-9358,2025-07-15,Sim,Quente,Cancelado
L-8573,2025-05-03,Sim,Quente,Ativo
L-3814,2025-06-12,Nao,Frio,Cancelado
L-8985,2025-10-15,Sim,Quente,Trial
L-7709,2025-12-26,Sim,Quente,Inativo
L-4525,2025-02-09,Nao,Frio,Ativo
L-2686,2025-10-13,Nao,Morno,Ativo
L-6912,2025-08-28,Sim,Morno,Ativo
L-1779,2025-07-26,Nao,Morno,Cancelado
L-3479,2025-12-08,Sim,Quente,Trial
L-6596,2025-07-12,Nao,Morno,Cancelado
L-2899,2026-01-09,Nao,Morno,Ativo
L-4615,2025-03-21,Sim,Quente,Ativo
L-3708,2025-06-23,Nao,Frio,Trial
L-2556,2025-08-22,Nao,Morno,Trial
L-7434,2025-12-22,Nao,Quente,Cancelado
L-8344,2025-05-02,Sim,Morno,Inativo
L-2105,2025-01-28,Sim,Quente,Trial
L-4456,2025-02-09,Sim,Morno,Ativo
L-9560,2025-06-26,Nao,Frio,Inativo
L-1712,2025-07-10,Nao,Morno,Cancelado
L-3969,2026-01-14,,Morno,Ativo
L-8594,2025-06-21,Sim,Quente,Trial
L-5324,2025-07-17,Nao,Morno,Cancelado
L-8029,2025-04-06,Nao,Frio,Ativo
L-3576,2026-01-04,Nao,Morno,Trial
L-1162,2025-06-26,Nao,Frio,Cancelado
L-7199,2025-03-14,Nao,Morno,Trial
L-2749,2025-04-01,Sim,Quente,Ativo
L-9803,2025-05-12,,Frio,Inativo
L-4467,2026-01-09,Sim,Quente,Trial
L-8496,2025-08-11,Nao,Frio,Cancelado
L-3924,2025-09-12,Sim,Quente,Ativo
L-5099,2025-11-10,Nao,Morno,Trial
L-5467,2026-01-21,Nao,Frio,Trial
L-6170,2025-08-19,Nao,Frio,Cancelado
L-8932,2025-03-26,Nao,Frio,Ativo
L-3553,2025-07-25,Sim,Quente,Trial
L-8098,2026-01-25,Nao,Frio,Trial
L-4362,2025-08-19,Sim,Quente,Trial
L-3997,2025-06-25,Sim,Quente,Trial
L-8480,2025-02-17,Nao,Frio,Ativo
L-7316,2026-01-26,Nao,Quente,Cancelado
L-1072,2025-06-17,,Frio,Ativo
L-6684,2025-07-23,Sim,Quente,Trial
L-4334,2025-11-02,Nao,Morno,Trial
L-2643,2025-04-18,Sim,Frio,Ativo
L-1235,2025-02-06,Nao,Morno,Inativo
L-8910,2025-10-03,Nao,Frio,Ativo
L-8537,2025-01-04,Nao,Frio,Trial
L-3078,2025-09-06,Sim,Quente,Inativo
L-3584,2025-06-04,,Frio,Ativo
L-9881,2025-10-31,,Frio,Cancelado
L-5011,2025-12-16,Sim,Morno,Trial
L-4214,2026-01-23,Nao,Morno,Ativo
L-3719,2025-01-25,Sim,Quente,Ativo
L-3075,2025-09-15,Sim,Quente,Cancelado
L-4446,2025-09-15,Nao,Frio,Trial
L-7494,2025-05-09,Nao,Frio,Trial
L-7907,2025-09-04,Sim,Morno,Ativo
L-8039,2025-09-10,Nao,Frio,Cancelado
L-1173,2025-06-18,Sim,Frio,Cancelado
L-8250,2025-09-04,Nao,Quente,Cancelado
L-9692,2025-02-19,Sim,Quente,Ativo
L-8280,2025-07-17,Nao,Morno,Ativo
L-8633,2025-11-17,Sim,Quente,Ativo
L-4537,2025-03-13,Nao,Morno,Cancelado
L-8522,2025-10-09,,Frio,Inativo
L-4816,2025-10-16,Nao,Morno,Trial
L-1636,2025-11-13,Nao,Morno,Inativo
L-2449,2025-01-24,Sim,Quente,Trial
L-8650,2025-02-11,Sim,Frio,Trial
L-7273,2025-07-23,Nao,Frio,Ativo
L-1882,2025-11-24,Nao,Morno,Trial
L-4170,2025-06-15,Nao,Frio,Cancelado
L-1609,2025-02-26,Sim,Quente,Cancelado
L-3481,2026-02-04,Nao,Morno,Cancelado
L-1547,2025-11-11,Sim,Quente,Trial
L-6370,2025-08-04,Sim,Quente,Ativo
L-2460,2025-07-23,Sim,Quente,Trial
L-2636,2025-10-18,Nao,Morno,Inativo
L-6529,2025-08-13,,Frio,Ativo
L-4101,2025-10-08,Nao,Frio,Ativo
L-9325,2025-04-09,Sim,Morno,Trial
L-1500,2025-10-10,Sim,Frio,Trial
L-2541,2025-12-01,Nao,Frio,Inativo
L-9889,2025-03-18,Sim,Quente,Cancelado
L-2893,2025-10-03,Nao,Frio,Trial
L-1874,2025-11-06,Nao,Frio,Ativo
L-3555,2026-01-02,Nao,Frio,Cancelado
L-8818,2025-01-23,Nao,Frio,Ativo
L-7583,2026-01-09,Sim,Morno,Ativo
L-9489,2025-12-02,Nao,Frio,Trial
L-5062,2026-01-22,Sim,Quente,Inativo
L-5789,2025-09-24,Sim,Quente,Trial
L-1772,2025-12-19,Sim,Frio,Ativo
L-2393,2025-08-26,Sim,Morno,Ativo
L-3191,2025-02-04,Sim,Quente,Trial
L-7014,2025-12-30,Nao,Quente,Inativo
L-4197,2025-10-08,Nao,Morno,Ativo
L-6762,2025-05-12,Nao,Morno,Ativo
L-3433,2026-01-17,Sim,Morno,Ativo
L-7363,2025-02-22,Sim,Frio,Inativo
L-2644,2025-04-22,Nao,Morno,Ativo
L-6700,2025-04-03,Nao,Quente,Cancelado
L-4641,2025-08-08,,Frio,Ativo
L-7962,2026-01-29,Nao,Frio,Cancelado
L-3669,2025-05-14,,Morno,Ativo
L-8338,2025-09-01,Sim,Morno,Trial
L-3165,2025-10-02,Nao,Frio,Trial
L-7007,2026-01-09,,Frio,Cancelado
L-9311,2025-10-20,Sim,Quente,Trial
L-8259,2025-07-20,Nao,Morno,Ativo
L-2032,2025-11-28,Nao,Morno,Trial
L-5683,2025-12-08,,Morno,Inativo
L-6690,2025-03-15,Nao,Morno,Inativo
L-1576,2025-02-15,Nao,Morno,Inativo
L-5923,2025-11-27,Sim,Quente,Cancelado
L-6299,2026-01-19,Nao,Morno,Ativo
L-8584,2025-12-24,Sim,Quente,Cancelado
L-2446,1900-01-01,Nao,Morno,Cancelado
L-3152,2025-11-14,Sim,Quente,Cancelado
L-1245,2025-08-20,Nao,Frio,Ativo
L-4690,2025-11-23,Nao,Morno,Ativo
L-8244,2026-01-18,Sim,Morno,Trial
L-3899,2025-07-03,Nao,Frio,Cancelado
L-9009,2026-02-01,Nao,Frio,Ativo
L-9381,2026-02-04,,Frio,Trial
L-8602,2026-01-19,Nao,Quente,Ativo
L-3981,2025-02-13,Sim,Quente,Trial
L-8037,2025-12-11,Nao,Morno,Trial
L-1456,2025-12-22,Sim,Quente,Ativo
L-8183,2025-09-16,Nao,Frio,Trial
L-9783,2025-07-29,Nao,Morno,Trial
L-3765,2025-05-30,Sim,Morno,Cancelado
L-4761,2026-01-26,Nao,Frio,Ativo
L-2202,2026-01-19,Nao,Quente,Ativo
L-5582,2025-04-05,,Morno,Inativo
L-5101,2025-02-22,Nao,Frio,Trial
L-5746,2025-12-26,Nao,Frio,Inativo
L-4461,1900-01-01,Nao,Morno,Ativo
L-6669,2025-04-08,Nao,Morno,Inativo
L-9180,2025-01-22,Sim,Morno,Ativo
L-6409,2025-12-02,Nao,Morno,Inativo
L-1391,2025-01-18,,Frio,Cancelado
L-1908,2025-12-11,Sim,Quente,Ativo
L-1940,2025-11-26,Nao,Frio,Trial
L-8895,2025-11-12,Nao,Frio,Trial
L-3038,2025-01-31,Nao,Frio,Ativo
L-2013,2025-05-03,Sim,Quente,Inativo
L-8878,2025-03-09,Sim,Quente,Trial
L-6022,2025-10-09,Sim,Frio,Ativo
L-9963,2026-01-26,Sim,Quente,Ativo
L-3312,2025-01-20,Nao,Morno,Cancelado
L-2368,2025-02-11,Nao,Morno,Inativo
L-9211,2025-02-26,Sim,Frio,Ativo
L-2989,2025-04-23,Nao,Frio,Trial
L-6175,2025-10-31,Nao,Morno,Ativo
L-2793,2025-05-10,Nao,Morno,Ativo
L-8296,2026-01-05,Nao,Morno,Ativo
L-6073,2025-04-11,Sim,Quente,Trial
L-4182,2025-01-17,Nao,Frio,Cancelado
L-6305,2026-02-05,Sim,Quente,Ativo
L-7846,2025-04-23,Sim,Quente,Ativo
L-6638,2025-11-08,,Morno,Cancelado
L-2917,2025-03-07,Nao,Frio,Trial
L-2912,2025-11-16,Nao,Morno,Ativo
L-9740,2025-10-06,Nao,Frio,Ativo
L-7500,2025-08-10,,Quente,Inativo
L-5287,2025-10-06,Sim,Quente,Cancelado
L-3131,2025-08-18,Sim,Quente,Cancelado
L-7497,2025-05-21,Sim,Quente,Ativo
L-8815,2025-07-27,,Morno,Ativo
L-7324,2026-01-31,,Frio,Ativo
L-7323,2025-01-19,,Frio,Ativo
L-2288,2025-04-30,Nao,Frio,Cancelado
L-9753,2025-12-12,Nao,Morno,Trial
L-3647,2025-02-08,Sim,Quente,Inativo
L-4229,2025-05-23,Sim,Morno,Cancelado
L-9205,2025-07-25,Sim,Quente,Ativo
L-4326,2025-08-08,,Morno,Inativo
L-9855,2025-08-15,Nao,Morno,Ativo
L-8103,2025-06-14,Sim,Quente,Cancelado
L-1382,1900-01-01,Nao,Morno,Cancelado
L-4806,2025-10-22,Sim,Quente,Trial
L-9029,2025-05-20,Nao,Morno,Ativo
L-5905,2025-02-01,Nao,Frio,Ativo
L-2118,2025-11-07,Nao,Frio,Inativo
L-8175,2025-01-21,,Frio,Trial
L-7871,2025-01-21,Sim,Quente,Trial
L-9299,2025-04-03,Nao,Frio,Inativo
L-2696,2025-05-29,Nao,Morno,Cancelado
L-5357,2025-11-12,Nao,Frio,Ativo
L-4478,2025-03-20,Nao,Morno,Trial
L-9718,2025-12-03,Sim,Quente,Trial
L-6711,2025-02-07,Nao,Morno,Trial
L-1507,1900-01-01,Nao,Morno,Trial
L-6982,2025-12-14,Sim,Quente,Cancelado
L-1989,2025-12-19,Sim,Quente,Inativo
L-9233,2025-05-01,Sim,Quente,Cancelado
L-6185,1900-01-01,Sim,Quente,Ativo
L-9083,2026-01-10,Nao,Frio,Cancelado
L-5415,2025-06-15,Sim,Morno,Cancelado
L-9606,2025-03-07,Nao,Frio,Ativo
L-8149,2025-02-23,Sim,Morno,Cancelado
L-1083,2025-10-13,Nao,Frio,Trial
L-6014,2025-11-30,Sim,Morno,Inativo
L-2984,2025-03-27,Nao,Frio,Inativo
L-3256,2025-06-11,Nao,Morno,Trial
L-7495,2025-12-11,Sim,Frio,Inativo
L-2343,2025-11-18,Nao,Morno,Cancelado
L-3984,2025-06-10,Nao,Morno,Ativo
L-9566,2026-01-07,Sim,Quente,Trial
L-8596,2025-12-19,Sim,Quente,Ativo
L-9119,2026-01-14,,Frio,Trial
L-5417,2025-08-17,Nao,Morno,Ativo
L-3924,2025-09-17,Nao,Morno,Ativo
L-5606,2025-11-04,Nao,Frio,Cancelado
L-3982,2025-03-21,Nao,Frio,Trial
L-3331,2025-07-17,Sim,Quente,Trial
L-7014,2025-02-11,Nao,Frio,Ativo
L-7055,2025-10-25,Nao,Morno,Ativo
L-4955,2025-11-28,,Frio,Ativo
L-2854,2025-11-19,Nao,Frio,Ativo
L-8459,2025-04-30,Nao,Frio,Ativo
L-8291,2026-01-08,Nao,Morno,Ativo
L-1352,2025-12-19,Nao,Frio,Ativo
L-6602,2025-01-09,Nao,Frio,Cancelado
L-8380,2025-10-16,Sim,Morno,Trial
L-7089,2025-02-06,Nao,Frio,Cancelado
L-6573,2025-10-07,,Morno,Cancelado
L-3279,2025-08-30,Sim,Quente,Ativo
L-1014,2025-09-25,Sim,Morno,Trial
L-1712,2025-12-25,Sim,Morno,Trial
L-4147,2025-12-04,Sim,Quente,Ativo
L-2239,2025-07-12,Sim,Frio,Cancelado
L-9468,2025-12-29,Nao,Frio,Trial
L-2764,2025-04-06,Sim,Quente,Ativo
L-4817,2025-01-01,Sim,Quente,Trial
L-5357,2025-01-03,Nao,Morno,Trial
L-3604,2025-08-12,Nao,Frio,Cancelado
L-5619,2025-06-23,Nao,Morno,Ativo
L-6727,2025-05-13,,Morno,Inativo
L-9932,2025-05-02,Sim,Quente,Cancelado
L-7109,2025-02-09,Nao,Frio,Trial
L-7907,2026-01-23,Sim,Morno,Ativo
L-8683,2025-12-02,Sim,Frio,Cancelado
L-8091,2025-02-25,Sim,Quente,Trial
L-5083,2025-10-12,Nao,Frio,Ativo
L-4154,2025-08-21,Sim,Morno,Ativo
L-4354,2025-09-09,Sim,Quente,Cancelado
L-6998,2025-06-26,Sim,Quente,Ativo
L-2516,2025-06-09,,Morno,Ativo
L-8272,2025-04-04,Nao,Frio,Trial
L-1043,2025-04-24,Nao,Morno,Ativo
L-9695,2025-06-07,Nao,Morno,Cancelado
L-9938,2025-09-15,Sim,Quente,Cancelado
L-1795,2025-07-17,Sim,Quente,Inativo
L-5977,2025-12-28,Nao,Quente,Cancelado
L-3722,2025-08-13,Sim,Quente,Trial
L-6724,2025-05-12,Nao,Morno,Ativo
L-2385,2025-10-16,Sim,Quente,Trial
L-4367,2025-04-10,Nao,Quente,Ativo
L-1839,2025-08-19,,Morno,Trial
L-7197,2025-09-03,,Frio,Ativo
L-8548,2025-10-09,Sim,Morno,Inativo
L-8299,2025-03-04,Nao,Morno,Trial
L-3902,2026-01-23,Sim,Quente,Ativo
L-7909,2025-09-30,Sim,Quente,Trial
L-5951,2025-04-13,Sim,Quente,Ativo
L-9061,2025-04-07,Sim,Quente,Ativo
L-8955,2025-05-25,Sim,Morno,Trial
L-5237,2025-05-12,Nao,Quente,Ativo
L-7671,2025-09-23,Sim,Morno,Cancelado
L-4285,2026-01-22,Sim,Quente,Trial
L-7327,2025-05-20,Sim,Morno,Cancelado
L-1625,2025-11-29,Sim,Quente,Ativo
L-5605,2025-02-03,Nao,Morno,Trial
L-8405,2025-05-15,Nao,Morno,Trial
L-8313,2025-05-18,Nao,Morno,Ativo
L-1414,2025-12-14,Nao,Morno,Ativo
L-4297,2025-05-23,Sim,Morno,Ativo
L-2991,2026-01-30,Nao,Morno,Ativo
L-5609,2025-02-24,,Morno,Trial
L-1815,2025-06-24,Nao,Morno,Cancelado
L-7110,1900-01-01,Nao,Frio,Trial
L-4203,2025-04-25,Sim,Quente,Ativo
L-5282,2025-08-22,Nao,Morno,Trial
L-6281,2025-07-12,Nao,Quente,Trial
L-2742,2025-03-30,Sim,Frio,Trial
L-9906,2025-08-04,,Frio,Trial
L-1346,2025-02-18,Nao,Morno,Trial
L-8390,2025-02-22,Sim,Quente,Inativo
L-5095,2025-11-13,Sim,Quente,Ativo
L-9633,2025-12-16,Nao,Frio,Ativo
L-4869,2025-03-09,Sim,Quente,Ativo
L-2674,2025-08-14,Nao,Frio,Cancelado
L-5826,2026-01-11,Sim,Morno,Ativo
L-2992,2026-01-13,,Morno,Ativo
L-2049,2025-10-19,Nao,Frio,Ativo
L-4460,2025-10-13,Sim,Morno,Trial
L-7727,2025-06-18,Sim,Quente,Trial
L-2603,2025-01-26,Nao,Morno,Ativo
L-3247,2025-04-10,Nao,Quente,Ativo
L-5205,2026-02-05,Sim,Quente,Ativo
L-9838,2025-09-15,Sim,Morno,Ativo
L-7557,2025-05-03,Sim,Morno,Ativo
L-1977,2025-05-23,Sim,Quente,Ativo
L-5805,2025-11-18,Nao,Frio,Trial
L-5417,2025-01-21,Nao,Frio,Ativo
L-3729,2025-09-07,Nao,Frio,Trial
L-1582,2025-03-12,Nao,Morno,Inativo
L-5732,2025-11-24,Nao,Frio,Ativo
L-7045,2025-11-04,Sim,Morno,Cancelado
L-3449,2025-03-07,Sim,Quente,Ativo
L-4073,2025-05-12,Nao,Frio,Trial
L-1335,2025-03-30,Sim,Frio,Cancelado
L-5275,1900-01-01,,Frio,Cancelado
L-5503,2025-07-06,Nao,Frio,Ativo
L-1924,2025-04-17,Nao,Frio,Ativo
L-9883,2025-05-27,Nao,Quente,Cancelado
L-7376,2025-12-04,Nao,Frio,Ativo
L-9135,2025-02-03,Sim,Morno,Trial
L-7515,2025-10-10,Sim,Quente,Ativo
L-2436,2025-01-15,Sim,Quente,Ativo
L-5223,2025-08-11,Sim,Quente,Trial
L-7533,2025-01-30,Sim,Morno,Trial
L-8674,2025-06-13,Nao,Frio,Cancelado
L-7729,2025-02-05,Sim,Quente,Ativo
L-3270,1900-01-01,Nao,Morno,Cancelado
L-4953,2025-12-08,Nao,Frio,Trial
L-4128,2025-05-11,Nao,Morno,Inativo
L-9651,2025-07-14,Nao,Morno,Cancelado
L-8340,2025-02-10,Nao,Frio,Ativo
L-5547,2025-05-18,Nao,Morno,Ativo
L-9736,2025-12-14,,Quente,Cancelado
L-9172,2025-11-02,Nao,Morno,Cancelado
L-1651,2025-07-17,Nao,Morno,Cancelado
L-6968,2026-01-29,Nao,Morno,Ativo
L-9940,2025-08-24,Nao,Quente,Cancelado
L-1540,2025-04-03,Sim,Quente,Trial
L-1927,2025-07-14,Nao,Frio,Cancelado
L-4927,2025-05-09,Nao,Morno,Trial
L-5309,2025-10-12,Nao,Frio,Cancelado
L-1183,2025-02-12,Nao,Frio,Ativo
L-6847,2025-08-19,Nao,Frio,Trial
L-9105,2025-03-05,Nao,Morno,Cancelado
L-9475,2025-05-31,Sim,Quente,Ativo
L-5898,2026-01-28,Sim,Quente,Ativo
L-9508,2025-06-04,Nao,Frio,Trial
L-5835,2025-09-02,Nao,Morno,Ativo
L-4934,2025-02-23,Nao,Frio,Ativo
L-7198,2025-06-29,,Frio,Ativo
L-4643,2025-06-09,Sim,Morno,Ativo
L-2259,2025-04-21,Nao,Quente,Ativo
L-7958,2025-11-19,,Frio,Ativo
L-5081,2025-03-28,Sim,Morno,Ativo
L-5180,2025-02-04,Nao,Morno,Inativo
L-4159,2025-10-31,,Frio,Ativo
L-9459,2025-09-09,Nao,Quente,Cancelado
L-9163,2025-10-02,Nao,Frio,Trial
L-2985,2025-07-26,Nao,Frio,Trial
L-4075,2025-02-28,Sim,Quente,Ativo
L-5891,2025-11-03,Sim,Quente,Trial
L-3628,2026-01-05,Nao,Frio,Cancelado
L-2176,2025-08-06,Nao,Morno,Cancelado
L-7702,2025-11-06,Nao,Frio,Ativo
L-2068,2025-11-29,Sim,Morno,Trial
L-6372,2025-05-17,Nao,Frio,Trial
L-5523,2025-01-04,Sim,Quente,Cancelado
L-5439,2025-04-01,Nao,Frio,Ativo
L-7663,2025-05-29,,Frio,Cancelado
L-3974,2025-05-19,Sim,Quente,Trial
L-2803,2025-05-28,Sim,Frio,Ativo
L-3856,2025-04-05,Sim,Quente,Ativo
L-9822,2025-03-24,,Frio,Ativo
L-8510,2025-04-18,Sim,Quente,Trial
L-8648,2025-11-03,,Frio,Ativo
L-8519,2025-01-03,Nao,Frio,Ativo
L-2808,2026-02-01,Sim,Quente,Trial
L-7220,2025-09-12,Nao,Frio,Ativo
L-5816,2025-03-20,Sim,Quente,Ativo
L-9790,2025-04-25,Sim,Frio,Inativo
L-2679,2025-07-17,Sim,Morno,Ativo
L-2546,2026-01-14,Sim,Morno,Ativo
L-5957,2025-11-19,Sim,Quente,Cancelado
L-5473,2026-01-25,Nao,Frio,Trial
L-3534,2025-10-03,Sim,Morno,Cancelado
L-3363,2025-11-14,Nao,Morno,Trial
L-1066,2025-05-13,Sim,Quente,Inativo
L-6382,2025-05-29,Nao,Morno,Trial
L-3201,2025-02-17,Nao,Morno,Cancelado
L-2876,2025-03-26,Nao,Frio,Cancelado
L-6271,2025-03-28,Nao,Frio,Cancelado
L-7085,2025-08-04,Sim,Quente,Inativo
L-9980,2025-12-03,Sim,Morno,Ativo
L-8366,2025-10-10,,Frio,Inativo
L-1893,2025-05-13,Nao,Quente,Ativo
L-2734,2025-04-10,Sim,Morno,Trial
L-8326,2025-10-03,Sim,Morno,Ativo
L-5085,2025-03-30,Nao,Morno,Cancelado
L-7567,2025-07-28,Sim,Morno,Trial
L-4770,2025-08-28,,Quente,Cancelado
L-3355,2025-10-09,Sim,Quente,Cancelado
L-4331,2025-05-08,Sim,Morno,Ativo
L-9452,2025-03-02,Nao,Morno,Inativo
L-6090,2025-05-29,Sim,Morno,Ativo
L-1943,2026-01-12,Nao,Quente,Cancelado
L-7717,2026-01-22,Nao,Quente,Trial
L-5728,2025-09-11,Nao,Frio,Ativo
L-4405,2025-12-01,Nao,Frio,Inativo
L-4027,2025-09-17,Nao,Frio,Cancelado
L-7308,1900-01-01,,Morno,Inativo
L-2428,2025-08-10,Nao,Frio,Cancelado
L-9988,2025-11-10,,Morno,Ativo
L-8907,2025-03-19,Nao,Morno,Trial
L-9431,2025-11-02,Sim,Morno,Trial
L-8192,2025-08-07,Sim,Frio,Trial
L-4085,2025-09-02,Nao,Frio,Trial
L-4257,2025-04-19,Nao,Morno,Trial
L-8272,2025-11-24,Nao,Quente,Cancelado
L-2067,2025-04-07,Sim,Quente,Trial
L-7876,2025-06-10,Sim,Quente,Ativo
L-8303,2025-12-12,,Frio,Ativo
L-8250,2025-09-17,Nao,Morno,Cancelado
L-3723,2025-11-04,,Morno,Trial
L-3202,2025-11-22,Nao,Frio,Cancelado
L-1816,2025-11-28,Nao,Morno,Ativo
L-3925,2025-03-18,Sim,Morno,Trial
L-7506,2025-02-19,Nao,Frio,Ativo
L-4356,2025-06-29,Nao,Frio,Inativo
L-7232,2026-01-28,Sim,Quente,Cancelado
L-4302,2025-10-17,Sim,Quente,Cancelado
L-2038,2025-10-05,Nao,Morno,Trial
L-8337,2025-11-04,Nao,Frio,Ativo
L-5131,2025-12-30,Nao,Morno,Ativo
L-9680,2026-01-14,Nao,Frio,Cancelado
L-3941,2025-06-02,Sim,Morno,Inativo
L-4035,2025-06-06,Nao,Frio,Ativo
L-3669,2025-02-14,Nao,Frio,Cancelado
L-7973,2025-12-05,,Morno,Ativo
L-4916,2025-05-22,Sim,Quente,Ativo
L-6031,2025-06-10,Sim,Morno,Ativo
L-6948,2025-08-23,Nao,Frio,Trial
L-3599,2026-01-25,Nao,Frio,Inativo
L-1663,2025-10-08,Sim,Morno,Inativo
L-5750,2025-06-28,Sim,Morno,Trial
L-4100,2025-09-17,,Morno,Ativo
L-5417,2026-01-05,Nao,Frio,Trial
L-3100,2026-01-19,Sim,Quente,Ativo
L-7514,2025-12-26,Nao,Morno,Ativo
L-3842,2025-08-10,Nao,Morno,Inativo
L-3004,2025-06-25,,Frio,Ativo
L-4648,2025-05-13,Nao,Morno,Cancelado
L-3837,2025-08-23,Nao,Frio,Ativo
L-9302,2025-09-14,Nao,Frio,Trial
L-6752,2025-06-30,Nao,Morno,Trial
L-8357,2025-05-25,Sim,Morno,Ativo
L-1062,2025-10-15,Sim,Quente,Cancelado
L-7203,2025-03-21,Sim,Morno,Ativo
L-7002,2025-06-23,,Frio,Trial
L-1119,2025-07-26,Sim,Quente,Trial
L-2783,2025-09-18,Nao,Quente,Trial
L-8252,2025-07-23,Sim,Morno,Ativo
L-2657,2025-05-28,Sim,Quente,Cancelado
L-5128,2025-09-29,Nao,Frio,Ativo
L-8920,1900-01-01,Nao,Morno,Inativo
L-8569,2025-06-22,,Morno,Ativo
L-3626,2025-09-09,,Frio,Trial
L-1459,2025-11-21,Nao,Morno,Ativo
L-5486,2026-01-10,Sim,Quente,Ativo
L-2816,2025-07-15,Nao,Frio,Cancelado
L-3621,2025-10-28,Sim,Morno,Ativo
L-5074,2025-03-26,Sim,Quente,Cancelado
L-2008,2025-08-13,,Quente,Ativo
L-8552,2026-01-26,Sim,Morno,Cancelado
L-2772,2025-01-22,Nao,Quente,Cancelado
L-7625,2026-01-30,Nao,Morno,Ativo
L-2191,2026-01-16,Sim,Frio,Trial
L-8345,2025-09-12,Sim,Morno,Ativo
L-7697,2025-07-18,Nao,Morno,Ativo
L-4320,2025-12-14,Nao,Frio,Ativo
L-2584,2025-10-14,Sim,Quente,Ativo
L-4623,2025-08-14,,Morno,Cancelado
L-7247,2025-08-14,Sim,Morno,Trial
L-2091,2025-06-25,Nao,Frio,Trial
L-2667,2025-08-06,Nao,Morno,Ativo
L-4196,2025-08-13,Nao,Morno,Cancelado
L-1054,2025-07-20,Sim,Quente,Cancelado
L-7122,2025-09-27,Sim,Quente,Inativo
L-5084,2025-05-17,Sim,Morno,Inativo
L-8395,2025-08-22,,Morno,Inativo
L-4421,2025-01-23,Sim,Morno,Trial
L-7621,2025-08-26,Nao,Morno,Ativo
L-7472,2025-12-16,Nao,Morno,Trial
L-3533,2025-12-17,Nao,Frio,Ativo
L-9277,2025-07-05,Sim,Morno,Inativo
L-3884,2025-04-21,Sim,Quente,Cancelado
L-9447,2025-05-26,Nao,Frio,Cancelado
L-5439,2025-12-23,Nao,Frio,Ativo
L-8860,2025-04-15,Nao,Frio,Ativo
L-5821,2025-11-11,Sim,Morno,Ativo
L-9316,2025-10-20,Sim,Morno,Trial
L-4074,2025-07-04,Nao,Frio,Cancelado
L-5764,2025-12-07,Nao,Frio,Inativo
L-4725,2025-12-12,Sim,Morno,Trial
L-4513,2025-11-17,Sim,Morno,Trial
L-1852,2025-04-30,Sim,Quente,Trial
L-5413,2026-01-17,Sim,Quente,Ativo
L-3553,2025-01-17,Nao,Morno,Inativo
L-5524,2026-01-16,Sim,Quente,Ativo
L-6621,2025-02-18,,Frio,Cancelado
L-9411,2025-09-12,,Frio,Trial
L-9426,2025-01-09,Sim,Quente,Cancelado
L-5602,2025-09-06,Nao,Morno,Trial
L-4138,2025-10-03,Nao,Morno,Cancelado
L-3007,2025-09-09,Nao,Quente,Cancelado
L-3096,2025-12-30,Nao,Frio,Trial
L-8850,2025-01-21,Nao,Frio,Cancelado
L-3191,2025-09-03,Nao,Morno,Ativo
L-7539,2025-09-06,Sim,Frio,Trial
L-4559,2025-04-25,Nao,Quente,Ativo
L-5445,2025-03-09,Nao,Morno,Ativo
L-9316,2025-02-01,Sim,Quente,Trial
L-3618,2025-02-13,Sim,Quente,Cancelado
L-4704,2025-09-06,Nao,Frio,Trial
L-2610,2025-08-10,Sim,Quente,Ativo
L-7667,2025-10-06,Nao,Frio,Cancelado
L-9441,2025-01-11,Sim,Quente,Inativo
L-3899,2025-04-27,,Morno,Ativo
L-9791,2025-01-21,Nao,Quente,Ativo
L-3147,2025-04-03,Nao,Morno,Inativo
L-6774,2025-01-20,Nao,Frio,Inativo
L-2632,2025-12-17,Nao,Frio,Ativo
L-7106,2025-01-03,Nao,Morno,Ativo
L-1197,2025-11-24,Nao,Quente,Ativo
L-5426,2025-01-28,Nao,Quente,Ativo
L-7127,2025-07-18,Nao,Morno,Ativo
L-7593,2025-11-02,Nao,Quente,Ativo
L-6812,2025-05-11,Sim,Quente,Ativo
L-9696,2025-08-13,Sim,Quente,Ativo
L-2140,2025-09-01,Nao,Morno,Trial
L-1065,2025-01-21,Sim,Quente,Ativo
L-6412,2025-02-05,Nao,Frio,Trial
L-1484,1900-01-01,Nao,Frio,Trial
L-9957,2025-08-06,Nao,Frio,Cancelado
L-8475,2025-08-30,Sim,Morno,Ativo
L-2114,2025-03-30,Nao,Morno,Trial
L-5126,2025-09-30,Nao,Morno,Inativo
L-5757,2025-12-01,Sim,Quente,Cancelado
L-9874,2025-12-18,,Morno,Trial
L-7434,2025-10-02,Sim,Quente,Cancelado
L-7973,2025-03-06,Sim,Quente,Trial
L-8419,2025-03-09,Sim,Morno,Cancelado
L-3667,2025-03-22,Nao,Frio,Trial
L-1820,2025-10-16,Sim,Quente,Ativo
L-3318,2025-09-07,,Morno,Trial
L-1710,2026-01-19,,Frio,Cancelado
L-3132,2025-05-24,Sim,Quente,Trial
L-9972,2025-04-05,Nao,Frio,Trial
L-7626,2025-05-03,Nao,Morno,Trial
L-3271,2025-06-01,Sim,Quente,Ativo
L-1964,2025-12-27,Sim,Quente,Cancelado
L-7294,2025-01-06,Nao,Morno,Ativo
L-5185,2025-01-31,Nao,Morno,Cancelado
L-7474,2025-06-15,Nao,Frio,Trial
L-3350,2025-10-10,Sim,Quente,Trial
L-8352,2025-08-10,Sim,Morno,Cancelado
L-2104,2025-11-17,,Frio,Trial
L-6814,2025-03-04,Nao,Frio,Trial
L-7869,2025-03-19,Sim,Quente,Inativo
L-5876,2025-03-06,Nao,Frio,Trial
L-1981,2025-05-25,Sim,Quente,Ativo
L-1570,2025-08-07,Nao,Frio,Inativo
L-9724,2025-12-11,Sim,Quente,Inativo
L-7417,2025-09-24,Nao,Quente,Ativo
L-6450,2025-06-27,Nao,Morno,Ativo
L-3406,2025-03-22,Sim,Morno,Inativo
L-4887,2025-03-02,Nao,Morno,Cancelado
L-9813,2025-11-21,Nao,Frio,Cancelado
L-4126,2025-07-02,Nao,Frio,Inativo
L-7316,2025-04-22,Nao,Morno,Inativo
L-2328,2025-06-26,Sim,Morno,Ativo
L-2368,2025-02-22,Nao,Frio,Ativo
L-1313,2025-02-06,Sim,Morno,Ativo
L-2991,2026-01-22,Nao,Frio,Ativo
L-8260,2025-08-27,Sim,Quente,Trial
L-8058,2025-05-12,,Quente,Inativo
L-9198,2025-07-05,Sim,Quente,Inativo
L-8802,2025-11-17,Nao,Frio,Trial
L-5924,2025-12-07,Sim,Morno,Cancelado
L-8498,2025-08-31,Nao,Frio,Ativo
L-6385,2025-05-02,Sim,Quente,Cancelado
L-7921,2026-01-14,Nao,Frio,Ativo
L-9022,2025-03-11,Sim,Morno,Inativo
L-7752,2025-07-31,Sim,Quente,Ativo
L-9136,2025-08-02,Sim,Morno,Ativo
L-9959,2025-09-13,Nao,Frio,Cancelado
L-3510,2025-04-10,Nao,Frio,Ativo
L-6776,2025-05-15,Nao,Morno,Trial
L-6335,2026-01-19,Nao,Frio,Trial
L-4896,2025-01-30,Nao,Morno,Trial
L-3981,1900-01-01,Nao,Frio,Ativo
L-2002,2025-12-04,Sim,Quente,Ativo
L-3977,2025-09-11,Nao,Frio,Ativo
L-2362,2025-10-01,Nao,Quente,Cancelado
L-4529,2025-11-23,Nao,Frio,Trial
L-2354,2025-02-03,Nao,Frio,Ativo
L-2433,2025-05-29,Nao,Frio,Trial
L-4540,2025-12-10,Nao,Morno,Cancelado
L-2496,2025-10-29,Nao,Quente,Cancelado
L-5634,2025-01-18,,Frio,Trial
L-4311,2025-05-28,Nao,Frio,Ativo
L-9464,2025-09-27,Nao,Frio,Ativo
L-3794,1900-01-01,Nao,Morno,Trial
L-4944,2025-11-05,Sim,Quente,Trial
L-5933,2025-01-18,Nao,Morno,Inativo
L-5226,2025-12-03,Nao,Morno,Trial
L-7966,2026-01-04,Nao,Morno,Cancelado
L-6363,2026-01-24,Nao,Morno,Trial
L-8268,2025-05-12,,Frio,Ativo
L-8755,2025-11-15,Sim,Morno,Trial
L-8639,2025-01-02,Nao,Frio,Ativo
L-1752,2025-09-13,Nao,Morno,Trial
L-2230,2025-02-24,Sim,Frio,Inativo
L-4220,2025-01-22,Sim,Quente,Ativo
L-3926,2025-02-28,,Morno,Ativo
L-8683,2025-02-25,,Frio,Trial
L-7673,2025-08-29,Nao,Frio,Trial
L-9239,2026-01-09,Nao,Morno,Cancelado
L-2059,2025-09-03,Nao,Morno,Ativo
L-9774,2025-05-18,Nao,Frio,Trial
L-4773,2025-02-28,Sim,Quente,Inativo
L-9346,2025-12-26,Sim,Morno,Ativo
L-6729,2025-04-15,Sim,Quente,Ativo
L-1555,2025-08-22,,Morno,Trial
L-9988,2025-04-29,Sim,Morno,Ativo
L-1356,1900-01-01,Sim,Morno,Inativo
L-6235,2025-06-25,Sim,Quente,Ativo
L-8590,2025-06-30,Nao,Morno,Cancelado
L-5555,2025-09-14,Nao,Frio,Ativo
L-1419,2025-12-14,Sim,Morno,Cancelado
L-2709,2025-02-02,Nao,Frio,Ativo
L-1896,2025-02-09,Nao,Frio,Trial
L-3260,2025-01-07,Nao,Frio,Inativo
L-4652,2025-10-16,Sim,Quente,Trial
L-6988,2025-09-23,Nao,Morno,Trial
L-8216,2026-01-02,Nao,Morno,Trial
L-5637,2025-03-05,Sim,Quente,Trial
L-1607,2026-01-07,Sim,Morno,Trial
L-7266,2025-06-28,Nao,Frio,Trial
L-6871,2025-06-09,Sim,Quente,Cancelado
L-4590,2025-11-29,Sim,Quente,Inativo
L-9072,2025-07-06,Nao,Frio,Ativo
L-2115,2025-12-28,Nao,Frio,Cancelado
L-4288,2025-03-07,Nao,Morno,Inativo
L-9730,2025-07-26,Sim,Quente,Cancelado
L-8718,2025-05-29,Nao,Quente,Cancelado
L-9611,2025-02-08,,Morno,Trial
L-7564,2025-12-04,Sim,Morno,Inativo
L-3479,2025-04-04,Nao,Morno,Cancelado
L-3323,2025-08-03,Sim,Quente,Trial
L-3945,2025-07-02,,Frio,Cancelado
L-4276,2025-12-29,Nao,Morno,Trial
L-9654,2025-03-01,Nao,Morno,Ativo
L-9023,2025-03-13,Sim,Quente,Ativo
L-6337,2025-04-10,Nao,Frio,Trial
L-4894,2025-04-13,Nao,Frio,Trial
L-6359,2025-05-05,Sim,Quente,Trial
L-6118,2025-09-25,,Quente,Trial
L-5948,2025-09-06,Nao,Morno,Trial
L-1679,2025-05-28,Nao,Frio,Trial
L-8357,2025-10-24,Nao,Frio,Trial
L-9707,2025-11-06,Nao,Quente,Ativo
L-2576,2025-09-29,Nao,Morno,Inativo
L-2513,2025-08-23,Nao,Morno,Ativo
L-4748,2025-01-14,Sim,Morno,Trial
L-4733,2025-07-12,Sim,Quente,Ativo
L-8318,2025-07-08,Nao,Quente,Ativo
L-2190,2025-02-03,Sim,Quente,Trial
L-7075,2025-11-10,Sim,Quente,Cancelado
L-2380,2025-11-18,Nao,Frio,Ativo
L-2388,2025-07-14,Nao,Frio,Cancelado
L-7134,2025-12-13,Nao,Frio,Ativo
L-2837,2026-01-24,Sim,Quente,Cancelado
L-6985,2025-03-15,Nao,Frio,Cancelado
L-9982,2025-12-09,Sim,Quente,Inativo
L-7860,2026-01-14,Nao,Morno,Inativo
L-9904,2026-01-28,,Frio,Cancelado
L-1965,2025-10-11,Sim,Morno,Inativo
L-5989,2025-03-07,Nao,Morno,Ativo
L-3805,2025-09-03,Sim,Morno,Ativo
L-7621,2025-12-17,Sim,Morno,Ativo
L-7837,2025-08-03,Nao,Frio,Inativo
L-8383,2025-11-21,Nao,Frio,Ativo
L-6653,2025-08-22,Sim,Morno,Trial
L-2217,2025-12-11,Sim,Morno,Trial
L-1658,2025-02-16,Nao,Morno,Trial
L-5398,2025-01-31,Sim,Morno,Trial
L-1477,2025-10-14,Nao,Morno,Trial
L-6246,2025-10-31,Sim,Quente,Cancelado
L-5769,2025-08-01,Nao,Frio,Trial
L-4817,2025-04-14,Sim,Morno,Trial
L-4747,2025-01-11,Nao,Quente,Ativo
L-9100,2025-02-24,Nao,Morno,Ativo
L-3215,2025-07-26,Nao,Frio,Ativo
L-3762,2025-08-03,Nao,Morno,Ativo
L-2806,2025-12-05,Nao,Morno,Trial
L-5881,2025-11-09,Nao,Frio,Inativo
L-7231,2025-09-11,Sim,Quente,Trial
L-4882,2025-08-31,Nao,Frio,Trial
L-5668,1900-01-01,Sim,Quente,Ativo
L-3387,2025-07-27,Nao,Morno,Trial
L-7775,2025-11-27,Nao,Morno,Cancelado
L-8367,2025-11-01,Sim,Quente,Trial
L-3369,2025-11-20,Nao,Quente,Cancelado
L-5934,2025-04-29,Sim,Quente,Cancelado
L-7952,2025-08-10,,Frio,Inativo
L-9972,2025-11-28,Nao,Morno,Trial
L-9845,2025-11-13,Nao,Frio,Trial
L-9918,2025-06-12,Nao,Morno,Trial
L-1749,2025-10-21,Sim,Morno,Trial
L-9717,2025-08-02,Nao,Frio,Ativo
L-1655,2025-07-21,,Frio,Cancelado
L-2217,2025-07-06,Nao,Morno,Ativo
L-3869,2025-10-19,Nao,Frio,Ativo
L-2685,2025-02-07,Sim,Quente,Trial
L-2849,2025-09-30,Sim,Quente,Ativo
L-9867,1900-01-01,Sim,Quente,Ativo
L-1077,2025-05-23,,Frio,Ativo
L-1501,2025-01-10,Nao,Frio,Inativo
L-2748,2025-07-30,Nao,Frio,Trial
L-6282,2025-08-09,,Frio,Trial
L-7968,2025-11-22,Sim,Quente,Ativo
L-6487,2025-04-27,Nao,Quente,Trial
L-6966,2025-06-26,Sim,Quente,Trial
L-2665,2025-09-26,Nao,Morno,Cancelado
L-3721,2025-11-21,,Morno,Cancelado
L-3807,2025-06-25,Nao,Frio,Ativo
L-6235,2025-05-23,Nao,Quente,Ativo
L-9502,2025-02-22,Nao,Morno,Trial
L-1197,2025-10-17,Sim,Quente,Ativo
L-7770,2025-05-04,Sim,Quente,Ativo
L-1227,2025-07-16,Sim,Quente,Ativo
L-1347,2025-08-30,Sim,Quente,Ativo
L-8415,2026-01-16,Sim,Quente,Cancelado
L-3519,2026-01-26,Sim,Quente,Trial
L-5108,2025-06-21,Sim,Frio,Cancelado
L-6499,2025-08-10,Sim,Quente,Ativo
L-5141,2025-07-22,Nao,Morno,Trial
L-2843,2026-01-02,Nao,Frio,Inativo
L-5404,2025-04-06,Sim,Quente,Ativo
L-2083,2025-02-19,Nao,Frio,Inativo
L-5020,2025-05-29,Nao,Morno,Trial
L-1207,2025-12-23,Nao,Frio,Ativo
L-1700,2025-09-06,Nao,Morno,Cancelado
L-6796,2025-03-09,Nao,Frio,Cancelado
L-2802,2025-01-07,Sim,Quente,Cancelado
L-2863,2025-09-24,Nao,Frio,Trial
L-4454,2025-02-03,Nao,Frio,Trial
L-8839,2025-10-14,Nao,Frio,Ativo
L-7213,2025-07-27,Sim,Quente,Inativo
L-3548,2025-10-18,Sim,Frio,Ativo
L-1082,2025-06-12,Nao,Morno,Ativo
L-3536,2025-12-12,Sim,Morno,Ativo
L-2711,2025-03-24,Nao,Frio,Ativo
L-1532,2025-07-21,,Frio,Ativo
L-5308,2025-04-29,Nao,Morno,Ativo
L-8804,2025-03-16,Nao,Frio,Ativo
L-4176,1900-01-01,,Frio,Ativo
L-8139,2025-08-16,Nao,Morno,Inativo
L-6362,2025-06-18,Sim,Quente,Ativo
L-6402,2025-02-09,Nao,Frio,Ativo
L-3228,2025-08-04,Sim,Quente,Ativo
L-2607,2025-11-21,Nao,Frio,Trial
L-9739,2026-01-25,Sim,Quente,Ativo
L-9072,2025-11-19,Nao,Frio,Ativo
L-4193,2025-03-29,Nao,Frio,Trial
L-2157,2025-11-04,Sim,Morno,Cancelado
L-8155,2025-06-17,,Morno,Trial
L-9566,2025-01-03,Nao,Quente,Ativo
L-2825,2025-05-03,Sim,Morno,Ativo
L-9277,2025-12-03,Nao,Frio,Cancelado
L-8701,2025-03-17,Nao,Frio,Trial
L-7051,2025-09-28,,Frio,Ativo
L-3842,2025-08-06,Sim,Quente,Trial
L-5050,2025-09-21,Nao,Morno,Cancelado
L-5572,2025-08-04,Sim,Morno,Ativo
L-5503,2025-02-19,Sim,Frio,Ativo
L-1672,2025-06-26,,Frio,Trial
L-9746,2025-10-03,,Morno,Ativo
L-4675,2025-11-29,Sim,Quente,Ativo
L-9383,2025-07-08,Sim,Morno,Inativo
L-2406,2025-05-29,Nao,Morno,Trial
L-4518,2025-07-02,Nao,Frio,Ativo
L-7459,2025-06-06,Nao,Morno,Cancelado
L-6199,2025-11-30,Sim,Quente,Trial
L-8925,1900-01-01,Nao,Morno,Ativo
L-9236,2025-10-26,Sim,Morno,Ativo
L-8815,2025-05-25,Nao,Morno,Trial
L-4304,2025-05-19,Sim,Morno,Ativo
L-7415,2025-07-02,Nao,Frio,Cancelado
L-2020,2025-07-31,Sim,Morno,Inativo
L-4128,2025-12-25,Sim,Morno,Trial
L-4238,2025-10-23,Nao,Morno,Trial
L-2694,2025-11-16,Sim,Quente,Ativo
L-1510,2025-05-08,Nao,Morno,Cancelado
L-6321,2025-11-21,Nao,Frio,Ativo
L-8814,2026-01-24,Nao,Frio,Trial
L-7703,2025-10-28,Sim,Morno,Ativo
L-6895,2025-09-06,,Frio,Ativo
L-4792,2025-11-10,Sim,Quente,Ativo
L-4079,2025-02-16,Nao,Quente,Cancelado
L-2937,2025-08-27,Sim,Quente,Ativo
L-3024,2025-05-24,Sim,Frio,Ativo
L-5778,2025-03-13,Nao,Frio,Trial
L-1350,2025-07-22,Nao,Morno,Ativo
L-6988,2025-04-23,Sim,Quente,Trial
L-8962,2025-02-05,Sim,Quente,Cancelado
L-1282,2026-01-10,Sim,Quente,Inativo
L-9317,2025-08-06,Sim,Morno,Trial
L-1139,2025-07-12,Nao,Morno,Trial
L-1404,2025-02-12,Nao,Frio,Trial
L-9131,2025-12-11,,Frio,Cancelado
L-1766,2025-12-01,Sim,Frio,Inativo
L-1883,2025-09-01,Nao,Frio,Trial
L-3944,2026-01-12,Nao,Frio,Ativo
L-5533,2025-04-07,Sim,Morno,Cancelado
L-3248,2025-11-12,Nao,Morno,Inativo
L-6633,2025-11-21,Sim,Morno,Ativo
L-8730,2025-02-17,Sim,Quente,Ativo
L-8978,2025-11-30,Nao,Frio,Ativo
L-5681,2025-01-29,Nao,Frio,Trial
L-2719,2025-12-12,,Morno,Cancelado
L-4902,2025-12-08,Nao,Frio,Ativo
L-7280,2025-10-20,Nao,Frio,Trial
L-3055,2025-10-23,,Frio,Trial
L-5907,2026-02-05,,Frio,Cancelado
L-2355,2025-03-31,Nao,Quente,Ativo
L-8767,2025-05-18,Nao,Frio,Inativo
L-6633,2025-06-07,Sim,Quente,Inativo
L-2174,2025-01-25,Sim,Quente,Cancelado
L-8758,2025-02-28,Sim,Frio,Inativo
L-4732,2025-08-10,,Frio,Inativo
L-2021,2025-11-10,Sim,Morno,Trial
L-7766,2025-10-16,Sim,Frio,Ativo
L-9804,2025-09-22,Sim,Quente,Ativo
L-4436,2025-02-15,Sim,Morno,Ativo
L-5336,2025-01-03,Sim,Quente,Ativo
L-5062,2025-07-13,Nao,Frio,Ativo
L-1807,2025-12-27,Nao,Morno,Cancelado
L-7758,2025-11-12,Sim,Quente,Ativo
L-7148,2025-05-14,,Frio,Trial
L-3550,2025-10-17,Sim,Quente,Inativo
L-5980,2025-11-02,Nao,Morno,Trial
L-6703,2025-10-06,Sim,Quente,Ativo
L-1360,2025-02-15,,Frio,Cancelado
L-1129,2025-08-04,Sim,Frio,Inativo
L-9102,2025-10-20,Nao,Frio,Trial
L-9295,2025-07-24,Nao,Frio,Ativo
L-2591,2025-09-09,Nao,Frio,Cancelado
L-7630,2026-01-10,Nao,Frio,Cancelado
L-5496,2025-06-15,Nao,Frio,Ativo
L-1483,2025-11-23,Nao,Frio,Ativo
L-9828,2025-04-04,Sim,Quente,Ativo
L-9325,2025-08-13,Sim,Morno,Ativo
L-6579,2025-06-21,Sim,Quente,Ativo
L-4824,2025-02-17,Sim,Morno,Ativo
L-9792,2025-08-30,Nao,Quente,Trial
L-6475,2025-09-10,Sim,Morno,Cancelado
L-6967,2025-01-06,,Morno,Trial
L-1508,2025-04-02,Nao,Morno,Inativo
L-5707,2025-04-24,Nao,Frio,Ativo
L-8521,2025-12-26,Nao,Morno,Ativo
L-7524,2025-03-18,Sim,Morno,Ativo
L-8642,2025-01-07,Nao,Frio,Ativo
L-8626,2025-06-23,Nao,Frio,Trial
L-4086,2025-07-29,Sim,Quente,Ativo
L-3584,2025-12-06,Sim,Quente,Ativo
L-4431,2025-10-17,Nao,Frio,Ativo
L-8330,2025-10-11,Nao,Frio,Trial
L-4326,2025-07-22,Nao,Frio,Cancelado
L-3669,2025-12-18,Nao,Frio,Cancelado
L-1090,2025-03-24,Nao,Frio,Ativo
L-4248,2025-03-14,Sim,Quente,Trial
L-1899,2025-03-16,Sim,Quente,Ativo
L-6964,2025-07-14,Nao,Morno,Ativo
L-7016,2025-02-10,Sim,Quente,Cancelado
L-2377,2026-01-15,Sim,Quente,Trial
L-9445,2025-09-24,Sim,Morno,Ativo
L-5679,2025-04-12,Nao,Frio,Inativo
L-5009,2025-03-07,Sim,Frio,Ativo
L-4146,2025-09-18,Nao,Frio,Cancelado
L-3868,2025-04-17,Sim,Quente,Cancelado
L-4715,2025-02-11,Sim,Quente,Trial
L-6528,2025-07-16,,Frio,Ativo
L-7936,2025-05-07,,Frio,Cancelado
L-8752,2025-02-18,Sim,Morno,Ativo
L-5662,2025-06-01,Sim,Quente,Trial
L-1628,2026-02-02,Sim,Frio,Trial
L-5081,2025-12-14,Nao,Frio,Trial
L-5641,2025-10-14,Nao,Frio,Inativo
L-4095,2025-12-04,Nao,Frio,Ativo
L-8990,2025-08-06,Nao,Frio,Ativo
L-6315,2025-05-10,,Frio,Cancelado
L-8742,2025-02-02,Nao,Frio,Cancelado
L-9419,2025-10-17,,Morno,Cancelado
L-7637,2025-12-18,Nao,Frio,Trial
L-8930,2025-06-21,Nao,Frio,Trial
L-9117,2025-10-15,Nao,Morno,Trial
L-5809,2025-03-12,Sim,Morno,Cancelado
L-1974,2025-12-16,Nao,Frio,Inativo
L-7228,2025-03-25,Sim,Frio,Ativo
L-1820,2025-02-23,Nao,Frio,Inativo
L-4171,2025-11-09,Nao,Frio,Ativo
L-3701,2025-11-20,Sim,Quente,Ativo
L-7058,2025-04-18,Sim,Morno,Inativo
L-9498,2025-05-26,Nao,Frio,Ativo
L-6101,2025-10-21,,Quente,Inativo
L-8914,2025-12-08,Nao,Frio,Ativo
L-9669,2025-11-23,Nao,Frio,Ativo
L-7078,2025-08-17,Nao,Frio,Ativo
L-1426,2025-03-16,Nao,Morno,Trial
L-4604,2025-10-13,Sim,Quente,Cancelado
L-9868,2025-07-18,Sim,Quente,Ativo
L-5611,2025-06-14,Sim,Quente,Ativo
L-7534,2025-11-21,Nao,Frio,Cancelado
L-9192,2025-03-12,Nao,Quente,Ativo
L-8410,2025-12-13,Sim,Quente,Inativo
L-1124,2026-02-04,Sim,Frio,Ativo
L-9975,2025-03-12,Sim,Morno,Ativo
L-9854,2025-11-12,Nao,Morno,Inativo
L-3372,2025-03-09,Sim,Morno,Ativo
L-9871,2025-11-13,Sim,Morno,Trial
L-1261,2025-10-04,Nao,Frio,Ativo
L-2820,2025-05-02,Nao,Frio,Trial
L-6779,2025-01-15,Nao,Morno,Trial
L-6855,2025-04-23,Sim,Morno,Trial
L-5525,2025-03-07,,Frio,Cancelado
L-7681,2025-08-08,Nao,Morno,Ativo
L-5550,2026-01-28,Nao,Quente,Trial
L-6199,2025-05-23,Sim,Quente,Ativo
L-4860,2026-01-05,Nao,Morno,Cancelado
L-2191,2025-09-19,Nao,Frio,Trial
L-1043,2025-11-23,Nao,Frio,Ativo
L-6460,2025-04-05,Sim,Quente,Trial
L-9584,2025-12-21,Nao,Morno,Cancelado
L-2077,2025-09-06,,Frio,Ativo
L-2132,2026-02-05,Nao,Morno,Trial
L-8777,2025-01-02,Sim,Frio,Inativo
L-2165,2025-10-04,Sim,Quente,Trial
L-9844,2025-12-08,Nao,Frio,Trial
L-5592,2025-01-17,Nao,Morno,Trial
L-7108,2025-06-19,Sim,Morno,Ativo
L-3071,2025-12-11,Nao,Morno,Ativo
L-9722,2025-12-28,Nao,Frio,Trial
L-1605,2025-08-21,Sim,Morno,Trial
L-6355,2025-12-05,,Frio,Trial
L-5816,2025-01-28,Nao,Morno,Inativo
L-2456,2025-02-16,Sim,Morno,Inativo
L-6241,2025-10-31,Nao,Morno,Ativo
L-8431,2025-09-22,Nao,Morno,Cancelado
L-8409,2025-02-13,Nao,Morno,Cancelado
L-2454,2025-01-08,Nao,Frio,Ativo
L-4650,2025-04-19,Nao,Frio,Trial
L-8578,2025-04-12,Nao,Frio,Cancelado
L-1211,2025-04-19,Nao,Frio,Cancelado
L-7286,2025-11-14,Sim,Morno,Trial
L-4235,2025-11-22,Nao,Frio,Cancelado
L-5605,2025-07-01,,Morno,Trial
L-1351,2025-07-10,Sim,Frio,Cancelado
L-6168,2025-04-16,Sim,Frio,Ativo
L-3193,2025-03-26,Nao,Frio,Cancelado
L-7405,2025-03-02,Sim,Quente,Inativo
L-9902,2025-10-17,Nao,Frio,Inativo
L-6520,2025-08-17,Nao,Morno,Ativo
L-5346,2026-01-16,Nao,Frio,Ativo
L-7695,2025-02-20,Nao,Morno,Trial
L-1378,2025-08-07,Nao,Morno,Ativo
L-1401,2025-06-05,Nao,Morno,Ativo
L-5472,1900-01-01,,Frio,Ativo
L-5024,2025-07-11,Sim,Frio,Cancelado
L-1151,2025-01-01,Nao,Morno,Trial
L-3311,2025-02-20,Sim,Morno,Inativo
L-6523,2025-12-13,Sim,Frio,Trial
L-9399,2025-10-22,Sim,Quente,Ativo
L-5731,2025-09-26,Nao,Morno,Inativo
L-7814,2025-04-20,Sim,Frio,Trial
L-5258,2025-03-12,Nao,Morno,Trial
L-6364,2025-11-04,Sim,Morno,Ativo
L-2691,2025-12-31,Sim,Quente,Trial
L-5036,2025-05-06,Sim,Morno,Trial
L-5807,2025-11-05,Nao,Frio,Trial
L-6798,2025-05-02,Sim,Morno,Ativo
L-7171,2026-01-19,Nao,Frio,Cancelado
L-4851,2025-05-29,Nao,Frio,Ativo
L-8231,2025-04-13,Sim,Quente,Ativo
L-3246,2025-12-24,Sim,Quente,Cancelado
L-6088,2025-05-25,Nao,Morno,Ativo
L-6738,2025-12-26,Sim,Quente,Trial
L-8119,2025-01-09,Nao,Frio,Trial
L-3613,2025-10-17,Nao,Frio,Cancelado
L-7708,2025-05-04,Nao,Morno,Trial
L-3380,2025-04-25,Nao,Morno,Trial
L-8566,2025-03-28,Sim,Morno,Inativo
L-4039,2025-02-13,Sim,Quente,Trial
L-8417,2025-09-14,Nao,Frio,Trial
L-4927,2025-04-08,Nao,Frio,Inativo
L-5934,2025-03-19,Nao,Frio,Inativo
L-7636,2025-02-28,Nao,Frio,Ativo
L-9727,2025-03-30,Nao,Frio,Ativo
L-7081,2025-08-28,Nao,Morno,Trial
L-8873,2025-07-01,Sim,Morno,Trial
L-7606,2025-09-02,Sim,Frio,Ativo
L-8089,2025-12-22,Sim,Quente,Ativo
L-9487,2025-09-07,Nao,Frio,Ativo
L-3374,2025-05-10,Nao,Morno,Ativo
L-2997,2025-02-09,Nao,Frio,Inativo
L-2218,2025-02-18,Nao,Morno,Ativo
L-4449,2025-02-06,,Frio,Cancelado
L-5462,2025-12-02,Nao,Frio,Ativo
L-3950,2026-02-01,Sim,Quente,Ativo
L-4048,2025-11-19,Nao,Frio,Inativo
L-3551,2026-01-10,Nao,Frio,Ativo
L-3891,2025-01-12,,Morno,Trial
L-4897,2025-05-10,Nao,Morno,Ativo
L-4530,2025-11-28,,Quente,Ativo
L-3715,2025-03-23,Nao,Morno,Ativo
L-3008,2025-06-08,,Frio,Trial
L-7639,2025-10-09,Sim,Morno,Ativo
L-4372,2025-09-12,Nao,Morno,Ativo
L-4896,2025-10-07,Nao,Morno,Trial
L-1940,2026-02-01,,Frio,Ativo
L-2478,2025-05-07,Sim,Quente,Inativo
L-7955,2026-01-27,,Frio,Ativo
L-3556,2025-08-08,,Quente,Cancelado
L-4573,1900-01-01,Nao,Morno,Cancelado
L-9244,2025-05-09,Sim,Quente,Trial
L-9234,2025-08-30,Nao,Frio,Trial
L-7488,2025-10-12,Sim,Morno,Trial
L-9572,1900-01-01,,Morno,Ativo
L-9977,2025-04-21,Nao,Quente,Trial
L-9178,2026-01-01,Nao,Frio,Inativo
L-7392,2025-04-22,Sim,Quente,Ativo
L-6447,2025-09-02,Sim,Morno,Cancelado
L-8637,2025-03-15,Sim,Quente,Ativo
L-1765,2025-08-15,Nao,Morno,Trial
L-4694,2025-01-13,Sim,Morno,Cancelado
L-9419,2025-11-20,Nao,Quente,Trial
L-8284,2025-07-19,Nao,Morno,Ativo
L-3387,2025-07-13,Nao,Morno,Cancelado
L-6487,2025-06-28,Nao,Morno,Cancelado
L-5870,2025-01-23,Nao,Frio,Cancelado
L-5105,2025-07-17,Nao,Frio,Cancelado
L-3059,2025-02-20,Nao,Frio,Trial
L-2874,2025-03-17,Nao,Frio,Inativo
L-1186,2025-12-31,Sim,Quente,Ativo
L-5594,2025-06-16,Sim,Quente,Trial
L-6496,2025-10-30,Nao,Morno,Ativo
L-9235,2025-11-19,Sim,Frio,Cancelado
L-7249,2025-11-30,Nao,Frio,Inativo
L-8279,2025-01-03,Sim,Frio,Ativo
L-2278,2025-02-24,Sim,Morno,Trial
L-2531,2025-07-11,Sim,Quente,Trial
L-7267,2025-06-04,Nao,Frio,Ativo
L-3488,2025-12-26,,Frio,Trial
L-4383,2025-01-21,Sim,Morno,Cancelado
L-9082,2026-02-02,Sim,Quente,Ativo
L-8721,2025-12-10,Sim,Quente,Inativo
L-8883,2025-01-25,Sim,Morno,Ativo
L-9329,2025-04-27,Nao,Frio,Cancelado
L-1652,2026-02-03,Sim,Morno,Trial
L-8279,2025-07-30,Sim,Quente,Inativo
L-8668,2025-06-24,Nao,Morno,Trial
L-9547,2025-02-02,Sim,Morno,Ativo
L-9193,2025-11-01,Nao,Frio,Trial
L-9524,2025-03-26,Nao,Frio,Trial
L-7246,2025-03-03,Nao,Morno,Trial
L-3275,2025-12-07,Sim,Quente,Ativo
L-5528,2025-05-10,Sim,Morno,Inativo
L-9466,2025-08-26,Nao,Quente,Trial
L-9418,2025-10-30,Nao,Morno,Ativo
L-2301,2025-04-02,,Morno,Cancelado
L-6221,2026-02-05,,Frio,Trial
L-5700,2025-02-11,Nao,Morno,Ativo
L-7551,2025-05-01,Sim,Frio,Inativo
L-6988,2026-01-25,,Morno,Ativo
L-3279,2026-02-03,Nao,Frio,Ativo
L-4324,2025-12-26,Nao,Morno,Inativo
L-5138,2025-03-22,,Frio,Trial
L-5523,2025-01-18,Nao,Morno,Trial
L-7516,2025-09-09,Sim,Morno,Ativo
L-3891,2025-08-22,Nao,Frio,Ativo
L-3624,2025-08-06,Sim,Morno,Trial
L-6185,2025-06-01,Nao,Quente,Cancelado
L-8405,2025-11-05,Sim,Morno,Ativo
L-4641,2025-03-03,Nao,Morno,Ativo
L-6180,2025-12-17,Nao,Frio,Ativo
L-8534,2025-06-08,Nao,Frio,Trial
L-3510,2025-03-26,,Frio,Trial
L-4445,2025-05-30,Nao,Quente,Ativo
L-5979,2025-04-10,Sim,Quente,Cancelado
L-2304,2025-04-19,Nao,Frio,Trial
L-4734,2025-11-19,Nao,Frio,Ativo
L-8416,2025-01-16,Sim,Quente,Ativo
L-1565,2025-07-31,Nao,Quente,Cancelado
L-6700,2025-09-02,Nao,Quente,Ativo
L-3911,2025-06-24,Sim,Quente,Ativo
L-2275,2025-05-26,Sim,Morno,Ativo
L-2722,2025-08-20,Sim,Quente,Trial
L-3142,2025-09-26,Nao,Quente,Trial
L-4320,2025-01-30,Nao,Frio,Ativo
L-7568,2025-01-28,Sim,Frio,Ativo
L-6096,2025-03-19,Sim,Quente,Cancelado
L-1573,2025-03-09,Nao,Frio,Cancelado
L-4381,2025-03-13,Sim,Quente,Ativo
L-8105,2025-01-03,Sim,Quente,Trial
L-8346,2025-02-06,Nao,Frio,Trial
L-6389,2025-11-07,Nao,Frio,Cancelado
L-1025,2025-08-29,Nao,Frio,Trial
L-7046,2025-04-06,Sim,Quente,Ativo
L-5703,2025-10-05,Nao,Morno,Ativo
L-3725,2025-10-07,Nao,Morno,Ativo
L-9096,2025-09-19,,Morno,Cancelado
L-3607,2025-10-18,Sim,Quente,Cancelado
L-2781,2025-02-28,Nao,Frio,Trial
L-9065,2025-04-14,Nao,Frio,Trial
L-9881,2025-12-25,Sim,Quente,Ativo
L-7541,2025-06-19,Sim,Morno,Trial
L-5295,2025-05-06,Nao,Morno,Trial
L-6935,2025-08-18,Sim,Quente,Inativo
L-8212,2025-06-05,Nao,Morno,Ativo
L-3459,2025-02-07,Nao,Morno,Inativo
L-9322,2026-01-01,Nao,Morno,Ativo
L-1355,2025-05-16,Nao,Morno,Ativo
L-1689,2025-01-11,Nao,Morno,Trial
L-8895,2025-10-31,Nao,Frio,Ativo
L-7228,2025-07-16,Nao,Frio,Ativo
L-4162,2025-06-04,Sim,Quente,Cancelado
L-1562,2025-08-13,Nao,Frio,Trial
L-9500,2026-01-24,Sim,Morno,Ativo
L-4797,2025-02-22,,Frio,Ativo
L-4190,2025-03-05,Nao,Frio,Inativo
L-9198,2025-12-21,,Morno,Trial
L-1851,2025-08-22,Nao,Frio,Cancelado
L-2459,2025-07-06,Nao,Frio,Cancelado
L-6010,2025-03-09,Sim,Morno,Inativo
L-6937,2025-03-19,Nao,Morno,Ativo
L-1553,2025-07-07,Sim,Morno,Cancelado
L-7648,2025-09-14,Nao,Morno,Inativo
L-1727,2025-09-13,Nao,Frio,Ativo
L-3326,2025-05-06,Sim,Morno,Cancelado
L-5743,2025-07-18,Nao,Frio,Trial
L-9480,2025-12-30,Nao,Frio,Trial
L-9791,2025-05-23,Sim,Morno,Ativo
L-5375,2026-01-12,Sim,Quente,Ativo
L-2231,2025-12-13,Sim,Quente,Ativo
L-7876,2026-01-28,Nao,Quente,Cancelado
L-3721,2025-11-29,Sim,Morno,Ativo
L-3205,2026-01-31,Nao,Frio,Ativo
L-7971,2026-01-14,Nao,Frio,Trial
L-8682,2025-04-26,Nao,Quente,Ativo
L-9558,2025-05-02,Sim,Frio,Cancelado
L-7198,2025-02-28,Sim,Frio,Trial
L-2025,2025-03-01,Nao,Morno,Inativo
L-9972,2025-08-16,,Morno,Ativo
L-1101,2025-10-02,Sim,Quente,Ativo
L-3941,2025-08-01,,Quente,Ativo
L-3960,2025-01-13,Sim,Quente,Ativo
L-2994,2025-01-03,Nao,Morno,Cancelado
L-3373,2025-01-15,Nao,Frio,Ativo
L-8798,2025-12-16,Nao,Quente,Ativo
L-3290,2025-04-17,Sim,Quente,Ativo
L-4538,2026-01-10,Nao,Frio,Cancelado
L-4559,2025-05-07,,Frio,Ativo
L-9703,2025-07-26,Sim,Quente,Trial
L-7406,2025-06-09,,Morno,Trial
L-2103,2026-02-01,,Frio,Trial
L-6857,2025-04-13,Nao,Morno,Ativo
L-6137,2025-11-29,Sim,Quente,Inativo
L-3376,2025-12-08,Nao,Morno,Ativo
L-8623,2025-12-05,Nao,Morno,Trial
L-9866,2025-04-27,Nao,Frio,Ativo
L-1970,2025-05-23,,Morno,Ativo
L-8314,2025-04-02,Nao,Morno,Cancelado
L-9345,2025-10-16,Nao,Frio,Ativo
L-6293,2025-11-26,Sim,Quente,Inativo
L-8415,2025-03-24,,Morno,Ativo
L-5661,2025-04-26,Sim,Quente,Ativo
L-3679,2025-04-26,Nao,Frio,Ativo
L-5338,2026-01-21,Nao,Frio,Cancelado
L-7266,1900-01-01,Nao,Frio,Trial
L-4149,2025-08-16,Nao,Frio,Ativo
L-1860,2025-06-12,Nao,Frio,Cancelado
L-2952,2025-09-12,Nao,Frio,Ativo
L-4741,2025-02-03,Sim,Quente,Trial
L-4053,2025-11-13,Sim,Quente,Ativo
L-8212,2025-11-14,Nao,Morno,Inativo
L-2807,2025-04-30,Sim,Quente,Inativo
L-2984,2025-01-16,Nao,Frio,Ativo
L-1524,2025-01-12,Sim,Morno,Ativo
L-7876,2025-04-28,Nao,Quente,Cancelado
L-7559,2025-07-24,Sim,Quente,Ativo
L-9151,2025-05-30,Nao,Frio,Trial
L-8568,2025-08-18,Nao,Frio,Ativo
L-2518,2025-06-12,Nao,Frio,Cancelado
L-6399,2025-09-12,Nao,Frio,Ativo
L-2224,2025-11-07,Sim,Quente,Trial
L-9915,2025-04-07,Nao,Morno,Trial
L-4290,2025-06-27,Nao,Morno,Cancelado
L-7312,2025-02-19,,Morno,Trial
L-4661,2025-02-15,Nao,Morno,Ativo
L-8910,2025-04-29,Nao,Frio,Ativo
L-4684,2026-01-27,Sim,Quente,Trial
L-6705,2025-12-31,Nao,Morno,Cancelado
L-6442,2025-11-09,Nao,Morno,Inativo
L-4882,2025-11-20,Nao,Frio,Cancelado
L-1807,2025-10-24,Sim,Morno,Ativo
L-8446,2025-03-31,Sim,Quente,Ativo
L-9184,2025-12-19,Sim,Quente,Ativo
L-4745,2025-03-21,Sim,Quente,Ativo
L-4794,2025-10-28,Nao,Morno,Ativo
L-8273,2025-03-25,Nao,Frio,Cancelado
L-3868,2025-05-10,Sim,Quente,Trial
L-9652,2025-06-25,Nao,Frio,Ativo
L-4878,2025-08-15,Nao,Morno,Trial
L-9139,2025-06-07,Nao,Frio,Ativo
L-1665,2025-01-29,Sim,Quente,Ativo
L-6442,2025-01-30,Nao,Frio,Ativo
L-6785,2025-01-12,Sim,Morno,Trial
L-7957,2025-09-15,Nao,Morno,Cancelado
L-3858,2026-01-26,Sim,Quente,Ativo
L-9584,2025-08-31,Nao,Frio,Ativo
L-2306,2025-05-21,Nao,Morno,Ativo
L-6590,2025-12-15,Sim,Morno,Ativo
L-2423,2025-11-29,Sim,Morno,Ativo
L-5154,2025-07-18,Nao,Morno,Trial
L-7823,2025-05-19,Sim,Frio,Trial
L-4876,2025-04-30,Sim,Quente,Trial
L-7545,2025-02-25,Nao,Morno,Ativo
L-5236,2025-09-20,Nao,Frio,Ativo
L-7818,2025-11-25,Nao,Frio,Trial
L-2472,2025-04-02,Nao,Morno,Trial
L-7210,2025-06-20,Nao,Morno,Inativo
L-3066,2025-06-23,Nao,Frio,Cancelado
L-7003,2025-02-01,Nao,Morno,Cancelado
L-9839,2025-10-29,Sim,Quente,Trial
L-4206,2025-03-16,Nao,Morno,Ativo
L-1618,2025-02-17,Nao,Frio,Ativo
L-1833,2025-01-29,Sim,Morno,Ativo
L-4626,2025-06-21,Sim,Quente,Inativo
L-3582,2026-01-15,Nao,Morno,Ativo
L-6996,2025-03-31,Nao,Morno,Cancelado
L-4302,2025-06-09,,Frio,Cancelado
L-2949,2025-10-10,,Frio,Cancelado
L-8971,2025-02-23,Nao,Frio,Cancelado
L-3706,2025-04-01,Sim,Quente,Trial
L-4633,2025-04-21,Sim,Morno,Trial
L-1042,2025-04-17,Nao,Morno,Trial
L-2269,2025-06-05,Sim,Quente,Trial
L-9803,2025-01-06,Nao,Morno,Cancelado
L-7286,2025-10-06,Nao,Frio,Ativo
L-8806,2025-05-09,Nao,Frio,Trial
L-2987,2025-02-14,Nao,Frio,Inativo
L-6703,2025-05-31,Sim,Quente,Ativo
L-3257,2025-07-09,Sim,Quente,Cancelado
L-7387,2025-05-07,Nao,Frio,Trial
L-5075,2025-11-17,Nao,Morno,Trial
L-8031,2025-07-22,Sim,Quente,Ativo
L-9985,2025-10-15,Sim,Morno,Cancelado
L-2338,2025-07-21,Sim,Quente,Ativo
L-7132,2025-12-27,Nao,Quente,Trial
L-8917,2025-11-30,Sim,Quente,Trial
L-1409,2025-09-12,Nao,Frio,Ativo
L-6595,2026-01-07,Sim,Quente,Ativo
L-4786,2025-05-01,Nao,Morno,Ativo
L-3274,2025-04-12,Sim,Quente,Ativo
L-2691,2025-09-03,Nao,Morno,Cancelado
L-7428,2025-07-28,,Frio,Ativo
L-4005,2025-12-17,Nao,Frio,Trial
L-9844,2025-07-12,Sim,Morno,Inativo
L-8161,2025-05-24,Sim,Quente,Trial
L-5531,2025-05-03,Sim,Morno,Trial
L-9451,2025-06-11,,Frio,Trial
L-8720,2025-01-22,Sim,Morno,Ativo
L-4108,2025-02-21,Nao,Morno,Cancelado
L-9443,2025-06-12,Nao,Frio,Cancelado
L-8124,2025-01-24,Nao,Morno,Ativo
L-6671,2025-07-28,Sim,Quente,Cancelado
L-5611,2025-01-21,Sim,Quente,Inativo
L-8247,2025-09-17,Sim,Morno,Inativo
L-3969,2025-03-27,Sim,Quente,Ativo
L-7706,2025-01-01,Sim,Morno,Trial
L-2431,2025-04-06,Nao,Morno,Cancelado
L-5311,2025-08-28,,Quente,Ativo
L-2326,2025-08-15,,Frio,Ativo
L-6846,2025-06-16,Nao,Frio,Inativo
L-2646,2025-07-17,Sim,Morno,Ativo
L-5097,2025-03-08,Nao,Morno,Ativo
L-8845,2025-10-15,Nao,Frio,Cancelado
L-9127,2026-01-20,Nao,Frio,Ativo
L-5961,2026-01-07,Sim,Quente,Cancelado
L-4437,2025-12-21,Sim,Quente,Inativo
L-1263,2025-12-07,Nao,Frio,Trial
L-4366,2025-08-21,Sim,Morno,Trial
L-1236,2025-06-16,Sim,Quente,Inativo
L-1309,2025-10-13,,Frio,Ativo
L-8043,2025-04-10,Sim,Morno,Ativo
L-1408,2025-12-29,Nao,Frio,Cancelado
L-5153,2025-01-07,Sim,Quente,Ativo
L-3244,2025-09-15,Nao,Quente,Cancelado
L-7948,2025-04-01,Sim,Quente,Ativo
L-9670,2025-02-13,Sim,Quente,Ativo
L-9993,2025-04-23,Nao,Quente,Ativo
L-1836,2025-01-08,Nao,Frio,Cancelado
L-7301,2025-10-21,,Frio,Cancelado
L-4664,2025-03-06,Nao,Morno,Ativo
L-6432,2025-07-22,Sim,Morno,Ativo
L-7494,2025-07-08,,Quente,Trial
L-9921,2025-08-20,,Frio,Trial
L-4805,2025-11-11,Sim,Quente,Ativo
L-3065,2025-05-29,Nao,Frio,Trial
L-5969,2025-01-15,,Morno,Trial
L-5063,2025-12-21,Nao,Morno,Cancelado
L-4640,1900-01-01,Sim,Morno,Trial
L-2228,2025-05-25,Sim,Quente,Inativo
L-6088,2025-12-28,,Morno,Ativo
L-8717,2025-06-21,Sim,Quente,Trial
L-6056,2026-01-14,Sim,Quente,Ativo
L-8898,2025-01-02,Nao,Quente,Trial
L-9763,2025-07-09,Nao,Morno,Cancelado
L-1177,2025-02-22,Sim,Quente,Trial
L-4634,2025-02-28,Nao,Frio,Ativo
L-6936,2025-06-08,Nao,Frio,Ativo
L-9448,2025-02-10,,Quente,Trial
L-1287,1900-01-01,Nao,Quente,Trial
L-5549,2025-05-13,,Morno,Ativo
L-9141,2025-09-27,Nao,Frio,Trial
L-1085,2026-01-13,Nao,Frio,Ativo
L-4266,2025-06-27,Sim,Quente,Trial
L-5890,2025-05-02,Sim,Frio,Trial
L-8495,2025-11-08,Sim,Quente,Cancelado
L-1553,2025-07-03,Nao,Frio,Inativo
L-5559,2025-04-02,Nao,Frio,Ativo
L-2774,2025-10-15,Sim,Quente,Inativo
L-3380,2025-10-29,Sim,Quente,Trial
L-9787,2025-01-26,Nao,Morno,Cancelado
L-8770,2025-11-25,Nao,Frio,Cancelado
L-3705,2025-08-30,Nao,Morno,Trial
L-2027,2025-04-21,Sim,Quente,Ativo
L-2581,2025-10-16,Sim,Quente,Trial
L-6158,2025-03-26,Sim,Morno,Trial
L-5042,2025-03-23,Nao,Morno,Cancelado
L-5878,2025-06-17,Sim,Morno,Ativo
L-7974,2025-03-04,Sim,Quente,Cancelado
L-3078,2025-11-02,Sim,Quente,Ativo
L-9659,2025-12-16,Sim,Morno,Ativo
L-6266,2025-05-21,Sim,Quente,Inativo
L-2885,2025-10-07,Nao,Morno,Trial
L-5196,2025-05-16,Nao,Frio,Trial
L-8652,2025-12-01,Sim,Morno,Ativo
L-6375,2026-01-17,Sim,Morno,Inativo
L-7485,2025-12-08,Sim,Quente,Ativo
L-8648,2025-07-13,Nao,Frio,Trial
L-9590,2025-04-17,,Morno,Ativo
L-1967,2025-10-19,Nao,Morno,Ativo
L-3773,2025-08-17,Sim,Morno,Trial
L-6379,2025-06-27,Nao,Quente,Ativo
L-8521,2025-12-13,Nao,Frio,Cancelado
L-3376,2025-12-01,Sim,Morno,Cancelado
L-1014,2025-01-04,Nao,Morno,Trial
L-2861,2025-11-21,Sim,Quente,Ativo
L-2305,2025-04-16,Sim,Quente,Ativo
L-2801,2025-04-26,Nao,Morno,Ativo
L-3915,2025-07-10,,Frio,Cancelado
L-7959,2025-12-28,Sim,Quente,Ativo
L-9755,2025-05-28,Nao,Frio,Ativo
L-4962,2025-04-11,,Frio,Ativo
L-7257,2025-08-27,Nao,Morno,Ativo
L-8475,2025-03-02,Sim,Morno,Ativo
L-6861,2025-07-27,Nao,Frio,Ativo
L-7061,2025-06-19,Nao,Morno,Inativo
L-2264,2026-01-31,Nao,Morno,Trial
L-6840,2026-01-12,Sim,Morno,Ativo
L-8030,2025-05-25,Sim,Quente,Ativo
L-3494,2025-08-05,,Morno,Trial
L-9598,2025-03-17,Nao,Frio,Ativo
L-4493,2026-01-22,Sim,Quente,Trial
L-8318,2025-06-15,Nao,Frio,Ativo
L-2875,2025-02-08,Sim,Morno,Cancelado
L-8863,2025-01-04,Nao,Morno,Ativo
L-6788,2025-06-06,Sim,Quente,Ativo
L-4718,2025-06-14,Sim,Quente,Ativo
L-5965,2025-08-30,Sim,Quente,Trial
L-8242,2025-02-28,Sim,Morno,Trial
L-5433,2025-10-20,,Morno,Ativo
L-9155,2025-03-09,Sim,Morno,Ativo
L-8605,2025-11-21,Sim,Frio,Trial
L-7039,2025-02-14,Sim,Quente,Trial
L-3682,2025-03-16,Nao,Morno,Inativo
L-5083,2025-07-11,Sim,Frio,Ativo
L-5694,2025-04-21,Nao,Morno,Trial
L-9877,2025-03-14,Nao,Morno,Ativo
L-1004,2025-12-04,Sim,Quente,Cancelado
L-7349,2025-11-26,Nao,Frio,Cancelado
L-9537,2025-03-07,Sim,Quente,Inativo
L-9314,2025-11-12,Sim,Quente,Ativo
L-7551,2025-04-12,Sim,Quente,Ativo
L-1497,2025-05-16,,Frio,Ativo
L-2106,2025-07-01,Sim,Quente,Ativo
L-3123,2025-11-22,Nao,Morno,Ativo
L-8750,2025-01-22,,Morno,Ativo
L-7212,2025-08-08,Sim,Frio,Trial
L-6703,2025-07-24,Nao,Frio,Trial
L-3654,2025-06-05,Sim,Frio,Cancelado
L-7107,2025-04-24,Nao,Frio,Trial
L-9149,2025-06-26,Nao,Frio,Ativo
L-3511,2025-05-11,,Frio,Ativo
L-4168,2025-02-17,Nao,Frio,Trial
L-9466,2025-01-07,Sim,Quente,Trial
L-4766,2025-12-30,Sim,Morno,Ativo
L-4997,2025-07-07,Sim,Frio,Ativo
L-6936,2025-05-11,Nao,Frio,Trial
L-5367,2025-06-26,Sim,Quente,Ativo
L-3803,2025-09-12,Sim,Quente,Trial
L-5834,2026-01-19,Nao,Frio,Cancelado
L-1619,2025-03-13,Sim,Morno,Trial
L-9905,2025-02-13,,Frio,Ativo
L-7565,2025-05-13,Nao,Morno,Ativo
L-2420,2025-07-21,,Frio,Trial
L-8943,2025-09-07,Sim,Frio,Ativo
L-8439,2025-03-31,Nao,Frio,Trial
L-3282,2025-10-08,Sim,Quente,Cancelado
L-1653,2025-02-24,Sim,Quente,Ativo
L-5448,2025-12-08,Sim,Morno,Cancelado
L-4159,2025-09-25,Nao,Morno,Cancelado
L-3290,2025-01-01,Nao,Frio,Ativo
L-6370,2025-03-17,Sim,Quente,Trial
L-4312,2025-07-24,Nao,Frio,Ativo
L-3271,2025-09-29,Sim,Quente,Cancelado
L-6158,2026-01-31,Nao,Morno,Trial
L-4435,2025-05-23,Nao,Morno,Ativo
L-9538,2025-10-06,,Morno,Inativo
L-6349,2025-06-30,Sim,Quente,Trial
L-6649,2025-05-24,Nao,Frio,Trial
L-9881,2025-08-14,Nao,Frio,Cancelado
L-5229,2025-05-18,Sim,Morno,Cancelado
L-9797,2025-06-17,Sim,Morno,Ativo
L-9159,2025-04-10,Sim,Quente,Ativo
L-6019,2025-07-29,Sim,Quente,Ativo
L-7653,2025-12-04,Sim,Quente,Inativo
L-8115,2025-11-01,Sim,Quente,Trial
L-5749,2025-07-30,,Frio,Trial
L-8139,2025-05-08,Nao,Morno,Cancelado
L-9513,2025-11-18,Nao,Morno,Cancelado
L-2599,2025-05-26,,Morno,Ativo
L-7323,2025-03-27,Sim,Morno,Ativo
L-2714,2025-03-11,Sim,Quente,Inativo
L-8374,2025-11-05,Nao,Frio,Ativo
L-5458,2025-04-20,,Morno,Ativo
L-4031,2025-06-01,Nao,Frio,Trial
L-2635,2025-10-17,Sim,Quente,Cancelado
L-6772,2025-09-05,Nao,Frio,Ativo
L-9283,2025-01-03,Sim,Quente,Cancelado
L-8858,2025-11-11,Sim,Quente,Trial
L-4870,2026-01-03,,Morno,Trial
L-6417,2025-03-31,Nao,Morno,Ativo
L-3246,2025-01-25,Nao,Frio,Cancelado
L-3560,2025-11-11,Nao,Frio,Ativo
L-4961,2025-09-23,Sim,Quente,Ativo
L-3033,2025-09-17,Sim,Morno,Cancelado
L-6967,2025-07-31,,Quente,Trial
L-2724,1900-01-01,Sim,Morno,Cancelado
L-4314,2025-06-08,,Morno,Trial
L-6741,2026-01-22,Nao,Frio,Ativo
L-2366,2025-04-02,Nao,Quente,Ativo
L-8214,2025-01-25,Sim,Frio,Ativo
L-1330,2025-01-26,Sim,Morno,Cancelado
L-3524,2025-03-27,Nao,Morno,Ativo
L-4962,2025-11-18,Nao,Morno,Ativo
L-9018,2025-03-20,Nao,Frio,Ativo
L-4389,2025-03-23,Nao,Quente,Inativo
L-4191,2025-12-08,Nao,Morno,Cancelado
L-2219,2025-04-01,,Frio,Trial
L-3771,2025-07-15,Nao,Morno,Ativo
L-9966,2025-01-30,Nao,Morno,Inativo
L-4494,2025-02-06,Nao,Morno,Ativo
L-3081,2025-11-16,Nao,Frio,Trial
L-6635,2025-12-22,Nao,Morno,Trial
L-2253,2025-11-03,Sim,Quente,Ativo
L-7957,2025-11-26,Sim,Quente,Trial
L-2628,2025-01-30,Sim,Morno,Ativo
L-4183,2025-05-02,Sim,Quente,Ativo
L-8193,2025-01-14,Sim,Morno,Cancelado
L-9939,2025-03-01,Nao,Frio,Ativo
L-6918,2025-10-23,Nao,Morno,Trial
L-6134,2025-08-24,Nao,Frio,Inativo
L-6632,2025-12-29,Nao,Quente,Ativo
L-5212,2025-08-05,Nao,Morno,Trial
L-5328,2025-11-30,Sim,Morno,Ativo
L-9237,2025-07-25,Nao,Frio,Ativo
L-2619,2025-03-04,Nao,Frio,Inativo
L-2186,2025-08-03,Sim,Quente,Trial
L-5318,2025-09-08,Sim,Frio,Ativo
L-7258,2025-01-24,Nao,Frio,Ativo
L-8047,2025-03-01,Nao,Morno,Trial
L-8304,2025-12-29,Sim,Quente,Cancelado
L-1596,2025-02-18,Nao,Morno,Ativo
L-3186,2025-08-03,Nao,Morno,Ativo
L-1674,2025-04-13,Nao,Morno,Ativo
L-7131,2026-01-27,Sim,Frio,Ativo
L-8715,2025-01-01,Nao,Frio,Ativo
L-3306,2025-05-26,Nao,Frio,Trial
L-3560,2025-11-14,Sim,Quente,Inativo
L-9881,2025-11-10,Nao,Morno,Cancelado
L-3458,2025-08-10,Nao,Frio,Inativo
L-8101,2025-05-22,Nao,Morno,Ativo
L-9518,2025-06-15,Sim,Quente,Ativo
L-9171,2025-06-29,Sim,Quente,Ativo
L-4148,2025-10-19,Sim,Quente,Ativo
L-8572,2025-09-24,Nao,Frio,Ativo
L-3785,2025-10-30,Nao,Frio,Trial
L-9853,2025-09-30,Nao,Quente,Cancelado
L-3518,2026-01-21,Nao,Morno,Ativo
L-9663,2026-02-01,Nao,Morno,Ativo
L-9128,2025-09-21,Sim,Morno,Cancelado
L-4924,2025-07-07,Nao,Frio,Trial
L-4062,2025-07-16,Sim,Quente,Trial
L-8625,2025-04-12,Nao,Frio,Inativo
L-8321,2025-05-30,Nao,Quente,Trial
L-5692,2025-10-18,Nao,Quente,Inativo
L-5670,2025-06-03,Nao,Frio,Ativo
L-9444,2025-08-04,Sim,Quente,Ativo
L-7222,2025-06-25,Sim,Morno,Cancelado
L-8526,2025-01-15,Sim,Frio,Ativo
L-1027,2026-01-23,Sim,Morno,Cancelado
L-5706,2026-01-27,Nao,Morno,Ativo
L-9444,2025-01-04,Sim,Quente,Trial
L-5107,2025-05-03,Nao,Frio,Ativo
L-5392,2025-09-27,Nao,Frio,Inativo
L-3822,2025-01-05,Nao,Frio,Ativo
L-2305,2025-07-05,Sim,Quente,Cancelado
L-4369,2025-08-10,Nao,Frio,Ativo
L-5959,2025-04-15,Nao,Morno,Ativo
L-4337,2025-11-17,Nao,Frio,Cancelado
L-8788,2025-02-11,Sim,Quente,Trial
L-2364,2025-01-26,Nao,Frio,Ativo
L-8603,2026-01-24,Nao,Morno,Cancelado
L-1645,2025-01-23,Nao,Frio,Cancelado
L-5002,2025-11-15,Sim,Morno,Trial
L-2680,2025-12-03,Nao,Morno,Cancelado
L-4355,2025-10-16,Sim,Quente,Inativo
L-8631,2025-04-18,Sim,Frio,Trial
L-6747,2026-01-04,Nao,Quente,Trial
L-2508,2025-12-09,Sim,Quente,Cancelado
L-7329,2026-02-04,Sim,Quente,Ativo
L-5063,2025-12-10,,Morno,Cancelado
L-6576,2025-08-02,Sim,Quente,Trial
L-7003,2025-10-30,Sim,Quente,Cancelado
L-8838,2025-04-01,Nao,Frio,Ativo
L-9663,2025-06-14,Sim,Morno,Cancelado
L-8120,2025-12-18,Sim,Morno,Trial
L-5283,2025-06-16,Sim,Frio,Ativo
L-8264,2025-11-11,Nao,Frio,Cancelado
L-1963,2025-04-09,,Quente,Trial
L-9462,2025-01-18,Nao,Frio,Inativo
L-5996,2025-04-02,Sim,Quente,Cancelado
L-5321,2025-01-08,Sim,Quente,Ativo
L-7568,2025-12-19,Sim,Quente,Inativo
L-3409,2026-01-07,Nao,Frio,Cancelado
L-9735,2025-10-12,Sim,Quente,Cancelado
L-6922,2025-10-11,Nao,Morno,Cancelado
L-3457,2025-04-08,Sim,Quente,Trial
L-4263,2025-07-03,Nao,Morno,Trial
L-9273,2025-12-20,Nao,Morno,Cancelado
L-3832,2025-11-20,Nao,Frio,Cancelado
L-6272,2025-05-07,Nao,Morno,Ativo
L-7127,2025-06-29,,Frio,Trial
L-2399,2025-05-22,Nao,Morno,Ativo
L-1891,2025-11-13,Sim,Quente,Trial
L-8246,2025-02-24,Nao,Frio,Inativo
L-1594,2025-10-13,,Frio,Trial
L-9668,2025-11-05,Nao,Morno,Trial
L-3166,2025-06-08,Sim,Morno,Ativo
L-7235,2025-03-23,Sim,Quente,Inativo
L-2546,2025-02-13,Nao,Frio,Trial
L-5126,2026-01-08,,Morno,Cancelado
L-8279,2025-10-13,,Frio,Trial
L-5752,2025-04-09,Nao,Morno,Ativo
L-1957,2025-04-29,Nao,Morno,Ativo
L-1519,2025-02-08,Sim,Quente,Ativo
L-1981,2025-04-20,Nao,Morno,Cancelado
L-5855,2025-03-05,Nao,Frio,Cancelado
L-8327,2025-12-02,Sim,Morno,Trial
L-6014,2025-03-05,Sim,Morno,Ativo
L-7662,2025-12-01,Nao,Quente,Trial
L-3840,2025-06-16,Nao,Frio,Trial
L-1553,2025-07-30,Sim,Quente,Ativo
L-4907,2025-06-15,Nao,Quente,Ativo
L-7350,2025-10-27,Nao,Morno,Trial
L-5666,2025-10-06,Nao,Morno,Ativo
L-2027,2025-11-23,,Morno,Trial
L-7476,2026-01-30,Nao,Frio,Trial
L-2129,2025-12-26,Sim,Quente,Trial
L-3485,2025-11-22,Nao,Frio,Trial
L-1889,1900-01-01,,Frio,Ativo
L-2643,2025-11-02,Sim,Quente,Ativo
L-5752,2025-09-20,Nao,Quente,Inativo
L-9988,2025-07-11,Nao,Morno,Ativo
L-3663,2025-07-18,Sim,Quente,Trial
L-7579,2025-05-01,Sim,Quente,Ativo
L-1925,2025-12-05,Nao,Morno,Cancelado
L-6126,2025-05-28,Nao,Frio,Ativo
L-2321,2025-05-24,Sim,Quente,Ativo
L-2246,2025-05-24,,Frio,Ativo
L-1676,2025-03-22,Sim,Quente,Ativo
L-8459,2025-02-05,Nao,Morno,Trial
L-7398,2025-08-11,Nao,Morno,Cancelado
L-7350,2025-05-17,Nao,Frio,Trial
L-8776,2025-10-06,Sim,Morno,Ativo
L-8160,2025-10-24,Nao,Frio,Cancelado
L-8933,2025-12-31,Nao,Frio,Cancelado
L-1527,2025-12-19,Sim,Morno,Ativo
L-8676,2025-07-03,Nao,Quente,Ativo
L-1455,2025-07-20,Sim,Quente,Trial
L-2748,2025-04-06,Sim,Morno,Ativo
L-7174,2025-02-17,Sim,Morno,Ativo
L-9714,2025-07-17,Nao,Frio,Ativo
L-2340,2025-10-01,Sim,Quente,Inativo
L-3155,2025-04-11,Nao,Morno,Ativo
L-5938,2025-05-30,Nao,Frio,Inativo
L-2419,2025-06-06,Nao,Frio,Trial
L-3648,2025-06-26,Nao,Frio,Ativo
L-4448,2025-10-26,Nao,Morno,Cancelado
L-7793,2025-04-16,Sim,Morno,Ativo
L-5266,2025-05-19,Nao,Frio,Ativo
L-7682,2025-11-14,Nao,Morno,Inativo
L-6769,2025-01-31,Sim,Frio,Inativo
L-8980,2025-03-31,,Frio,Ativo
L-4010,2025-01-07,Nao,Frio,Ativo
L-4130,2025-09-19,Sim,Quente,Ativo
L-4207,2026-01-26,,Frio,Ativo
L-5567,2025-03-08,Sim,Quente,Ativo
L-7741,2025-01-15,Nao,Morno,Ativo
L-1565,2025-10-12,Nao,Morno,Trial
L-6591,2026-01-31,Sim,Quente,Ativo
L-8287,2025-08-19,Nao,Morno,Trial
L-6817,2025-03-10,Nao,Frio,Ativo
L-3963,2025-09-09,Nao,Frio,Trial
L-8933,2025-06-25,Nao,Quente,Ativo
L-7851,2025-06-01,Nao,Morno,Trial
L-3734,2025-03-28,Nao,Morno,Trial
L-4865,2025-08-02,,Frio,Ativo
L-5427,2025-06-14,Sim,Quente,Ativo
L-5057,2025-10-18,Nao,Frio,Trial
L-2727,2025-06-15,Sim,Quente,Ativo
L-5048,2025-01-27,Nao,Morno,Trial
L-6735,2025-02-22,Sim,Morno,Ativo
L-2840,2025-09-16,Nao,Morno,Ativo
L-8160,2025-02-26,Sim,Morno,Ativo
L-2740,2025-06-21,,Morno,Trial
L-6549,2025-03-09,Nao,Morno,Ativo
L-2699,2026-01-28,Sim,Frio,Ativo
L-9169,2025-06-02,Nao,Quente,Ativo
L-8211,2025-06-20,Nao,Frio,Trial
L-4344,2025-05-27,Nao,Frio,Ativo
L-4319,2025-12-15,Nao,Frio,Inativo
L-6183,2025-03-15,Nao,Frio,Trial
L-1166,1900-01-01,,Frio,Ativo
L-8584,2025-10-05,Nao,Frio,Trial
L-7635,2025-03-03,Nao,Morno,Trial
L-7276,2025-04-28,Sim,Quente,Inativo
L-1274,2025-09-04,Sim,Morno,Trial
L-7047,2025-09-05,Sim,Quente,Ativo
L-7283,2025-05-27,Nao,Frio,Cancelado
L-1147,2026-01-04,,Quente,Trial
L-7688,2026-01-05,Nao,Morno,Cancelado
L-1620,2025-11-06,Nao,Frio,Trial
L-7739,2025-03-03,Nao,Frio,Cancelado
L-7957,2025-07-25,,Frio,Ativo
L-6801,2025-07-16,Sim,Quente,Trial
L-5575,2025-02-20,Nao,Morno,Inativo
L-3378,2025-06-22,Nao,Quente,Trial
L-7224,2025-01-26,Nao,Frio,Cancelado
L-7601,2025-04-02,Nao,Morno,Cancelado
L-1721,2025-09-22,Nao,Frio,Inativo
L-9335,2025-12-27,Nao,Frio,Trial
L-5831,2026-01-20,,Frio,Ativo
L-8265,2025-10-29,Sim,Morno,Ativo
L-3479,2025-11-08,,Morno,Cancelado
L-5468,2025-05-22,,Morno,Ativo
L-1102,2026-01-25,Nao,Frio,Ativo
L-1611,2025-11-13,Nao,Frio,Ativo
L-8174,2025-08-16,,Morno,Trial
L-2807,2025-04-01,Nao,Frio,Ativo
L-7202,2025-11-18,Sim,Quente,Ativo
L-5324,2025-02-27,Nao,Quente,Cancelado
L-8541,2026-01-03,Sim,Quente,Trial
L-1506,2025-12-27,Nao,Quente,Inativo
L-5787,2025-09-02,Nao,Quente,Cancelado
L-1151,2025-07-06,Nao,Quente,Ativo
L-3084,2025-09-20,Sim,Morno,Inativo
L-6734,2025-11-18,,Morno,Cancelado
L-3893,2025-07-12,Sim,Quente,Ativo
L-6593,2025-04-25,Sim,Quente,Ativo
L-8021,2025-04-15,Nao,Frio,Cancelado
L-2438,2025-05-08,Nao,Frio,Ativo
L-2581,2025-07-02,Nao,Morno,Trial
L-4183,2025-05-04,Nao,Frio,Cancelado
L-9018,2025-03-26,Sim,Morno,Inativo
L-5111,2025-05-12,,Frio,Ativo
L-8452,2025-11-02,Sim,Quente,Ativo
L-3468,2025-09-23,Sim,Quente,Cancelado
L-4154,2025-05-30,Nao,Morno,Ativo
L-9029,2025-05-19,Sim,Quente,Cancelado
L-4105,2025-10-06,Nao,Morno,Trial
L-3128,2025-01-01,Sim,Quente,Cancelado
L-6031,2025-05-07,Nao,Morno,Inativo
L-8268,2025-12-15,,Frio,Cancelado
L-3220,2025-09-22,Nao,Morno,Trial
L-6829,2026-01-03,,Morno,Ativo
L-1754,2025-03-31,Sim,Quente,Cancelado
L-8031,2025-02-16,Sim,Morno,Ativo
L-1775,2025-09-24,Nao,Morno,Ativo
L-1260,2025-07-19,,Frio,Trial
L-5009,2025-04-09,Sim,Morno,Cancelado
L-3651,2025-04-10,Nao,Morno,Trial
L-2213,2025-07-06,Nao,Frio,Cancelado
L-2444,2025-06-01,,Frio,Ativo
L-6957,2025-03-28,Nao,Frio,Inativo
L-8538,2025-07-10,Nao,Frio,Cancelado
L-3263,2025-01-08,Sim,Morno,Trial
L-5306,2025-09-17,Sim,Frio,Ativo
L-1111,2025-09-12,Sim,Quente,Trial
L-1260,2025-02-05,Nao,Frio,Cancelado
L-2775,2025-02-17,Nao,Frio,Cancelado
L-9516,2026-01-31,Sim,Quente,Ativo
L-7265,2025-03-16,Sim,Quente,Inativo
L-3112,2025-08-11,Nao,Frio,Ativo
L-5715,2025-10-14,Sim,Quente,Trial
L-5418,2025-08-20,Sim,Quente,Trial
L-5097,2025-08-18,Sim,Quente,Trial
L-5976,2025-03-03,Sim,Quente,Trial
L-1094,2025-06-28,Sim,Quente,Trial
L-9382,2025-01-27,Sim,Morno,Trial
L-9152,2025-05-01,Nao,Frio,Trial
L-1443,2025-08-29,Nao,Frio,Ativo
L-8447,2025-01-05,Nao,Quente,Trial
L-4845,1900-01-01,,Morno,Ativo
L-6537,2025-03-10,Nao,Frio,Ativo
L-5982,2026-01-14,Nao,Frio,Trial
L-8861,2025-01-31,Nao,Frio,Inativo
L-2413,2025-06-08,Sim,Quente,Trial
L-7960,2026-01-28,Nao,Frio,Ativo
L-5491,2025-06-12,Sim,Quente,Ativo
L-9184,2025-04-25,Nao,Morno,Ativo
L-5770,2025-10-20,Nao,Frio,Trial
L-3523,2025-02-27,Nao,Morno,Trial
L-3753,2025-06-01,Sim,Quente,Cancelado
L-1796,2025-05-22,Sim,Quente,Trial
L-5496,2025-05-15,Nao,Quente,Trial
L-2338,2025-08-28,Sim,Quente,Cancelado
L-7343,2025-12-10,Nao,Morno,Inativo
L-8102,2025-04-06,Nao,Frio,Ativo
L-6280,2026-01-09,Nao,Frio,Ativo
L-2491,2025-02-21,Nao,Frio,Ativo
L-7117,2025-03-11,Sim,Quente,Trial
L-1591,2025-06-25,Nao,Morno,Trial
L-7138,2025-02-12,Sim,Quente,Cancelado
L-6436,2025-03-04,Sim,Quente,Ativo
L-5160,2025-08-21,Nao,Morno,Ativo
L-6320,2025-12-07,Sim,Quente,Trial
L-3145,2026-01-28,Sim,Quente,Ativo
L-8590,1900-01-01,Nao,Frio,Ativo
L-3193,1900-01-01,Nao,Frio,Ativo
L-8730,2026-01-17,Sim,Quente,Ativo
L-4673,2026-02-01,Nao,Morno,Ativo
L-9320,2025-09-18,Sim,Morno,Ativo
L-6459,2025-05-09,Nao,Morno,Ativo
L-4153,2026-01-22,Nao,Frio,Ativo
L-1859,2025-06-06,Sim,Quente,Cancelado
L-9009,2025-06-19,Nao,Frio,Cancelado
L-8481,2025-08-28,Nao,Quente,Ativo
L-9486,2025-08-10,,Frio,Ativo
L-7094,2025-06-25,Nao,Morno,Ativo
L-9153,2025-10-15,Nao,Frio,Trial
L-7541,2025-05-08,Nao,Frio,Inativo
L-4322,2025-01-11,Sim,Quente,Ativo
L-2429,2025-04-13,Sim,Quente,Trial
L-4279,2025-01-11,,Quente,Ativo
L-5174,2025-10-23,Nao,Morno,Trial
L-5958,2025-02-03,Nao,Morno,Cancelado
L-9081,2025-11-28,Nao,Frio,Trial
L-6824,2026-01-30,Nao,Quente,Trial
L-1964,2025-12-30,Nao,Frio,Cancelado
L-7962,2025-11-18,Nao,Frio,Trial
L-7385,2025-10-03,Nao,Morno,Inativo
L-8778,2026-01-09,Nao,Frio,Ativo
L-3300,2025-07-04,Nao,Morno,Ativo
L-2373,2026-02-01,Sim,Morno,Ativo
L-5611,2025-09-02,Nao,Frio,Ativo
L-1507,2025-06-21,,Frio,Ativo
L-6248,2025-04-18,Sim,Morno,Inativo
L-7173,2025-10-21,Nao,Frio,Ativo
L-2124,2025-12-21,Nao,Frio,Trial
L-3206,2025-04-26,Nao,Frio,Cancelado
L-5060,2025-05-16,Sim,Quente,Ativo
L-7165,2026-01-17,Sim,Quente,Trial
L-6715,2025-06-25,Nao,Frio,Cancelado
L-2548,2025-09-09,Sim,Morno,Ativo
L-6062,2026-01-07,Nao,Frio,Cancelado
L-4351,2026-01-17,Nao,Frio,Ativo
L-4434,2025-04-23,Sim,Quente,Ativo
L-6445,2025-12-20,Sim,Quente,Ativo
L-6093,2025-12-22,Nao,Frio,Cancelado
L-3761,2025-06-05,Nao,Frio,Trial
L-9933,2025-03-08,Nao,Frio,Inativo
L-7868,2025-07-14,Sim,Morno,Cancelado
L-5068,2025-05-20,Nao,Frio,Inativo
L-5313,2025-11-30,Sim,Morno,Trial
L-9451,2025-11-28,Nao,Morno,Ativo
L-9017,2025-10-01,Nao,Frio,Ativo
L-8613,2025-12-23,Nao,Morno,Trial
L-9725,2025-03-09,Nao,Morno,Trial
L-6684,2025-01-10,Nao,Frio,Ativo
L-8417,2025-12-08,Sim,Frio,Inativo
L-7210,2025-07-27,Nao,Quente,Trial
L-7857,2025-04-06,Sim,Quente,Ativo
L-5916,2025-05-15,Sim,Quente,Cancelado
L-8728,2025-08-02,Nao,Morno,Trial
L-4817,2025-05-19,Sim,Quente,Trial
L-3584,2025-02-22,Nao,Frio,Cancelado
L-3607,2025-07-06,Nao,Quente,Ativo
L-7055,2025-01-07,,Frio,Trial
L-1104,2025-03-06,Nao,Morno,Ativo
L-4611,2025-01-03,Nao,Quente,Cancelado
L-8687,2025-12-27,,Frio,Inativo
L-3637,2025-03-07,Nao,Quente,Cancelado
L-9731,2025-05-14,Sim,Frio,Trial
L-4923,2026-01-24,Nao,Morno,Ativo
L-3765,2025-09-09,Nao,Frio,Ativo
L-7336,2025-08-18,Nao,Morno,Trial
L-6375,2025-08-29,Sim,Quente,Ativo
L-7988,2025-04-25,Sim,Quente,Trial
L-5303,2025-12-18,,Morno,Ativo
L-8843,2025-08-19,Nao,Frio,Ativo
L-3311,2025-02-22,Sim,Frio,Cancelado
L-3378,2025-03-06,Nao,Frio,Ativo
L-4903,2025-03-11,Sim,Morno,Ativo
L-1930,2025-09-18,Sim,Quente,Trial
L-7871,2025-12-18,Sim,Morno,Inativo
L-3496,2025-03-06,Nao,Frio,Trial
L-2759,2025-11-19,Sim,Quente,Cancelado
L-7938,2026-01-07,Nao,Morno,Ativo
L-6042,2025-10-15,Nao,Quente,Inativo
L-5903,2025-09-21,Nao,Morno,Ativo
L-5418,2025-11-12,,Quente,Ativo
L-5970,2025-09-30,Nao,Morno,Cancelado
L-8175,2025-08-31,Nao,Frio,Ativo
L-1827,1900-01-01,Sim,Quente,Trial
L-7331,2025-07-07,,Morno,Ativo
L-9772,2025-11-16,Sim,Quente,Ativo
L-1547,2026-01-03,Nao,Frio,Ativo
L-8114,2025-07-28,Sim,Morno,Ativo
L-3161,2025-07-17,Nao,Frio,Ativo
L-8634,2025-04-26,Sim,Morno,Trial
L-2251,2025-02-22,Sim,Frio,Inativo
L-6155,2026-01-20,Sim,Quente,Ativo
L-9718,2025-11-11,Sim,Quente,Ativo
L-6535,2025-10-25,Sim,Quente,Ativo
L-2084,2025-02-17,Nao,Quente,Trial
L-6139,2025-02-19,Nao,Morno,Cancelado
L-5698,2025-09-06,Sim,Quente,Cancelado
L-7693,2025-08-08,,Morno,Trial
L-6165,2025-04-09,Sim,Quente,Ativo
L-8302,2025-11-09,Sim,Quente,Cancelado
L-2420,2025-08-31,Nao,Frio,Cancelado
L-3083,1900-01-01,Nao,Frio,Ativo
L-1325,2025-10-03,Nao,Morno,Trial
L-6122,2025-08-07,Nao,Frio,Ativo
L-7891,2025-08-01,,Frio,Ativo
L-7751,2025-06-26,Nao,Frio,Ativo
L-8080,2025-02-01,Sim,Quente,Ativo
L-3222,2025-02-23,Sim,Quente,Inativo
L-8008,2026-01-06,Sim,Quente,Trial
L-1992,2025-05-06,Nao,Quente,Ativo
L-3737,2025-09-03,Sim,Quente,Ativo
L-3061,2025-06-02,Sim,Morno,Cancelado
L-4422,2025-12-10,Sim,Quente,Inativo
L-6840,2025-11-20,Nao,Frio,Trial
L-1752,2025-12-26,Sim,Morno,Ativo
L-5180,2025-08-23,Sim,Morno,Ativo
L-8438,2025-02-28,Sim,Quente,Cancelado
L-1182,2025-04-29,Nao,Quente,Ativo
L-8164,2025-05-06,Nao,Morno,Cancelado
L-9091,2026-01-25,Nao,Frio,Ativo
L-9418,2025-05-19,Sim,Quente,Ativo
L-5336,2025-11-16,Nao,Morno,Ativo
L-5684,2025-06-15,Sim,Quente,Ativo
L-5119,2025-09-07,,Frio,Trial
L-1758,2026-01-20,Nao,Quente,Trial
L-8610,2025-05-06,Nao,Frio,Ativo
L-2466,2025-01-15,Sim,Quente,Trial
L-1388,2025-01-06,Sim,Morno,Trial
L-1313,2025-12-04,Sim,Morno,Trial
L-2589,2025-10-25,Sim,Morno,Trial
L-8123,2026-02-03,Sim,Quente,Ativo
L-5811,1900-01-01,Nao,Frio,Inativo
L-5045,2025-12-11,,Quente,Inativo
L-2761,2025-11-23,Sim,Frio,Trial
L-2554,2025-09-16,Sim,Morno,Cancelado
L-5364,2025-04-06,Nao,Quente,Ativo
L-7558,2025-12-27,Nao,Quente,Cancelado
L-9772,2025-10-23,,Frio,Ativo
L-9015,2025-05-26,Sim,Morno,Ativo
L-2445,2025-03-27,Nao,Quente,Cancelado
L-3834,2025-04-11,Nao,Frio,Inativo
L-2809,2025-05-19,Nao,Frio,Inativo
L-3504,1900-01-01,,Frio,Ativo
L-1740,2025-04-25,Nao,Frio,Cancelado
L-1354,2026-01-08,Nao,Frio,Ativo
L-9843,2025-01-02,Sim,Frio,Cancelado
L-6804,2025-09-21,Nao,Morno,Ativo
L-8518,2025-04-25,Nao,Morno,Ativo
L-9469,2026-01-14,Nao,Frio,Ativo
L-4703,2025-08-12,Nao,Morno,Cancelado
L-8650,2025-02-16,Nao,Frio,Cancelado
L-6049,2025-09-13,Nao,Frio,Inativo
L-6753,2025-08-21,,Frio,Trial
L-7084,2025-12-01,Sim,Morno,Inativo
L-9121,2025-02-11,Nao,Frio,Ativo
L-2122,2025-01-05,Sim,Quente,Trial
L-8237,2025-09-03,Nao,Frio,Inativo
L-1354,2025-09-16,Nao,Morno,Trial
L-3918,2026-01-11,Sim,Frio,Trial
L-1830,2025-01-28,Nao,Frio,Cancelado
L-7575,2025-11-01,Nao,Morno,Cancelado
L-7431,2025-09-25,Sim,Quente,Ativo
L-2578,2025-12-28,Nao,Morno,Inativo
L-4202,2025-05-16,Nao,Quente,Cancelado
L-4287,2025-04-13,Sim,Quente,Ativo
L-6795,2025-01-16,Nao,Frio,Ativo
L-1174,2025-04-15,Nao,Frio,Trial
L-4108,2025-03-04,Sim,Morno,Ativo
L-6483,2025-09-11,Sim,Morno,Ativo
L-4597,2025-08-26,Nao,Frio,Ativo
L-5716,2025-12-26,Nao,Quente,Trial
L-2406,2025-10-09,Sim,Morno,Ativo
L-1419,2025-07-07,Sim,Morno,Ativo
L-5262,2025-10-21,Nao,Morno,Ativo
L-5661,2025-02-10,Nao,Frio,Ativo
L-8207,2025-03-09,Nao,Frio,Ativo
L-9539,2025-12-12,Nao,Frio,Cancelado
L-4153,2025-08-12,Sim,Quente,Cancelado
L-2638,2026-01-27,Sim,Quente,Trial
L-8030,2026-01-24,Sim,Frio,Ativo
L-7134,2025-01-29,Sim,Morno,Cancelado
L-7382,2025-04-20,,Frio,Cancelado
L-7708,2025-12-05,Sim,Quente,Cancelado
L-5634,2025-02-06,Sim,Morno,Inativo
L-1724,2025-11-12,Sim,Quente,Trial
L-3100,2025-04-11,Nao,Morno,Ativo
L-5476,2025-10-15,Sim,Quente,Trial
L-1636,2025-10-17,Sim,Quente,Trial
L-9522,2025-08-06,Nao,Frio,Ativo
L-8874,2025-08-22,Sim,Quente,Ativo
L-2199,2025-11-30,Nao,Morno,Inativo
L-6810,2025-07-09,Sim,Morno,Trial
L-3539,2025-06-27,Sim,Quente,Cancelado
L-2918,2025-05-12,Sim,Quente,Ativo
L-6928,2025-10-18,Nao,Frio,Ativo
L-3290,2025-06-04,Nao,Morno,Trial
L-9387,2025-02-10,Nao,Frio,Inativo
L-3992,2025-03-02,Sim,Quente,Ativo
L-7054,2025-01-21,Nao,Morno,Cancelado
L-2151,2025-11-26,Sim,Quente,Trial
L-9970,2025-07-08,Sim,Quente,Trial
L-2148,2025-10-05,,Morno,Inativo
L-1243,2025-02-28,Nao,Frio,Trial
L-2257,2025-01-07,Nao,Frio,Ativo
L-6948,2026-01-09,Nao,Frio,Cancelado
L-6905,2025-04-12,Nao,Frio,Ativo
L-8301,2025-09-30,,Frio,Ativo
L-9388,2025-10-15,Nao,Morno,Cancelado
L-3889,2025-01-29,Sim,Quente,Cancelado
L-4859,2025-06-07,Nao,Morno,Trial
L-2295,2025-05-08,,Frio,Ativo
L-4498,2025-09-15,Nao,Frio,Ativo
L-6383,2026-01-07,,Morno,Ativo
L-7998,2025-07-07,,Frio,Ativo
L-9501,2025-04-23,Nao,Frio,Inativo
L-4643,2025-02-26,Nao,Frio,Trial
L-2462,2025-09-29,Nao,Morno,Cancelado
L-3043,2025-08-13,Sim,Morno,Trial
L-2405,2025-10-17,Sim,Frio,Ativo
L-3328,2025-07-31,Nao,Quente,Trial
L-4910,2025-09-17,Sim,Morno,Inativo
L-4011,2026-01-08,Sim,Quente,Ativo
L-5187,2025-10-23,Nao,Frio,Trial
L-7462,2025-01-27,Nao,Quente,Trial
L-6340,1900-01-01,Nao,Morno,Ativo
L-7198,2025-05-13,Sim,Quente,Trial
L-6096,2025-05-15,Sim,Quente,Trial
L-2850,2025-03-19,,Quente,Trial
L-8959,2025-07-02,,Quente,Ativo
L-9373,2025-06-26,Sim,Quente,Inativo
L-8216,2025-05-16,Sim,Morno,Trial
L-5320,2025-11-26,Sim,Quente,Ativo
L-5258,2025-06-29,Nao,Frio,Inativo
L-8485,2025-07-16,Sim,Quente,Trial
L-9810,2025-06-06,,Frio,Trial
L-5696,2025-04-24,Nao,Frio,Inativo
L-4694,2025-05-26,Sim,Quente,Cancelado
L-1297,2025-05-08,Nao,Morno,Ativo
L-9757,2025-06-28,Sim,Morno,Cancelado
L-2133,2025-09-24,Nao,Morno,Ativo
L-6945,2025-04-30,Nao,Frio,Trial
L-7883,2025-05-20,,Frio,Ativo
L-1735,2026-01-04,Nao,Quente,Trial
L-5627,2025-11-17,Nao,Frio,Cancelado
L-8375,2025-08-08,Sim,Morno,Cancelado
L-8929,2025-01-25,Sim,Quente,Trial
L-4284,2025-04-04,Sim,Quente,Trial
L-1544,2025-07-03,Sim,Quente,Inativo
L-6812,2025-02-26,Nao,Frio,Cancelado
L-3560,2025-02-21,Nao,Morno,Cancelado
L-2570,2025-12-18,Sim,Morno,Ativo
L-7695,2025-03-07,Nao,Morno,Trial
L-6705,2025-06-22,Nao,Frio,Ativo
L-2496,2025-09-14,Nao,Frio,Ativo
L-4536,2025-09-10,,Morno,Inativo
L-6319,2025-11-30,Sim,Morno,Trial
L-5874,2025-01-31,Sim,Quente,Cancelado
L-8395,2026-01-01,Nao,Frio,Ativo
L-9025,2025-01-05,Nao,Frio,Ativo
L-2129,2025-08-21,Sim,Quente,Cancelado
L-3786,2025-06-03,Nao,Frio,Inativo
L-5544,2025-03-12,Sim,Quente,Inativo
L-5588,2025-08-30,Nao,Frio,Trial
L-9342,2026-01-12,Nao,Frio,Cancelado
L-2764,2025-08-29,Sim,Quente,Ativo
L-9437,2025-06-16,,Frio,Trial
L-5785,2025-12-21,Nao,Morno,Ativo
L-4095,2025-06-24,Sim,Quente,Trial
L-2114,2025-09-23,Nao,Frio,Ativo
L-4812,2025-02-20,Nao,Frio,Ativo
L-6784,2025-06-24,Nao,Morno,Ativo
L-5300,2025-02-02,Sim,Morno,Ativo
L-7401,2025-10-02,Nao,Morno,Cancelado
L-3249,2025-01-29,,Morno,Cancelado
L-1607,2025-03-29,Sim,Quente,Ativo
L-7070,2025-10-13,Nao,Frio,Cancelado
L-9348,2025-05-21,Nao,Quente,Trial
L-4555,2025-03-06,Sim,Quente,Ativo
L-4866,2025-08-22,Sim,Quente,Ativo
L-9869,2025-05-15,Nao,Morno,Cancelado
L-3573,2025-05-12,,Frio,Cancelado
L-2606,2025-05-10,Nao,Frio,Trial
L-7063,2025-08-03,Nao,Frio,Ativo
L-2056,2025-08-21,Sim,Quente,Cancelado
L-2739,2025-01-16,Nao,Morno,Inativo
L-8452,2026-01-03,Nao,Frio,Ativo
L-3473,2025-12-16,Nao,Morno,Ativo
L-2741,2025-02-09,Nao,Morno,Ativo
L-2484,2026-01-07,Sim,Quente,Inativo
L-9378,2026-01-17,Nao,Quente,Ativo
L-9401,2025-07-16,Nao,Morno,Ativo
L-7509,2025-09-12,Sim,Quente,Trial
L-2001,2026-01-07,Nao,Frio,Ativo
L-3772,2025-06-10,Sim,Quente,Ativo
L-7958,2025-10-07,Sim,Morno,Ativo
L-8064,2025-11-29,Sim,Quente,Ativo
L-5516,2025-09-26,Nao,Quente,Ativo
L-5163,2025-06-04,,Frio,Ativo
L-4213,2026-01-16,Nao,Frio,Inativo
L-8068,2025-01-18,Nao,Quente,Trial
L-9665,2026-01-28,Sim,Morno,Ativo
L-7767,2025-03-08,Sim,Frio,Trial
L-6780,2026-01-22,Nao,Quente,Cancelado
L-1174,2025-07-03,Sim,Morno,Trial
L-6092,2025-06-08,Nao,Frio,Ativo
L-8707,2025-10-13,Nao,Frio,Cancelado
L-5696,2025-12-08,Nao,Frio,Ativo
L-1897,2025-07-09,Nao,Morno,Trial
L-5106,2025-09-11,Nao,Morno,Cancelado
L-7609,1900-01-01,Nao,Frio,Ativo
L-9708,2025-03-15,Nao,Morno,Cancelado
L-6593,2025-10-16,Nao,Frio,Cancelado
L-6270,2025-09-30,Nao,Frio,Trial
L-5992,2025-12-26,Nao,Frio,Trial
L-3174,2025-02-17,,Morno,Cancelado
L-4161,2025-08-16,,Frio,Ativo
L-4803,2025-09-14,Sim,Quente,Cancelado
L-3591,2025-08-11,Nao,Morno,Trial
L-3379,2025-06-26,Sim,Morno,Trial
L-1734,2026-01-16,Sim,Frio,Cancelado
L-2741,2025-11-25,,Frio,Ativo
L-1495,2026-01-10,Sim,Quente,Cancelado
L-1377,2025-01-26,Nao,Morno,Ativo
L-8356,2025-09-29,Nao,Morno,Ativo
L-2056,2025-08-05,Sim,Quente,Inativo
L-1875,2025-03-09,Nao,Morno,Ativo
L-6650,2025-06-26,Nao,Frio,Cancelado
L-9169,2025-07-26,Nao,Quente,Ativo
L-1344,2025-02-28,Nao,Morno,Cancelado
L-1015,2025-11-04,Nao,Frio,Cancelado
L-1110,2025-03-23,Sim,Quente,Ativo
L-4861,2026-01-16,Nao,Frio,Trial
L-3017,2025-04-20,Sim,Quente,Ativo
L-9295,2025-12-06,Nao,Quente,Trial
L-5703,2025-01-09,Sim,Quente,Ativo
L-1407,2026-01-06,Nao,Frio,Cancelado
L-5893,2025-11-14,Nao,Morno,Inativo
L-4467,2025-09-13,Nao,Frio,Trial
L-5476,2025-02-01,Sim,Quente,Ativo
L-8687,2025-06-09,Sim,Morno,Inativo
L-2055,2025-01-07,Sim,Quente,Trial
L-6389,2025-10-25,,Morno,Trial
L-2108,2025-10-16,Sim,Quente,Cancelado
L-9995,2025-01-01,Nao,Morno,Ativo
L-3999,2025-11-01,Sim,Quente,Trial
L-8599,2025-12-16,Sim,Quente,Trial
L-9456,2025-01-03,Sim,Quente,Ativo
L-4286,2025-05-31,Nao,Morno,Ativo
L-8181,2025-01-07,Nao,Frio,Trial
L-5011,2025-10-13,Sim,Quente,Trial
L-7260,2025-04-02,Nao,Frio,Cancelado
L-2101,2025-10-08,Nao,Morno,Trial
L-1755,2025-09-28,Nao,Quente,Ativo
L-1560,2025-07-26,,Frio,Ativo
L-2068,2025-05-25,Nao,Frio,Cancelado
L-4630,2025-11-24,Sim,Quente,Ativo
L-3516,2025-02-09,Nao,Morno,Trial
L-2408,2025-10-13,Sim,Morno,Cancelado
L-1737,2025-05-27,,Frio,Trial
L-8529,2025-11-25,Nao,Frio,Trial
L-9982,2025-05-11,Nao,Quente,Ativo
L-7140,2025-08-21,Nao,Quente,Trial
L-7043,2025-03-28,Nao,Frio,Ativo
L-3157,2025-09-03,Nao,Morno,Cancelado
L-2846,2026-01-03,,Frio,Ativo
L-7193,2025-04-12,Nao,Quente,Trial
L-3974,2025-04-27,Sim,Quente,Inativo
L-9531,2025-04-21,Sim,Quente,Cancelado
L-1867,2025-01-12,Nao,Frio,Ativo
L-1917,2025-09-24,Nao,Morno,Trial
L-1446,2025-02-23,Sim,Quente,Cancelado
L-2143,2025-11-23,Sim,Quente,Cancelado
L-6280,2025-09-27,Sim,Morno,Ativo
L-1880,2025-12-20,Sim,Quente,Ativo
L-8458,2025-12-08,Sim,Morno,Ativo
L-5998,2025-06-08,,Frio,Ativo
L-4288,2025-09-11,Nao,Frio,Trial
L-2868,2025-07-17,Nao,Morno,Trial
L-6442,2025-11-14,Nao,Morno,Cancelado
L-5886,2025-01-02,Sim,Morno,Inativo
L-1267,2025-01-05,Nao,Morno,Trial
L-1003,2025-12-17,Sim,Quente,Trial
L-9893,2026-01-07,Sim,Quente,Inativo
L-8190,2025-11-23,Nao,Frio,Ativo
L-5320,2025-10-29,Sim,Quente,Ativo
L-9212,2025-08-15,Sim,Quente,Ativo
L-7134,2025-12-04,Nao,Frio,Trial
L-7031,2025-12-20,Nao,Frio,Ativo
L-7867,2025-05-12,Sim,Quente,Trial
L-3527,2025-06-01,Nao,Morno,Trial
L-5517,2025-02-27,Sim,Morno,Trial
L-8568,2025-07-11,Nao,Morno,Trial
L-6827,2025-08-10,Nao,Frio,Trial
L-1759,2026-01-30,,Frio,Trial
L-3304,2025-02-16,Nao,Morno,Ativo
L-1060,2025-06-02,Sim,Morno,Inativo
L-8454,2025-11-18,Nao,Frio,Ativo
L-9854,2025-05-30,Sim,Quente,Ativo
L-1968,2025-06-08,Nao,Frio,Ativo
L-8358,2026-01-04,Nao,Frio,Ativo
L-5757,2025-06-09,Nao,Morno,Ativo
L-6306,2025-02-14,Nao,Frio,Inativo
L-7340,2025-06-30,,Quente,Ativo
L-6670,1900-01-01,Nao,Frio,Cancelado
L-4852,2025-09-15,Nao,Morno,Trial
L-8962,2025-06-29,,Quente,Ativo
L-7983,2025-04-28,Sim,Quente,Trial
L-7558,1900-01-01,Nao,Quente,Ativo
L-7117,2026-02-02,,Morno,Trial
L-7423,2025-08-20,Nao,Morno,Ativo
L-3128,2025-04-29,Sim,Morno,Ativo
L-6535,2025-05-13,Sim,Morno,Ativo
L-4123,2025-06-28,Sim,Quente,Trial
L-6507,1900-01-01,Nao,Morno,Inativo
L-7270,2025-09-05,Sim,Morno,Trial
L-1693,2025-08-09,Sim,Quente,Ativo
L-4725,2025-04-24,,Morno,Trial
L-7257,2025-04-13,Nao,Morno,Cancelado
L-2066,2025-07-14,Nao,Morno,Ativo
L-6634,2025-03-06,Nao,Quente,Ativo
L-3277,2025-06-03,Sim,Frio,Ativo
L-4834,2026-01-06,Nao,Frio,Ativo
L-6099,2025-08-01,Nao,Morno,Ativo
L-8778,2025-06-18,Sim,Quente,Ativo
L-9842,2025-01-04,Nao,Morno,Trial
L-8705,2026-01-31,Sim,Quente,Cancelado
L-4499,2025-06-14,Sim,Quente,Cancelado
L-9328,2025-04-07,Sim,Quente,Inativo
L-3467,2025-02-10,Nao,Morno,Inativo
L-8955,2026-01-10,Nao,Morno,Ativo
L-9160,2025-09-08,Sim,Quente,Cancelado
L-6300,2025-05-31,,Frio,Trial
L-8252,2025-02-21,Sim,Quente,Ativo
L-4106,2025-03-20,,Morno,Cancelado
L-6967,2025-12-27,Nao,Frio,Inativo
L-5027,2025-05-15,,Morno,Trial
L-3825,2025-11-01,Sim,Quente,Trial
L-7703,2026-01-29,Sim,Frio,Trial
L-4481,2026-01-06,Nao,Morno,Cancelado
L-9690,2025-06-30,Nao,Quente,Ativo
L-8498,2026-01-22,Sim,Morno,Ativo
L-1325,2025-08-01,,Quente,Ativo
L-9784,2025-11-18,Nao,Frio,Trial
L-2239,2025-07-20,Sim,Frio,Trial
L-5668,2025-09-03,Sim,Quente,Trial
L-5480,2025-11-07,Sim,Quente,Ativo
L-6821,2025-05-02,Sim,Frio,Inativo
L-6475,2025-07-03,Sim,Quente,Trial
L-2360,2025-06-11,Sim,Quente,Trial
L-7894,2025-03-12,Sim,Quente,Trial
L-4020,2025-06-19,Nao,Frio,Cancelado
L-4824,2025-06-04,Nao,Frio,Trial
L-4701,2025-08-08,Sim,Quente,Inativo
L-2061,2025-12-18,Nao,Frio,Ativo
L-8256,2025-02-08,Nao,Morno,Trial
L-7360,2025-06-24,Nao,Morno,Trial
L-8221,2025-10-18,Sim,Frio,Ativo
L-9628,2025-12-18,Sim,Morno,Inativo
L-4555,2025-07-09,Nao,Morno,Trial
L-9127,2025-03-21,Sim,Quente,Cancelado
L-9603,2026-01-10,Nao,Frio,Cancelado
L-9063,2025-04-02,Nao,Quente,Ativo
L-6035,2025-07-25,Nao,Frio,Cancelado
L-4411,2025-04-17,Nao,Frio,Ativo
L-6698,2025-09-27,Nao,Quente,Ativo
L-4591,2025-08-18,Nao,Morno,Ativo
L-2982,2026-01-05,Sim,Frio,Trial
L-7429,2025-01-12,Nao,Quente,Ativo
L-1049,1900-01-01,Nao,Morno,Cancelado
L-1240,2025-08-16,Nao,Frio,Cancelado
L-8331,2026-01-27,Sim,Morno,Ativo
L-6670,2025-08-07,Nao,Frio,Ativo
L-9349,2025-02-25,Sim,Quente,Trial
L-4621,2025-03-28,Sim,Quente,Trial
L-1436,2025-04-14,Sim,Morno,Cancelado
L-5523,2025-07-21,Nao,Frio,Cancelado
L-9915,2026-01-09,Sim,Quente,Inativo
L-3918,2025-03-23,Nao,Morno,Ativo
L-9088,2026-01-22,Nao,Morno,Inativo
L-8511,2025-05-17,Sim,Morno,Cancelado
L-2035,2025-10-09,Nao,Morno,Trial
L-9391,2025-07-02,Nao,Frio,Inativo
L-8417,2025-08-10,Nao,Morno,Cancelado
L-8908,2025-02-21,Sim,Morno,Ativo
L-5073,2025-06-08,Nao,Frio,Ativo
L-3252,2025-10-08,Sim,Quente,Inativo
L-1234,2025-11-11,Nao,Morno,Trial
L-6918,2025-08-06,Nao,Morno,Trial
L-4820,2025-01-13,Sim,Frio,Ativo
L-2971,2025-10-21,Sim,Quente,Ativo
L-8289,2025-11-18,Sim,Morno,Ativo
L-5812,2026-01-12,Nao,Frio,Trial
L-1247,2025-09-26,Nao,Frio,Cancelado
L-3926,2025-09-04,Nao,Frio,Cancelado
L-6805,2025-12-05,Nao,Morno,Cancelado
L-6802,2025-07-24,Nao,Frio,Inativo
L-6465,2025-07-07,Nao,Frio,Ativo
L-8898,2025-02-18,Nao,Morno,Ativo
L-9250,2025-02-03,Sim,Quente,Inativo
L-7764,2025-03-29,Sim,Frio,Inativo
L-7059,2025-09-26,,Frio,Ativo
L-6288,2025-03-01,Sim,Morno,Trial
L-4378,2026-01-31,Sim,Quente,Inativo
L-1728,2025-08-10,Nao,Quente,Inativo
L-3879,2025-08-22,Sim,Morno,Ativo
L-3009,2025-05-16,Nao,Quente,Ativo
L-9509,2025-12-30,Nao,Morno,Trial
L-6630,2025-05-16,Nao,Frio,Ativo
L-8884,2025-11-08,,Morno,Cancelado
L-6097,2025-10-07,Nao,Morno,Ativo
L-4250,2025-03-06,Sim,Quente,Inativo
L-9930,2025-06-04,Nao,Morno,Ativo
L-7711,2025-08-18,Nao,Morno,Ativo
L-9120,2025-08-27,Nao,Frio,Trial
L-2585,2025-05-30,Sim,Quente,Ativo
L-8898,2025-05-16,,Frio,Cancelado
L-2534,2025-07-14,Nao,Morno,Ativo
L-4068,2025-12-20,Sim,Quente,Trial
L-4344,2025-01-29,Sim,Morno,Ativo
L-6749,2025-12-21,Sim,Quente,Cancelado
L-6237,2025-08-24,Nao,Morno,Ativo
L-9252,2025-11-23,Sim,Morno,Ativo
L-5401,2026-01-08,Nao,Frio,Trial
L-7639,2025-01-15,Nao,Frio,Ativo
L-5686,2026-02-02,Nao,Frio,Trial
L-2616,2025-04-21,Sim,Frio,Ativo
L-3646,2025-03-15,Nao,Quente,Inativo
L-6941,2025-03-07,Nao,Frio,Trial
L-2986,2025-04-27,Sim,Morno,Ativo
L-5324,2025-08-18,Nao,Morno,Cancelado
L-6228,2025-10-08,Sim,Morno,Trial
L-5088,2026-01-04,Sim,Quente,Ativo
L-1506,2026-01-27,Sim,Morno,Cancelado
L-7813,2025-09-29,Nao,Frio,Ativo
L-8183,2025-09-18,Sim,Morno,Ativo
L-2660,2025-04-01,Nao,Frio,Trial
L-4555,1900-01-01,Sim,Morno,Trial
L-3582,2025-03-19,Nao,Morno,Ativo
L-4204,2025-06-12,,Morno,Ativo
L-2240,2025-06-22,Nao,Frio,Ativo
L-2493,2025-04-06,Nao,Frio,Trial
L-6220,2025-08-16,Sim,Quente,Cancelado
L-1107,2025-10-07,Nao,Frio,Trial
L-1885,2025-10-01,Nao,Frio,Ativo
L-9349,2025-11-07,Sim,Frio,Ativo
L-5353,2025-12-04,Sim,Quente,Cancelado
L-7812,2025-06-29,Sim,Quente,Inativo
L-3321,2026-01-07,Sim,Quente,Ativo
L-6913,2025-05-24,Sim,Quente,Ativo
L-5476,2025-07-06,Nao,Morno,Trial
L-1325,2025-09-22,Sim,Morno,Trial
L-6910,2025-03-16,Nao,Frio,Ativo
L-9742,2025-03-15,Sim,Quente,Trial
L-3188,2025-05-27,Sim,Morno,Ativo
L-2001,2025-12-06,Nao,Morno,Cancelado
L-6297,2025-07-24,Nao,Frio,Ativo
L-5003,2025-12-07,Nao,Frio,Ativo
L-6639,2025-04-27,Sim,Quente,Trial
L-6644,2025-12-11,Sim,Quente,Cancelado
L-6892,2025-01-20,Nao,Frio,Trial
L-2521,2025-05-29,,Morno,Trial
L-6413,2025-07-19,Nao,Frio,Cancelado
L-9797,2026-01-28,Nao,Morno,Inativo
L-3167,2025-11-29,Sim,Morno,Trial
L-2033,2025-09-15,Sim,Quente,Ativo
L-8408,2025-08-29,Sim,Morno,Trial
L-5042,2026-01-24,Nao,Frio,Cancelado
L-2407,2025-05-03,Sim,Morno,Ativo
L-5623,2025-07-10,Sim,Morno,Ativo
L-5523,2025-09-18,Nao,Frio,Ativo
L-2017,2025-02-06,Sim,Quente,Inativo
L-4926,2025-03-10,Sim,Frio,Ativo
L-1864,2025-05-25,,Frio,Trial
L-4128,2025-08-05,,Frio,Ativo
L-6753,2026-01-05,Sim,Quente,Ativo
L-7847,2025-08-15,Sim,Quente,Inativo
L-5391,2025-02-07,,Frio,Cancelado
L-9007,1900-01-01,Nao,Frio,Ativo
L-9996,2025-01-24,Nao,Morno,Trial
L-8069,2025-07-21,Nao,Frio,Ativo
L-5488,2025-12-22,Nao,Frio,Trial
L-4363,2025-12-14,Sim,Morno,Ativo
L-2415,2025-02-12,Nao,Morno,Ativo
L-2733,2025-10-03,Nao,Quente,Inativo
L-2941,2025-11-15,,Morno,Ativo
L-9931,2025-01-24,Nao,Frio,Cancelado
L-2876,2025-05-23,Nao,Morno,Ativo
L-1575,2026-01-28,Nao,Frio,Inativo
L-7913,2025-06-01,Nao,Frio,Inativo
L-4450,2025-11-01,Sim,Quente,Trial
L-4389,2025-09-08,Nao,Frio,Ativo
L-4517,2025-07-11,Nao,Quente,Ativo
L-8208,2025-08-20,Sim,Morno,Ativo
L-1856,2025-08-31,Nao,Frio,Inativo
L-9735,2025-06-10,Nao,Frio,Trial
L-1749,2025-09-07,Nao,Frio,Trial
L-5556,2025-05-20,Sim,Quente,Trial
L-6978,2025-04-02,Nao,Frio,Trial
L-1611,2025-12-28,Nao,Frio,Trial
L-2642,2025-06-02,Sim,Morno,Trial
L-9103,2025-03-09,Sim,Morno,Ativo
L-8806,2025-10-13,Sim,Frio,Ativo
L-7643,2025-03-06,Sim,Quente,Trial
L-4434,2025-05-18,Sim,Morno,Ativo
L-8527,2025-03-24,Nao,Frio,Cancelado
L-4499,2025-08-20,Nao,Quente,Trial
L-9478,2025-02-26,Nao,Frio,Trial
L-1471,2025-03-17,Nao,Morno,Trial
L-8756,2026-01-31,Sim,Morno,Trial
L-4560,2025-01-22,Nao,Frio,Trial
L-4966,2025-05-23,Nao,Frio,Trial
L-6445,2025-04-20,,Frio,Cancelado
L-6461,2025-01-06,Nao,Quente,Trial
L-8433,2025-03-22,Nao,Frio,Trial
L-5413,2025-09-14,Nao,Morno,Ativo
L-8217,2026-01-13,Sim,Morno,Ativo
L-4290,2025-02-13,,Quente,Ativo
L-2524,2025-03-23,Nao,Frio,Ativo
L-9985,2025-09-05,Sim,Quente,Trial
L-8426,2025-06-25,Nao,Frio,Ativo
L-3617,2025-12-09,Nao,Frio,Trial
L-8837,2026-01-01,Sim,Morno,Ativo
L-7202,2025-06-02,Nao,Frio,Ativo
L-2550,2025-09-04,Nao,Quente,Ativo
L-5943,2025-10-12,Nao,Morno,Cancelado
L-5697,2026-01-25,Nao,Frio,Ativo
L-6215,2025-11-10,Sim,Quente,Cancelado
L-2390,2025-11-01,Sim,Quente,Ativo
L-8490,2025-04-10,Nao,Frio,Ativo
L-1891,2025-06-03,Sim,Quente,Ativo
L-3460,2025-12-02,Nao,Morno,Cancelado
L-6796,2025-12-12,Sim,Quente,Trial
L-6864,2025-12-04,Nao,Morno,Ativo
L-9620,2025-12-28,Sim,Morno,Trial
L-3148,2026-01-11,,Morno,Ativo
L-5223,2025-09-17,Nao,Morno,Cancelado
L-7585,2025-06-19,,Morno,Trial
L-4346,2025-09-23,Nao,Morno,Ativo
L-7979,2025-05-16,Nao,Frio,Ativo
L-1612,2025-05-11,Sim,Quente,Ativo
L-3090,2025-05-15,Sim,Morno,Trial
L-7748,2025-05-27,Sim,Quente,Trial
L-7305,2025-06-23,Nao,Frio,Cancelado
L-1460,2025-08-02,Nao,Morno,Ativo
L-9109,2025-02-19,Sim,Quente,Ativo
L-5327,2025-10-26,Sim,Morno,Cancelado
L-9176,1900-01-01,Nao,Frio,Cancelado
L-3741,2025-05-17,Nao,Frio,Trial
L-2806,2025-10-07,Sim,Morno,Trial
L-1235,2025-01-19,Sim,Morno,Ativo
L-1793,2025-09-20,Nao,Morno,Ativo
L-1820,2026-01-18,Sim,Quente,Cancelado
L-4785,2026-01-08,Nao,Morno,Ativo
L-7001,2025-09-20,Nao,Frio,Inativo
L-5865,2025-02-13,Nao,Morno,Trial
L-3601,1900-01-01,,Morno,Cancelado
L-4806,1900-01-01,Sim,Quente,Trial
L-2815,2025-01-16,Sim,Morno,Trial
L-1469,2025-04-28,Sim,Morno,Inativo
L-7291,2025-12-25,Sim,Frio,Trial
L-1115,2025-03-21,Nao,Frio,Cancelado
L-8932,2025-05-24,Nao,Morno,Ativo
L-4769,2025-07-28,Nao,Morno,Cancelado
L-6491,2025-09-30,Sim,Quente,Ativo
L-4475,2025-10-06,Nao,Frio,Trial
L-3411,2025-01-31,Nao,Quente,Cancelado
L-6526,2026-02-04,Sim,Frio,Ativo
L-1173,2025-04-11,Nao,Quente,Trial
L-7620,2025-06-24,Nao,Morno,Ativo
L-4268,2025-04-12,Nao,Frio,Ativo
L-4618,2025-01-11,Sim,Quente,Ativo
L-5282,2025-08-26,Sim,Quente,Trial
L-2020,2025-12-14,Nao,Morno,Trial
L-6021,2026-01-20,Nao,Morno,Ativo
L-4015,2025-05-22,Sim,Quente,Trial
L-7883,2025-04-29,Nao,Frio,Trial
L-2673,2025-11-10,Sim,Morno,Ativo
L-4789,2025-08-12,Nao,Morno,Trial
L-9543,2025-10-05,Nao,Morno,Ativo
L-1615,2025-05-29,Nao,Frio,Cancelado
L-5911,2025-11-09,Nao,Frio,Inativo
L-8232,2025-07-13,Nao,Frio,Ativo
L-8126,2025-06-01,Sim,Frio,Ativo
L-8887,2025-07-05,,Frio,Ativo
L-8091,2025-08-14,Nao,Frio,Ativo
L-8199,2025-02-21,Nao,Frio,Ativo
L-8385,2026-01-18,Sim,Quente,Trial
L-3864,2025-03-11,Nao,Frio,Inativo
L-3396,2026-01-13,Sim,Frio,Ativo
L-2007,2025-09-14,Sim,Morno,Trial
L-3281,2025-08-19,Nao,Frio,Trial
L-8022,2025-07-17,Nao,Frio,Trial
L-3799,2025-09-20,Sim,Quente,Ativo
L-9587,2025-05-30,Nao,Frio,Ativo
L-5561,2025-01-22,Sim,Quente,Trial
L-2625,1900-01-01,Sim,Quente,Ativo
L-3659,2025-07-12,Sim,Quente,Ativo
L-1066,1900-01-01,Sim,Frio,Inativo
L-5635,2025-05-27,Nao,Frio,Ativo
L-1816,2025-12-01,Nao,Frio,Ativo
L-5313,2025-04-22,Nao,Morno,Ativo
L-2531,2025-01-26,Nao,Frio,Ativo
L-2439,2025-10-01,Nao,Morno,Cancelado
L-3806,2025-02-17,Sim,Frio,Cancelado
L-3137,2025-04-24,,Morno,Ativo
L-7626,1900-01-01,Nao,Morno,Cancelado
L-9464,2025-04-10,Nao,Quente,Ativo
L-7479,2025-03-03,,Frio,Ativo
L-9017,2025-03-09,Nao,Frio,Trial
L-4564,2025-07-30,Sim,Quente,Ativo
L-4353,2026-01-01,Nao,Morno,Cancelado
L-4558,2025-04-08,Nao,Frio,Ativo
L-1765,2026-01-03,Sim,Morno,Cancelado
L-3350,2025-01-19,Nao,Morno,Ativo
L-8277,2026-01-22,Nao,Morno,Inativo
L-7057,2025-05-01,Nao,Morno,Cancelado
L-8498,2025-10-18,Nao,Frio,Cancelado
L-1603,2025-05-25,Sim,Quente,Cancelado
L-3789,2025-04-06,Nao,Frio,Ativo
L-8222,2025-04-06,Nao,Quente,Ativo
L-4386,2025-08-07,Nao,Morno,Ativo
L-5209,2025-05-13,Nao,Frio,Inativo
L-2535,2025-10-15,Nao,Morno,Cancelado
L-3233,2026-01-27,Sim,Quente,Inativo
L-1365,2025-07-28,Nao,Morno,Cancelado
L-8370,2025-09-01,Nao,Quente,Inativo
L-5297,2025-10-20,Nao,Frio,Trial
L-9225,2025-01-13,Sim,Quente,Trial
L-2435,2025-08-26,Nao,Morno,Trial
L-8960,2025-01-10,Nao,Frio,Ativo
L-3474,2025-12-31,Sim,Quente,Trial
L-7059,2025-10-03,Sim,Morno,Ativo
L-8475,2025-09-10,Nao,Morno,Ativo
L-4396,2025-02-05,Nao,Frio,Trial
L-1761,2025-07-29,Nao,Frio,Ativo
L-3897,2025-05-28,Nao,Frio,Ativo
L-5931,2025-01-13,Nao,Frio,Trial
L-2568,2025-10-15,Sim,Quente,Cancelado
L-3821,2025-05-03,,Morno,Trial
L-7488,2025-12-30,,Quente,Ativo
L-9739,2025-11-10,Nao,Frio,Ativo
L-5244,2026-01-28,Nao,Frio,Trial
L-3950,2025-12-08,Sim,Morno,Ativo
L-9862,2025-10-06,Sim,Morno,Ativo
L-3331,2025-06-04,Nao,Quente,Ativo
L-3717,2026-01-03,Nao,Morno,Trial
L-9517,2025-04-25,,Morno,Ativo
L-9852,2025-01-08,Nao,Morno,Trial
L-7638,2025-04-22,Sim,Morno,Trial
L-8472,2025-08-19,Sim,Frio,Ativo
L-2799,2025-02-21,Nao,Morno,Cancelado
L-3710,2025-07-30,Sim,Quente,Trial
L-9437,2025-07-06,Sim,Quente,Ativo
L-9201,2025-11-23,,Frio,Trial
L-6579,2025-08-29,Sim,Quente,Inativo
L-8495,2025-02-10,Sim,Quente,Inativo
L-8938,2025-10-25,Nao,Frio,Ativo
L-9658,2025-02-13,Nao,Frio,Ativo
L-3578,2025-04-29,Sim,Morno,Trial
L-6337,2025-01-24,Nao,Frio,Trial
L-7987,2025-04-28,Nao,Morno,Inativo
L-1671,2025-04-07,Nao,Quente,Ativo
L-8745,2025-08-02,,Frio,Inativo
L-5624,2025-05-01,Nao,Morno,Trial
L-3577,2025-10-17,Nao,Morno,Trial
L-8994,2025-03-29,Nao,Frio,Inativo
L-3978,2025-09-25,Nao,Frio,Inativo
L-7197,2025-07-05,Nao,Frio,Trial
L-4646,2025-06-21,Nao,Morno,Trial
L-6576,2025-08-04,Nao,Quente,Ativo
L-5253,2025-06-20,Nao,Morno,Trial
L-3770,2025-01-28,Nao,Morno,Ativo
L-5733,2025-04-19,Sim,Quente,Trial
L-6340,2025-03-04,Sim,Morno,Ativo
L-7362,2025-08-25,,Frio,Cancelado
L-8667,2025-08-16,Sim,Frio,Ativo
L-2345,2025-09-21,Nao,Morno,Cancelado
L-5034,2025-12-16,Nao,Frio,Ativo
L-5143,1900-01-01,Nao,Morno,Trial
L-9913,2025-02-20,Nao,Quente,Ativo
L-9936,2025-08-30,Nao,Frio,Inativo
L-6727,2025-05-15,,Frio,Trial
L-4561,2025-10-24,Nao,Frio,Trial
L-7892,2025-05-24,,Quente,Ativo
L-7785,2025-03-26,Sim,Quente,Ativo
L-8817,2025-02-20,,Morno,Cancelado
L-9172,2025-07-07,Sim,Quente,Cancelado
L-3214,2026-02-03,,Quente,Inativo
L-4195,2025-10-20,Nao,Morno,Trial
L-4583,2025-03-30,Sim,Quente,Ativo
L-8377,2025-04-22,Sim,Quente,Trial
L-1356,2025-01-08,Nao,Quente,Trial
L-2658,2025-04-03,,Frio,Cancelado
L-2112,2025-07-25,Nao,Frio,Ativo
L-8595,2025-07-23,Sim,Quente,Ativo
L-8940,2025-09-17,Sim,Frio,Ativo
L-2798,2025-07-02,Sim,Morno,Trial
L-8657,2025-04-23,Sim,Quente,Cancelado
L-3102,2025-04-22,Sim,Quente,Ativo
L-2059,2025-07-06,Nao,Frio,Ativo
L-2341,2025-08-07,Nao,Frio,Trial
L-7567,2025-02-03,Sim,Quente,Cancelado
L-1177,2025-02-21,Nao,Quente,Trial
L-8894,2025-01-30,Sim,Quente,Trial
L-8744,2025-01-09,Nao,Frio,Ativo
L-2332,2025-04-20,Nao,Morno,Cancelado
L-8466,2025-11-04,Sim,Quente,Trial
L-2152,2025-01-07,Nao,Frio,Ativo
L-9990,2025-01-28,Nao,Morno,Inativo
L-9383,2025-11-13,Nao,Frio,Trial
L-5412,2025-02-01,Nao,Frio,Trial
L-6435,2025-10-28,Nao,Frio,Inativo
L-1375,2025-01-17,Nao,Quente,Trial
L-5683,2025-08-05,Sim,Quente,Trial
L-5059,2025-07-14,Nao,Frio,Ativo
L-4211,2025-01-15,,Quente,Cancelado
L-1177,2025-09-22,Nao,Frio,Cancelado
L-8630,2025-11-09,Sim,Frio,Cancelado
L-1698,2025-12-19,Nao,Morno,Trial
L-1788,2026-01-19,Sim,Morno,Ativo
L-5987,2025-01-18,Nao,Frio,Ativo
L-5580,2025-02-26,Sim,Morno,Trial
L-5817,2025-04-26,Nao,Quente,Ativo
L-3543,1900-01-01,Sim,Quente,Trial
L-4942,2025-12-29,Sim,Morno,Ativo
L-8455,2025-04-01,Sim,Morno,Cancelado
L-5173,2025-12-18,,Frio,Trial
L-2750,2025-10-25,Nao,Frio,Inativo
L-6076,2025-11-27,Sim,Quente,Ativo
L-9472,2025-11-12,Nao,Morno,Ativo
L-2224,2025-04-08,Sim,Quente,Cancelado
L-6480,2025-02-26,Nao,Quente,Trial
L-1999,2025-08-28,Sim,Morno,Ativo
L-7176,2025-06-27,Nao,Morno,Ativo
L-3493,2026-01-07,Nao,Quente,Trial
L-8795,2025-09-08,Sim,Morno,Ativo
L-8483,2025-09-22,Nao,Morno,Ativo
L-9697,2025-05-02,Nao,Morno,Ativo
L-9975,2025-10-04,Sim,Morno,Trial
L-8235,2025-10-04,Nao,Morno,Ativo
L-7233,2025-10-04,Nao,Frio,Ativo
L-5322,2025-04-18,Sim,Quente,Ativo
L-9179,2025-06-12,Nao,Frio,Trial
L-9159,2025-03-11,Sim,Quente,Cancelado
L-4309,2025-07-31,Sim,Quente,Ativo
L-1695,1900-01-01,Nao,Frio,Inativo
L-6652,2026-01-17,Nao,Frio,Ativo
L-8854,2025-11-01,Sim,Quente,Inativo
L-2822,2026-01-19,Nao,Frio,Ativo
L-6961,2025-05-08,Nao,Morno,Inativo
L-2420,2025-10-31,Nao,Frio,Trial
L-5316,2026-01-19,Sim,Quente,Ativo
L-1389,2025-12-01,Sim,Quente,Ativo
L-1844,2025-07-25,Nao,Morno,Cancelado
L-9186,2025-11-26,Sim,Quente,Inativo
L-7898,2025-04-14,Sim,Morno,Ativo
L-4716,2025-08-03,Nao,Quente,Ativo
L-2489,2025-02-20,Sim,Morno,Cancelado
L-9972,2025-12-15,Sim,Quente,Inativo
L-4721,2025-08-07,Sim,Morno,Ativo
L-2399,2025-03-15,Sim,Quente,Ativo
L-1023,2025-10-04,Nao,Quente,Ativo
L-6391,2025-08-05,,Frio,Inativo
L-7466,2025-04-09,Nao,Morno,Ativo
L-2181,2025-11-29,Sim,Quente,Ativo
L-4914,2025-08-05,Nao,Morno,Inativo
L-9226,2026-02-03,Nao,Frio,Ativo
L-3249,2025-06-20,Nao,Morno,Trial
L-1770,2025-02-16,Nao,Quente,Ativo
L-3238,2025-11-10,Nao,Frio,Ativo
L-4608,2025-12-16,Nao,Frio,Cancelado
L-4100,2025-07-07,Sim,Quente,Ativo
L-2805,2025-07-14,Sim,Frio,Ativo
L-7590,2025-10-14,,Frio,Trial
L-6935,2025-05-03,Nao,Quente,Cancelado
L-6082,2025-01-21,Nao,Frio,Trial
L-4145,2025-07-07,Nao,Frio,Cancelado
L-5509,2025-11-23,Nao,Quente,Trial
L-4777,2025-09-06,Nao,Morno,Trial
L-6576,2025-12-20,Sim,Quente,Ativo
L-1017,2025-03-24,Nao,Morno,Ativo
L-8202,2025-12-29,Sim,Quente,Inativo
L-5436,2025-11-16,Sim,Quente,Ativo
L-2870,2025-05-27,Nao,Quente,Cancelado
L-6345,2025-02-06,Sim,Quente,Ativo
L-4936,2025-06-30,Sim,Morno,Ativo
L-5341,2025-11-21,Sim,Morno,Ativo
L-4465,2025-11-18,Sim,Quente,Trial
L-7050,2025-06-07,Nao,Morno,Inativo
L-1937,2025-12-22,Nao,Frio,Ativo
L-8944,2025-03-24,Nao,Frio,Ativo
L-4610,2025-06-09,Sim,Quente,Ativo
L-7463,2025-08-14,Nao,Frio,Ativo
L-6165,2025-10-31,Sim,Quente,Trial
L-2903,2025-06-17,Nao,Morno,Inativo
L-5964,2025-10-16,Nao,Frio,Trial
L-5814,2025-09-11,Nao,Quente,Trial
L-9700,2026-01-11,Nao,Morno,Ativo
L-8815,2025-05-16,Sim,Morno,Trial
L-6012,2026-01-31,Sim,Quente,Ativo
L-7265,2025-03-15,Nao,Morno,Ativo
L-9606,2025-08-19,Nao,Frio,Ativo
L-6310,2025-11-07,Sim,Morno,Trial
L-7035,2025-08-04,Sim,Quente,Cancelado
L-6413,2026-02-03,Sim,Frio,Trial
L-4578,2025-01-24,Sim,Quente,Inativo
L-3032,2025-07-07,Sim,Frio,Ativo
L-6068,2025-06-15,Nao,Frio,Ativo
L-3739,2025-02-09,Sim,Morno,Ativo
L-8658,2026-01-17,Sim,Morno,Ativo
L-4233,2025-08-02,Sim,Morno,Ativo
L-6713,2025-11-14,Nao,Frio,Ativo
L-3075,2025-05-24,Nao,Morno,Ativo
L-4101,2025-09-30,Nao,Frio,Ativo
L-6030,2025-09-13,Sim,Quente,Trial
L-7747,2025-01-18,Nao,Frio,Cancelado
L-5637,2025-03-23,Nao,Morno,Cancelado
L-9569,2025-12-02,Nao,Frio,Trial
L-1773,2026-02-03,Sim,Morno,Ativo
L-7292,2025-11-25,Nao,Frio,Ativo
L-9716,2025-06-22,Sim,Quente,Ativo
L-6818,2025-09-11,Nao,Morno,Inativo
L-2546,2025-11-05,Nao,Morno,Trial
L-8638,2025-06-30,Nao,Frio,Ativo
L-7409,2025-01-07,,Frio,Trial
L-7226,2025-02-09,Sim,Quente,Cancelado
L-2231,2025-09-18,Nao,Frio,Trial
L-2635,2025-12-19,Sim,Quente,Trial
L-1920,2025-10-18,Nao,Frio,Trial
L-8506,2025-06-02,Nao,Quente,Trial
L-1062,2025-05-16,Nao,Morno,Trial
L-2630,2026-01-13,Nao,Morno,Ativo
L-2917,2025-04-17,Sim,Morno,Ativo
L-2999,2025-01-02,Nao,Morno,Trial
L-4496,2025-10-27,Sim,Quente,Trial
L-8773,2025-01-01,Nao,Frio,Ativo
L-8447,2025-09-21,Sim,Quente,Cancelado
L-1160,2025-06-18,,Morno,Cancelado
L-5712,2025-01-17,Sim,Quente,Cancelado
L-5208,2025-10-08,Nao,Frio,Trial
L-8548,2025-12-12,Sim,Frio,Ativo
L-5520,2025-05-22,Nao,Frio,Cancelado
L-9375,2025-09-06,Sim,Quente,Trial
L-3670,2025-03-30,Sim,Morno,Ativo
L-5769,2025-09-15,Nao,Quente,Trial
L-6478,2025-06-09,Sim,Morno,Trial
L-8057,2026-02-03,Sim,Frio,Ativo
L-5694,2025-01-07,Nao,Frio,Cancelado
L-1856,2025-12-31,Nao,Frio,Ativo
L-4683,2025-07-13,Sim,Morno,Ativo
L-3444,2025-02-12,Nao,Morno,Inativo
L-1981,2025-10-25,Nao,Morno,Ativo
L-5746,2025-04-17,Nao,Frio,Inativo
L-5074,2025-10-02,Nao,Frio,Ativo
L-2252,2025-04-26,Nao,Frio,Trial
L-6371,2025-08-08,Sim,Quente,Ativo
L-9132,2025-03-30,,Morno,Ativo
L-5567,2025-04-03,Nao,Frio,Trial
L-7939,2025-01-07,Nao,Morno,Ativo
L-8388,2025-10-23,Nao,Frio,Trial
L-2903,2025-04-26,Nao,Frio,Trial
L-1439,2026-01-20,Nao,Morno,Ativo
L-8411,2025-04-20,Sim,Quente,Ativo
L-2941,2025-03-04,Sim,Quente,Ativo
L-4644,2025-08-19,,Frio,Ativo
L-4670,2025-01-19,Sim,Morno,Ativo
L-3140,2025-10-17,Sim,Frio,Cancelado
L-8989,2025-02-07,,Morno,Trial
L-1087,2025-08-06,Nao,Frio,Ativo
L-9328,1900-01-01,Sim,Frio,Inativo
L-7493,2025-12-26,Sim,Quente,Ativo
L-1031,2025-06-07,Sim,Quente,Cancelado
L-4174,2025-04-28,,Frio,Ativo
L-8253,2025-09-14,Nao,Frio,Ativo
L-7503,2025-02-17,,Frio,Ativo
L-5954,2025-02-28,Nao,Quente,Ativo
L-9934,2025-04-05,Sim,Quente,Trial
L-2668,2026-01-20,Sim,Quente,Trial
L-8811,2025-12-27,,Frio,Cancelado
L-9841,2025-04-22,,Frio,Trial
L-3235,2025-07-01,Nao,Morno,Trial
L-1827,2025-12-26,Nao,Frio,Ativo
L-2986,2025-11-21,Sim,Morno,Ativo
L-1321,2025-07-12,Nao,Quente,Cancelado
L-3002,2025-10-08,Nao,Morno,Trial
L-4886,2025-05-18,Sim,Frio,Trial
L-6472,2025-01-07,Sim,Frio,Cancelado
L-1146,2025-03-05,,Frio,Ativo
L-5290,2025-07-25,Nao,Frio,Trial
L-7938,2025-06-12,Sim,Quente,Trial
L-9827,2025-06-06,Nao,Morno,Cancelado
L-1876,1900-01-01,Nao,Frio,Ativo
L-2107,2025-01-24,,Frio,Trial
L-2857,2025-11-20,Nao,Morno,Ativo
L-5534,2025-03-03,,Morno,Ativo
L-9497,2025-02-13,Nao,Frio,Ativo
L-2530,2025-12-05,Nao,Frio,Ativo
L-3445,2025-05-28,Nao,Frio,Inativo
L-6459,2025-05-08,Nao,Morno,Cancelado
L-4721,2026-01-17,,Morno,Cancelado
L-2588,2025-07-14,Nao,Morno,Cancelado
L-3513,2025-03-29,Sim,Morno,Trial
L-5559,2025-07-13,Nao,Frio,Cancelado
L-4701,2025-07-30,Nao,Frio,Cancelado
L-7979,2025-12-01,Nao,Quente,Trial
L-2298,1900-01-01,Nao,Frio,Trial
L-8607,2025-09-23,Sim,Quente,Cancelado
L-8920,2025-10-01,Sim,Quente,Ativo
L-8152,2025-09-24,Sim,Quente,Trial
L-6815,2025-08-15,Nao,Morno,Ativo
L-7608,2025-03-11,Sim,Frio,Ativo
L-8221,2025-06-04,Nao,Frio,Trial
L-5249,2025-10-08,,Frio,Cancelado
L-7413,2025-03-26,Nao,Quente,Trial
L-7550,2025-10-02,Nao,Morno,Ativo
L-2182,2025-07-17,Sim,Quente,Trial
L-2884,2026-01-16,Nao,Morno,Ativo
L-1954,2025-02-26,Nao,Morno,Cancelado
L-9150,2025-12-18,Sim,Frio,Ativo
L-5945,2025-08-28,Sim,Quente,Inativo
L-9505,2025-06-08,Sim,Frio,Cancelado
L-6053,2025-03-17,Sim,Quente,Inativo
L-8186,2025-08-14,Nao,Morno,Ativo
L-5744,2025-11-26,Sim,Quente,Ativo
L-7289,2025-12-04,Nao,Frio,Trial
L-3236,2025-11-30,Sim,Quente,Ativo
L-6950,2025-02-14,,Frio,Trial
L-4677,2025-09-04,Nao,Morno,Inativo
L-4645,2025-12-19,Sim,Quente,Ativo
L-3571,2026-01-19,Sim,Quente,Cancelado
L-6498,2025-08-16,Sim,Quente,Ativo
L-4355,2025-12-18,Nao,Morno,Ativo
L-3298,2025-02-04,,Frio,Ativo
L-4957,2025-12-02,Nao,Morno,Ativo
L-5095,2025-04-02,Nao,Morno,Trial
L-5562,2026-01-12,Nao,Frio,Trial
L-9085,2025-10-15,Nao,Frio,Ativo
L-1200,2025-08-31,Nao,Quente,Ativo
L-9529,2025-03-05,Sim,Morno,Ativo
L-2806,2025-06-05,Nao,Frio,Cancelado
L-6113,2025-09-14,Sim,Quente,Ativo
L-8148,2025-03-09,Nao,Frio,Trial
L-2346,2025-06-25,Nao,Frio,Trial
L-5768,2025-10-29,Sim,Quente,Ativo
L-8734,2025-04-13,Nao,Morno,Ativo
L-3189,1900-01-01,Nao,Morno,Ativo
L-1345,2025-08-29,Nao,Morno,Trial
L-9486,2026-02-03,Sim,Morno,Ativo
L-2213,2025-09-07,Sim,Frio,Cancelado
L-7600,2026-01-20,Sim,Frio,Trial
L-6026,2025-11-02,Nao,Frio,Ativo
L-3082,2025-03-27,Sim,Quente,Cancelado
L-4906,2025-09-06,Nao,Frio,Trial
L-2595,2025-12-08,Nao,Morno,Cancelado
L-7436,2025-01-28,Nao,Frio,Trial
L-6815,2025-04-27,Nao,Frio,Ativo
L-1630,2025-10-23,Sim,Morno,Trial
L-4079,2025-03-02,Nao,Morno,Ativo
L-2929,2025-08-13,Nao,Morno,Ativo
L-2580,1900-01-01,,Frio,Trial
L-4665,2025-09-14,Nao,Frio,Cancelado
L-1876,2025-11-14,Sim,Quente,Cancelado
L-1803,2025-04-19,Sim,Quente,Trial
L-2550,2025-02-17,,Frio,Trial
L-2940,2025-01-14,Sim,Quente,Inativo
L-4389,2025-01-03,Nao,Frio,Trial
L-6923,1900-01-01,Nao,Frio,Trial
L-8946,2025-12-19,Nao,Morno,Ativo
L-8913,2025-07-11,Sim,Morno,Ativo
L-5139,2025-03-08,Nao,Morno,Inativo
L-3152,2025-04-11,Sim,Morno,Ativo
L-8502,2025-02-27,Nao,Frio,Trial
L-7854,2025-06-17,,Morno,Ativo
L-1392,1900-01-01,Sim,Morno,Ativo
L-3835,2025-06-05,Nao,Frio,Cancelado
L-2680,2025-05-16,Sim,Quente,Ativo
L-2568,2025-01-07,Nao,Frio,Inativo
L-4695,2025-03-07,Nao,Frio,Ativo
L-8908,2025-08-13,Nao,Morno,Cancelado
L-5888,2025-12-11,Nao,Frio,Cancelado
L-4538,2025-02-01,Sim,Quente,Ativo
L-4669,2025-06-15,Nao,Morno,Trial
L-8479,2025-03-22,Nao,Frio,Inativo
L-8703,2025-04-18,,Morno,Cancelado
L-2935,2025-08-14,Nao,Morno,Ativo
L-2061,2025-03-20,Nao,Morno,Trial
L-1860,2025-10-13,Sim,Quente,Inativo
L-3096,2025-08-13,Nao,Morno,Trial
L-6436,2025-03-10,Sim,Quente,Trial
L-3891,1900-01-01,Sim,Quente,Ativo
L-5668,2025-03-09,,Frio,Inativo
L-4279,2025-05-12,Nao,Frio,Ativo
L-3030,2025-01-16,Sim,Quente,Ativo
L-1506,2025-04-25,Nao,Morno,Ativo
L-1061,2025-01-30,Nao,Morno,Trial
L-6316,2025-05-13,Sim,Quente,Trial
L-4985,2025-11-08,Sim,Quente,Cancelado
L-1070,2026-01-06,Sim,Quente,Inativo
L-3735,2025-09-21,Nao,Frio,Ativo
L-2620,2025-04-03,Sim,Morno,Cancelado
L-8775,2025-10-23,Nao,Frio,Trial
L-6568,2025-05-18,Nao,Morno,Ativo
L-1643,2025-04-27,Nao,Quente,Ativo
L-2308,2025-12-31,Sim,Quente,Trial
L-5484,2026-01-26,Nao,Quente,Ativo
L-9213,2025-09-25,Nao,Morno,Trial
L-8571,2025-09-02,Nao,Quente,Ativo
L-7799,2025-05-07,,Morno,Cancelado
L-4983,2025-12-31,Nao,Frio,Ativo
L-7307,2025-10-27,Nao,Quente,Ativo
L-2530,2025-10-24,Sim,Morno,Cancelado
L-4577,2025-06-28,Nao,Frio,Ativo
L-4077,2025-08-17,,Morno,Trial
L-1892,2025-09-27,Sim,Morno,Ativo
L-2388,2025-06-20,Nao,Morno,Ativo
L-1419,2025-06-28,Sim,Morno,Ativo
L-1598,2025-07-09,Nao,Frio,Ativo
L-5062,2025-03-07,Nao,Frio,Trial
L-2861,2025-01-01,Sim,Quente,Ativo
L-2993,2025-05-26,Nao,Quente,Trial
L-4785,2025-12-03,Sim,Quente,Cancelado
L-7400,2025-07-16,Nao,Frio,Cancelado
L-8641,2025-05-27,Sim,Quente,Cancelado
L-2531,1900-01-01,,Quente,Ativo
L-9442,2025-08-21,,Frio,Trial
L-2060,2026-02-03,Sim,Morno,Ativo
L-5280,2025-12-14,Nao,Morno,Trial
L-8324,2025-12-12,Nao,Quente,Trial
L-8132,2025-06-10,Sim,Quente,Inativo
L-5639,2025-02-03,Nao,Frio,Trial
L-4692,2025-06-17,Nao,Morno,Cancelado
L-7646,2026-01-23,Nao,Morno,Cancelado
L-3546,2026-01-27,,Frio,Ativo
L-4059,2025-02-15,Nao,Frio,Trial
L-5680,2025-11-01,Nao,Frio,Trial
L-6258,2026-01-15,Nao,Morno,Ativo
L-7613,2025-10-29,Sim,Morno,Cancelado
L-9686,2025-06-09,Sim,Morno,Trial
L-8004,2025-10-19,Nao,Morno,Trial
L-8540,2025-09-15,Sim,Morno,Ativo
L-7902,2025-03-27,Sim,Quente,Ativo
L-3307,2025-09-04,Sim,Morno,Inativo
L-9104,2025-08-31,Sim,Morno,Inativo
L-4975,2025-11-08,Nao,Frio,Cancelado
L-8224,2025-01-30,Sim,Morno,Cancelado
L-5581,2025-01-15,Nao,Frio,Cancelado
L-4658,2025-04-11,Sim,Morno,Ativo
L-9548,2025-09-23,Nao,Frio,Ativo
L-2689,2025-06-05,Nao,Quente,Trial
L-8202,2025-03-18,Sim,Quente,Trial
L-7303,2025-04-16,Nao,Frio,Trial
L-1484,2025-01-26,Sim,Quente,Trial
L-9900,2025-01-20,Nao,Morno,Ativo
L-8596,2025-03-17,Nao,Quente,Cancelado
L-8241,2025-10-03,Sim,Quente,Ativo
L-9400,2025-07-22,Nao,Frio,Ativo
L-2923,2025-11-26,Sim,Quente,Cancelado
L-4864,2025-10-01,Sim,Morno,Ativo
L-3246,2025-09-09,Sim,Quente,Cancelado
L-2239,2025-06-12,Sim,Quente,Ativo
L-1801,2025-10-31,,Frio,Inativo
L-5691,2025-08-18,Sim,Morno,Ativo
L-4769,2025-07-27,Nao,Morno,Ativo
L-7136,2025-04-25,Sim,Quente,Trial
L-9971,2025-06-15,,Frio,Ativo
L-8364,2025-01-07,Nao,Morno,Ativo
L-7151,2025-03-30,Nao,Quente,Ativo
L-6336,2026-01-22,Sim,Quente,Trial
L-4180,2025-08-11,Sim,Quente,Ativo
L-2203,2026-01-21,Sim,Morno,Inativo
L-7646,2025-11-29,Sim,Morno,Ativo
L-3054,2025-01-30,Sim,Quente,Trial
L-6296,2025-12-24,Sim,Quente,Cancelado
L-8163,1900-01-01,,Morno,Cancelado
L-2876,2025-11-11,Nao,Morno,Cancelado
L-3187,2025-12-12,Sim,Morno,Ativo
L-7095,2025-12-21,Nao,Frio,Ativo
L-1257,2025-08-31,Nao,Morno,Ativo
L-3296,2025-03-11,Sim,Morno,Cancelado
L-8975,2025-10-24,Nao,Morno,Trial
L-1119,2025-06-24,Sim,Quente,Inativo
L-4008,2025-07-09,Sim,Frio,Cancelado
L-7453,2025-04-04,Nao,Frio,Trial
L-2102,2025-10-12,Sim,Quente,Trial
L-3139,2025-10-14,Nao,Frio,Ativo
L-5224,2025-09-13,Nao,Frio,Inativo
L-3747,2025-09-20,Nao,Frio,Trial
L-6242,2025-01-15,Sim,Quente,Trial
L-8737,2025-09-24,Nao,Frio,Ativo
L-9820,2025-04-16,Nao,Frio,Trial
L-9484,2025-07-03,Nao,Frio,Trial
L-3995,2025-03-08,Nao,Frio,Trial
L-9567,2025-11-09,Sim,Frio,Ativo
L-7786,2026-01-07,Nao,Frio,Cancelado
L-2140,2025-04-28,Sim,Morno,Trial
L-2185,2025-01-20,Nao,Morno,Trial
L-7683,2025-12-21,Sim,Quente,Cancelado
L-4395,2025-11-14,,Morno,Ativo
L-5451,2025-05-13,Nao,Frio,Cancelado
L-2175,2025-06-20,Sim,Quente,Ativo
L-3246,2026-01-08,Sim,Quente,Trial
L-6045,2025-10-16,Sim,Morno,Ativo
L-8227,2025-10-28,Nao,Frio,Ativo
L-6407,1900-01-01,Nao,Frio,Ativo
L-4554,2025-04-30,,Morno,Ativo
L-5977,2025-03-10,,Frio,Trial
L-5526,2025-10-18,Nao,Morno,Ativo
L-7421,2025-04-14,Sim,Frio,Trial
L-2107,2025-09-14,,Morno,Cancelado
L-1530,2025-06-01,Nao,Morno,Ativo
L-1119,2025-10-05,Nao,Frio,Inativo
L-2745,2025-07-02,Sim,Quente,Trial
L-2752,2025-01-12,Nao,Frio,Ativo
L-1000,2025-11-18,Nao,Morno,Cancelado
L-9980,1900-01-01,Nao,Frio,Ativo
L-5695,2025-09-06,Sim,Quente,Trial
L-4754,2025-07-02,Nao,Morno,Trial
L-9404,2025-08-22,Nao,Frio,Trial
L-8916,1900-01-01,Sim,Morno,Trial
L-9800,2026-01-09,Nao,Morno,Ativo
L-9979,2025-03-26,Sim,Morno,Cancelado
L-2774,2026-01-31,Sim,Quente,Cancelado
L-4472,2025-06-17,,Quente,Ativo
L-1427,2026-01-31,Nao,Quente,Inativo
L-5958,2025-09-18,,Frio,Trial
L-3027,2026-01-10,,Quente,Trial
L-9590,2025-01-09,Sim,Morno,Cancelado
L-8304,2025-07-20,Nao,Frio,Trial
L-4222,2025-01-20,Nao,Frio,Ativo
L-7140,2025-01-31,Nao,Quente,Ativo
L-3969,2025-07-30,Sim,Quente,Cancelado
L-3868,2026-01-28,Sim,Morno,Trial
L-6280,2026-01-19,Nao,Morno,Ativo
L-9626,2025-12-18,Sim,Quente,Inativo
L-1913,2025-03-11,Sim,Quente,Ativo
L-6420,2025-05-03,Nao,Quente,Ativo
L-3410,2025-12-03,,Morno,Trial
L-1420,2025-07-24,Sim,Morno,Trial
L-6267,2025-01-08,Nao,Morno,Trial
L-4598,2025-04-10,Nao,Frio,Cancelado
L-8079,2025-04-27,Nao,Frio,Cancelado
L-4839,2025-03-22,Sim,Morno,Trial
L-4714,2025-02-03,Nao,Frio,Ativo
L-8023,2026-01-09,Sim,Quente,Ativo
L-5040,2025-02-18,Sim,Quente,Ativo
L-5486,2025-03-24,Sim,Morno,Ativo
L-8112,2025-08-19,Nao,Frio,Trial
L-7082,2025-05-31,Sim,Quente,Trial
L-6070,2025-04-04,Sim,Quente,Inativo
L-7312,2025-07-21,Sim,Quente,Ativo
L-4012,2025-01-31,,Frio,Trial
L-4823,2025-12-01,Sim,Quente,Ativo
L-4092,2025-01-17,Sim,Morno,Ativo
L-7779,2025-11-23,Nao,Morno,Trial
L-6606,2025-03-04,Nao,Morno,Ativo
L-8731,2025-04-28,Nao,Morno,Cancelado
L-1447,2026-01-17,Nao,Morno,Ativo
L-5284,2025-08-05,Sim,Morno,Ativo
L-9196,2025-03-07,Sim,Quente,Ativo
L-5927,2025-06-20,Sim,Frio,Trial
L-4350,2025-02-09,Sim,Quente,Inativo
L-8981,2026-01-06,Nao,Morno,Cancelado
L-5600,2025-01-13,,Quente,Cancelado
L-1283,2025-06-17,Sim,Quente,Trial
L-5076,2025-04-17,Nao,Frio,Cancelado
L-4443,2025-04-01,Sim,Quente,Ativo
L-8052,2025-09-22,Nao,Frio,Inativo
L-4738,2025-11-11,Sim,Quente,Ativo
L-3916,2025-08-03,Nao,Frio,Cancelado
L-8368,2025-10-03,Sim,Morno,Ativo
L-6450,2025-06-01,Sim,Morno,Inativo
L-1935,2025-04-22,Sim,Quente,Trial
L-1251,2025-05-16,Sim,Quente,Ativo
L-3570,2025-07-28,Sim,Morno,Ativo
L-7278,2026-01-11,Sim,Morno,Ativo
L-4862,2025-05-07,Nao,Frio,Trial
L-5952,2025-04-04,Sim,Quente,Ativo
L-8328,2025-12-13,Nao,Morno,Ativo
L-4591,2025-06-14,Nao,Frio,Inativo
L-8190,2025-03-12,Nao,Frio,Trial
L-3187,2025-08-08,,Frio,Trial
L-3217,2026-01-10,Sim,Morno,Ativo
L-7470,2025-02-21,Sim,Frio,Trial
L-2815,2025-02-06,Nao,Morno,Trial
L-1835,2025-04-23,Nao,Frio,Ativo
L-9138,2025-07-30,Nao,Morno,Ativo
L-3418,2025-04-04,Sim,Quente,Ativo
L-5211,2026-01-28,Nao,Quente,Ativo
L-3123,2025-02-26,Sim,Quente,Ativo
L-5348,2025-02-12,Sim,Quente,Inativo
L-4268,2025-09-03,Sim,Quente,Cancelado
L-4219,2025-06-02,Nao,Quente,Trial
L-1173,2025-12-28,Nao,Morno,Cancelado
L-1801,2025-01-29,Sim,Quente,Ativo
L-1558,2025-06-23,Nao,Morno,Inativo
L-6479,2025-01-02,Nao,Frio,Trial
L-5995,2025-02-15,Sim,Morno,Ativo
L-3709,2025-09-05,,Morno,Cancelado
L-1450,2025-12-02,Sim,Quente,Ativo
L-9864,2026-01-10,Nao,Frio,Inativo
L-5826,2025-10-20,Sim,Morno,Ativo
L-9566,2025-03-20,Nao,Frio,Cancelado
L-5951,2025-03-08,Sim,Quente,Ativo
L-2657,2025-06-13,Nao,Frio,Trial
L-6731,2026-01-04,Nao,Morno,Trial
L-7706,2025-07-23,,Morno,Cancelado
L-1931,2025-11-08,Nao,Morno,Trial
L-2501,2025-02-24,Nao,Morno,Ativo
L-9420,2025-07-13,Nao,Quente,Inativo
L-3978,2025-03-02,Sim,Quente,Trial
L-8315,2025-04-12,Sim,Quente,Inativo
L-3087,2025-12-17,Sim,Quente,Cancelado
L-5712,2026-01-06,Sim,Quente,Trial
L-6237,2025-01-22,,Frio,Ativo
L-5562,2025-02-24,Sim,Frio,Trial
L-8786,2025-06-18,Nao,Frio,Trial
L-6525,2025-07-12,Sim,Quente,Ativo
L-2654,2025-06-26,Nao,Frio,Inativo
L-3339,2026-01-25,Nao,Morno,Inativo
L-8268,2025-04-14,Sim,Morno,Cancelado
L-5435,2025-01-20,Nao,Frio,Inativo
L-8722,2025-07-28,Sim,Frio,Trial
L-6627,2025-02-15,Sim,Morno,Cancelado
L-6556,2025-07-23,,Morno,Trial
L-7841,2025-02-22,Sim,Quente,Ativo
L-7202,2026-01-12,Sim,Quente,Inativo
L-8131,2025-10-17,Sim,Frio,Ativo
L-7831,2025-08-24,Sim,Quente,Ativo
L-7352,2025-03-17,Sim,Morno,Cancelado
L-4198,2025-12-22,Nao,Morno,Inativo
L-2341,2025-12-17,,Quente,Ativo
L-8396,2025-05-04,Sim,Quente,Trial
L-8013,2025-11-30,Sim,Quente,Trial
L-6249,2025-02-16,,Frio,Inativo
L-7150,2025-06-19,Nao,Morno,Ativo
L-8803,2026-01-12,Sim,Quente,Inativo
L-4155,2025-02-05,Nao,Quente,Trial
L-5921,2025-04-16,Nao,Quente,Cancelado
L-5337,2025-01-22,Nao,Morno,Ativo
L-2618,2025-01-04,Sim,Quente,Trial
L-1488,2025-12-14,Sim,Quente,Ativo
L-3568,2025-09-27,,Frio,Ativo
L-2964,2025-12-04,Nao,Frio,Cancelado
L-2503,2025-07-31,Nao,Morno,Cancelado
L-1358,2025-04-29,Nao,Morno,Cancelado
L-5130,2025-07-22,Sim,Morno,Ativo
L-6442,2025-03-31,Sim,Morno,Ativo
L-6173,2025-09-11,Nao,Frio,Inativo
L-4350,2025-08-28,Sim,Quente,Ativo
L-6186,2025-06-25,Nao,Frio,Trial
L-4294,2025-03-13,,Quente,Ativo
L-2050,2025-10-14,Nao,Morno,Cancelado
L-9209,2025-06-14,Sim,Morno,Inativo
L-9465,2025-07-09,Nao,Frio,Trial
L-3989,2025-11-16,Nao,Frio,Inativo
L-2400,2025-01-16,Sim,Frio,Cancelado
L-5873,2026-01-18,Nao,Frio,Ativo
L-9199,2025-09-15,Nao,Frio,Inativo
L-2319,2025-01-18,Sim,Morno,Trial
L-3894,2025-09-21,Sim,Quente,Trial
L-9041,2025-04-15,Sim,Quente,Trial
L-7951,2025-06-15,Nao,Morno,Trial
L-6517,2025-11-10,Nao,Morno,Trial
L-3657,2025-07-17,Sim,Quente,Cancelado
L-5332,2025-08-04,Sim,Quente,Ativo
L-2165,2025-11-26,Nao,Morno,Trial
L-4578,2025-01-24,Sim,Quente,Inativo
L-1954,2025-02-26,Nao,Morno,Cancelado
L-3038,2025-09-26,Sim,Quente,Ativo
L-4250,2025-10-04,Nao,Morno,Trial
L-6552,2025-08-28,Nao,Frio,Cancelado
L-6321,2025-11-21,Nao,Frio,Ativo
L-5311,2025-01-24,Sim,Quente,Trial
L-6727,2025-03-24,,Frio,Ativo
L-4677,2025-09-04,Nao,Morno,Inativo
L-2994,2025-08-26,Sim,Quente,Trial
L-8954,2025-06-19,Nao,Morno,Ativo
L-6436,2025-03-04,Sim,Quente,Ativo
L-9109,2026-01-26,,Frio,Ativo
L-8426,2025-06-25,Nao,Frio,Ativo
L-1052,2025-03-12,,Morno,Ativo
L-2489,2026-02-02,Sim,Quente,Ativo
L-8659,2025-03-21,Sim,Quente,Trial
L-2987,2025-02-14,Nao,Frio,Inativo
L-2439,2025-10-01,Nao,Morno,Cancelado
L-3550,2026-01-26,Sim,Morno,Trial
L-4445,2025-09-27,Nao,Frio,Ativo
L-1919,2025-10-16,Nao,Frio,Trial
L-5578,2025-09-04,Nao,Frio,Ativo
L-4086,2025-07-29,Sim,Quente,Ativo
L-3171,2025-08-05,Nao,Frio,Trial
L-9475,2025-06-16,Nao,Morno,Ativo
L-5482,2026-01-04,,Morno,Cancelado
L-2745,2025-07-02,Sim,Quente,Trial
L-4260,2025-11-24,Nao,Quente,Inativo
L-3457,2025-04-08,Sim,Quente,Trial
L-1099,2025-11-29,Nao,Morno,Ativo
L-2688,2026-01-06,Sim,Quente,Trial
L-2659,2025-06-17,Nao,Morno,Ativo
L-4314,2025-08-09,Nao,Frio,Ativo
L-6957,2025-03-28,Nao,Frio,Inativo
L-2835,2025-06-05,Nao,Morno,Inativo
L-7349,2025-11-26,Nao,Frio,Cancelado
L-2781,2025-02-28,Nao,Frio,Trial
L-9040,2025-01-08,Sim,Morno,Cancelado
L-2518,2025-06-12,Nao,Frio,Cancelado
L-3364,2025-06-29,Sim,Quente,Trial
L-8646,2025-09-22,Nao,Morno,Inativo
L-4635,2025-10-29,Nao,Frio,Trial
L-2676,2025-06-28,Sim,Morno,Trial
L-2346,2025-06-25,Nao,Frio,Trial
L-5163,2025-07-28,Nao,Morno,Ativo
